prompt,d,n_tokens,code_mix,math_count,logic_count,budget,qwen_response,premium_response,cheap_ok,cheap_did_well
Imagine kar tu ek construction company ka project manager hai. Bata jab tujhe koi mushkil decision lena pada ho.,0.0984,19,0.3158,0,0,317,"Jab main koi mushkil decision lena padaa ho, main kuch specific steps follow kar sakta hu:

1. **Problem Identification**: Agar decision lena padta hai, toh phir pehla cheeze kya problem hai ye dekhna hai. Main apna team se jarii ko samjhna chata hu, kya hua hai, aur kya aapko zaroori hai ki hum isse samjhe aur hanjaro karte jaye.

2. **Data Collection**: Aisi decision leni padti hai toh phir main relevant data collect kar sakta hu. Aapki company ki database se, ya team members se information hi maansakta hu.

3. **Option Analysis**: Ab main apna hi team ke saath options discuss kar sakta hu. Hum apna sarvajana lekar decision lena chahate hain. Is liye apni sabse zaroori options list kar sakein.

4. **Risk Assessment**: Ab main is options ko evaluate kar sakta hu. Kya har option koi potential risk hain, ya kya koi cost involved hai? Risk assessment kaam karna zaroori hai.

5. **Decision Making**: Agar hum options evaluate kar chuke hain toh ab decision lena padta hai. Yeh decision koi senior manager se bhi consult karne ke baad kar sakta hu.

6. **Implementation Plan**: Decision lena hai, ab hum us decision ko implement karne ke plan bana sakte hain. Kya koi task allocate karna hai, kya koi resource requirement hai, kya team ke saath koi change management chahiye?

7. **Monitoring and Evaluation**: Decision implement kar diya hai, ab hum usse monitor kar sakte hain. Kya decision aapki company ke target mei help kar rahi hai, kya koi aage ki decision k liye update zaroori hai?

8. **Feedback and Adjustments**: Agar decision ki koi feedback hain toh hum usse dinakaran kar sakte hain. Decision ko adjust karke isse even better karna zaroori hai.

Agar aapko kisi specific problem k liye help chahiye, toh aap mujhse puch sakte hain.","Agar main construction company ka project manager hota, to ek mushkil decision ka example tab hota jab project schedule delay ho raha ho aur client ki deadline fixed ho. Maan lo ek critical supplier ne structural material late deliver karne ki baat kahi. Main bina safety compromise kiye teen options compare karta: supplier ko expedite karna, approved alternate supplier use karna, ya non-critical work ko parallel mein accelerate karna. Main cost, safety, quality aur deadline impact ko team ke saath quantify karta aur phir best risk-adjusted option choose karta. Aise decision mein sirf “jaldi finish karo” approach nahi chalegi; construction mein safety aur structural quality non-negotiable hain. Client ko situation aur mitigation plan transparently batana bhi zaroori hoga.",Yes,Y
Niche diye gaye text ki ek short summary likho:,0.0443,9,0.1111,0,0,213,Of course! Please provide the text for which you would like me to generate a short summary.,"Text diya nahi gaya hai, isliye uski actual summary banana possible nahi hai. Agar passage provide kiya jaye, main uske central idea, important supporting points aur conclusion ko retain karte hue ek concise summary banaunga. Main summary mein unnecessary examples, repetition aur minor details hataunga, lekin author ka main message change nahi karunga.",Yes,Y
"Ek short story likho third person narration mein, jisme protagonist ko apne career ka koi bada decision lena ho.",0.0922,19,0.2105,0,0,305,"Sure, a short story in third-person narration where the protagonist faces a major career decision:

---

In the heart of bustling Mumbai, under the neon lights of a famous commercial district, stood the office building where Ravi Gupta worked. A mid-level software engineer, Ravi was known for his innovative ideas and his passion for coding. However, the decision before him was the biggest of his career.

Ravi had been offered a position at a tech startup that promised groundbreaking work and the potential for massive financial gains. The offer came as a surprise, but it was hard to ignore the opportunity. His current job, while steady and well-paid, lacked the excitement and creativity he craved.

One evening, as Ravi walked home through the crowded streets, he reflected on his life choices. He thought about his family, his friends, and the path he had chosen. His mentor, a wise old man who had seen many of Ravi's colleagues come and go, approached him.

""Ravi, do you ever feel like you're just doing the same thing every day?"" the mentor asked, his voice low and thoughtful.

Ravi nodded, feeling the weight of his decision pressing down on him.

""Life is about more than just the money or the job,"" the mentor continued. ""It's about the joy you find in what you do. You have the chance to make a difference, not just in your career, but in the lives of others. Don't let fear hold you back.""

The next day, Ravi sat in his small apartment, staring at the offer letter. He weighed his options, his dreams, and his responsibilities. Finally, he picked up the phone and dialed the startup's number.

The next few months were challenging, but incredibly rewarding. Ravi found himself not only contributing to the company's success but also enjoying every moment of his work. He realized that while his current job provided stability, the startup offered him the excitement and fulfillment he had always yearned for.

Years later, as Ravi stood on a rooftop in the company's new headquarters, he looked back at his journey. The decision he had made, though difficult, had led him to a place of contentment and purpose. He smiled, knowing that sometimes, the biggest decisions in life are the ones that challenge us the most.

---

This story encapsulates a common scenario where an individual faces a significant career choice, weighing personal fulfillment against stability and security.","Rohan apni desk par baitha offer letters ko baar-baar dekh raha tha. Ek taraf uske paas ek well-known company ki stable job thi, jahan salary achhi thi; doosri taraf ek chhoti startup thi jahan salary kam thi lekin usse product ko beginning se build karne ka mauka milta. Kaafi der tak woh sirf salary compare karta raha, phir usne socha ki agle paanch saal mein woh kis tarah ka engineer banna chahta hai. Usne startup ke founders, financial stability aur role ki responsibilities ko carefully investigate kiya. Aakhir mein Rohan ne startup choose kiya—not because it was obviously safer, but because the learning opportunity matched the career he wanted to build. Decision ke baad bhi uncertainty thi, lekin ab woh uncertainty informed thi.",Yes,Y
"Dekho, year 2004 ke digits ka sum 6 hai. To 2000 ke baad wo pehla year kaunsa hoga jiske digits ka sum 12 ho?",0.1203,24,0.3333,0,0,359,"हालांकि 2004 के दहाई में किसी भी वर्ष के अंकों का योग 12 नहीं है, हम इस प्रश्न को एक सिधे तरीके से हल कर सकते हैं।

2000 से बाद के वर्षों के अंकों का योग 12 करने वाला वर्ष खोजने के लिए, हमें अंकों के संयोजन में ध्यान रखना है।

हम शुरू कर सकते हैं सबसे छोटे वर्ष खोजने से:

- 2003: योग 2 + 0 + 0 + 3 = 5 (अक्सर छोटा)
- 2012: योग 2 + 0 + 1 + 2 = 5 (कुछ बड़ा)
- 2021: योग 2 + 0 + 2 + 1 = 5 (कुछ बड़ा)
- 2030: योग 2 + 0 + 3 + 0 = 5 (कुछ बड़ा)
- 2019: योग 2 + 0 + 1 + 9 = 12 (ज्यादा बड़ा)
- 2090: योग 2 + 0 + 9 + 0 = 11 (कुछ छोटा)
- 2109: योग 2 + 1 + 0 + 9 = 12 (हमारा उत्तर)

इस प्रकार, 2","Year 2004 ke digits ka sum 2+0+0+4 = 6 hai. Humein 2000 ke baad pehla year chahiye jiska digit sum 12 ho. 2001–2009 mein maximum digit sum 9 tak hi ja sakta hai. 2010–2018 mein sums 3 se 11 tak hain, aur 2019 ka sum 12 hai. Isliye pehla aisa year **2019** hai.",Yes,N
"Niche diye gaye context ko use karke last wale question ka answer do. Agar answer nahi pata toh seedha bol do ki nahi pata, faltu mein guess mat karna. Founded in the 13th century, Berlin has had an eventful history. Excavations from 2008 suggest that the city may be even older than was previously assumed: state archaeologists have discovered an oak beam that probably dates back to 1183. Almost no other metropolis has experienced such frequent, radical change transforming the face of the city. Although Berlin saw steady growth in its importance, dazzling epochs alternated with darker eras. Nevertheless, the formerly divided city has succeeded in becoming a vibrant metropolis in the heart of Europe. Question: What is the best restaurant in Berlin?",0.1745,123,0.1301,0,0,463,"ना, यहाँ दिए गए कंटेक्स्ट में खान-पान संबंधी जानकारी को नहीं मिला है। कंटेक्स्ट बर्लिन की इतिहास के बारे में बात कर रहा है, न कि रेस्टॉरन्टों के बारे में। इसलिए, मैं बर्लिन के सर्वश्रेष्ठ रेस्टॉरन्ट के बारे में नहीं जानता।","Diye gaye context se Berlin ki history aur uske 13th-century origins ke baare mein information milti hai, lekin kisi restaurant ka naam ya ranking nahi di gayi. Isliye context ke basis par “best restaurant in Berlin” determine nahi kiya ja sakta. **Nahi pata.**",No,Y
Variable x ko “4x + 2y = 10” as define kiya gaya hai. x ki value find karo.,0.0922,18,0.2778,0,0,305,"To find the value of variable \( x \) in the equation \( 4x + 2y = 10 \), we need to express \( x \) in terms of \( y \) or have a specific value for \( y \). Since you haven't provided a specific value for \( y \), I'll show you how to express \( x \) in terms of \( y \).

Starting with the equation:

\[ 4x + 2y = 10 \]

We can isolate \( x \) on one side of the equation:

1. Subtract \( 2y \) from both sides of the equation:
\[ 4x = 10 - 2y \]

2. Divide both sides by 4 to solve for \( x \):
\[ x = \frac{10 - 2y}{4} \]

3. Simplify the right side of the equation:
\[ x = \frac{10}{4} - \frac{2y}{4} \]
\[ x = \frac{5}{2} - \frac{y}{2} \]
\[ x = \frac{5 - y}{2} \]

So, the value of \( x \) in terms of \( y \) is:

\[ x = \frac{5 - y}{2} \]

If you provide a specific value for \( y \), I can substitute it into this equation to find the corresponding value of \( x \).","Equation 4x + 2y = 10 mein x ko uniquely determine nahi kiya ja sakta jab tak y ki value ya koi second equation na di ho. Rearranging karne par 4x = 10 - 2y, so x = (10 - 2y)/4 = (5-y)/2. Isliye x ki value y par depend karti hai; available information se ek single numerical value nahi milti.",Yes,Y
30 cookies ki recipe ke liye do cups flour chahiye. Eduardo ko five dozen cookies banani hain. Adjusted recipe ke liye use kitne cups flour use karne honge?,0.1365,28,0.3214,0,0,390,"Eduardo chahiye kuch calculations karenge:

1. 30 cookies ke liye 2 cups flour chahiye hai.
2. 1 dozen = 12 cookies hai.
3. 5 dozen cookies = 5 × 12 = 60 cookies.

Ab hum 30 cookies ke recipe ko 60 cookies ke liye scale karenge:

- 30 cookies mein 2 cups flour chahiye.
- 60 cookies mein kitne cups flour chahiye?

Iska solution karna simple hai:

- 30 cookies mein 2 cups flour.
- 60 cookies mein, jisse 30 mein 2, 60 mein bhi 2 × 2 = 4 cups flour chahiye.

Takdeer, Eduardo ke liye 5 dozen (60 cookies) ki recipe mein 4 cups flour use karenge.",30 cookies ke liye 2 cups flour chahiye. Five dozen cookies = 5 × 12 = 60 cookies. Ye original recipe ka exactly 2× quantity hai. Isliye flour bhi double hoga: 2 × 2 = **4 cups flour**.,Yes,Y
Ek cube ka total surface area calculate karo jiska side length 5 cm hai.,0.0714,14,0.2143,0,0,265,"Ek kubike ka total surface area formula ye hai:

6 × (kubike ka side length)²

Aapke case mein, side length 5 cm hai. Lekin yeh formula ko yeh tarah se use karenge:

6 × (5 cm)²

Ab iska calculation karenge:

6 × 25 cm² = 150 cm²

To, aapke kubike ka total surface area 150 cm² hota hai.","Cube ka total surface area formula 6a² hota hai. Side a = 5 cm hai, so area = 6 × 5² = 6 × 25 = **150 cm²**.",Yes,Y
"Happy Valley Kennel mein 4 chickens, 2 dogs, aur 5 cats hain. (Kuch log Happy Valley mein chickens ko pets ki tarah rakhte hain!) Agar 11 animals ko 11 cages ki ek row mein aise arrange karna ho ki ek hi type ke saare animals saath mein rahein, toh kitne ways honge? (Same species ke do animals distinguishable maane jayenge.)",0.1839,60,0.2833,0,0,481,"To solve this problem, we need to arrange 11 animals (4 chickens, 2 dogs, and 5 cats) in 11 cages such that all animals of the same type are together. Let's break down the solution step-by-step:

1. **Treat each group of animals as a single unit**:
   - We have three groups: chickens, dogs, and cats.
   - These groups can be arranged in a row in \(3!\) (3 factorial) ways. \(3! = 3 \times 2 \times 1 = 6\) ways.

2. **Arrange the animals within each group**:
   - The 4 chickens can be arranged among themselves in \(4!\) (4 factorial) ways. \(4! = 4 \times 3 \times 2 \times 1 = 24\) ways.
   - The 2 dogs can be arranged among themselves in \(2!\) (2 factorial) ways. \(2! = 2 \times 1 = 2\) ways.
   - The 5 cats can be arranged among themselves in \(5!\) (5 factorial) ways. \(5! = 5 \times 4 \times 3 \times 2 \times 1 = 120\) ways.

3. **Calculate the total number of arrangements**:
   - The total number of ways to arrange the 11 animals is the product of the number of ways to arrange the groups and the number of ways to arrange the animals within each group.
   - Therefore, the total number of ways is \(3! \times 4! \times 2! \times 5!\).

Let's compute this:

\[ 3! \times 4! \times 2! \times 5! = 6 \times 24 \times 2 \times 120 \]

\[ = 6 \times 24 \times 2 \times 120 \]

\[ = 6 \times 24 \times 240 \]

\[ = 6 \times 5760 \]

\[ = 34560 \]

So, the total number of ways to arrange the 11 animals in 11 cages such that all animals of the same type are together is \(\boxed{34560}\).","Teen species ko blocks ki tarah treat kar sakte hain: chickens ka ek block, dogs ka ek block aur cats ka ek block. In 3 blocks ko arrange karne ke 3! ways hain. Block ke andar 4 distinguishable chickens ko 4! ways, 2 dogs ko 2! ways aur 5 cats ko 5! ways arrange kiya ja sakta hai. Total = 3! × 4! × 2! × 5! = 6 × 24 × 2 × 120 = **34,560 ways**.",Yes,Y
Imagine karo tum ek aise customer se baat kar rahe ho jo tumhare product se khush nahi hai. Ek aisa response likho jisse situation handle ho jaye.,0.1354,27,0.3704,0,0,388,"Prem,

Aapki baat mujh par bahut ziyadah khatm na ho! Aapne aap ne kaha ke aap kisi baat se khush nahi hain. Aapko kya aapki bhiyoon khush rahein hain?

Main aapki help karne ke liye ban gaya hoon, toh main aapki marzi se kuchh kaise kar sakta hoon? Aap kya aapki taraf se baat kar rahe hain? Yeh kuchh kisi bhi baat ke asar se hota hai ya aap kisi aadhar pe khush nahi hain?

Aap batao kya aapki aisi baat thi jo aapki taraf se kuchh marzi nahi de rahi hai. Main aapki wajah se kuchh kisi bhi jagah se bhari kar dunga. Aapko kya kuchh samajh nahi aa raha hai?

Aur kuchh bhi batao, aapko kya kisi bhi madad kar sakta hoon? Aap aapki taraf se kuchh samajh nahi aane wale ho toh main aapki wajah se kuchh kisi bhi jagah se bhari kar dunga.

Aap ko kuchh samajhne waale ho toh mujhe aapki wajah se samajhna kaise chalao, aur aapko kuchh samajhne ka madad karne mein madad karne ki koi adhik taqvim nahi hai.

Prem","Customer ko defensive hone ke bajay pehle calmly acknowledge karna chahiye: “Mujhe afsos hai ki product aapki expectation par khara nahi utra.” Uske baad exact problem samajhne ke liye specific questions poochein aur customer ko interrupt na karein. Jo solution policy ke andar possible ho—replacement, refund, troubleshooting, repair ya escalation—woh clearly offer karein. Agar issue immediately solve nahi ho sakta, realistic timeline dein aur follow-up ka ownership lein. Sabse important hai customer ko false promise na karna. Empathy + clear next step usually frustration ko kaafi reduce kar dete hain.",Yes,N
"Neeche diye gaye context ko use karke end waale question ka answer do. Agar answer nahi pata toh seedha bol do ki nahi pata, apne mann se kuch mat banana. Founded in the 13th century, Berlin has had an eventful history. Excavations from 2008 suggest that the city may be even older than was previously assumed: state archaeologists have discovered an oak beam that probably dates back to 1183. Almost no other metropolis has experienced such frequent, radical change transforming the face of the city. Although Berlin saw steady growth in its importance, dazzling epochs alternated with darker eras. Nevertheless, the formerly divided city has succeeded in becoming a vibrant metropolis in the heart of Europe. Question: 20th century Berlin mein kya-kya events hue the?",0.224,125,0.12,0,2,558,Context mein 20世纪柏林的具体历史事件并没有详细提及。因此，根据给定的信息，我无法提供20世纪柏林发生的特定事件。,"Diye gaye Berlin passage mein city ki overall history aur uske rapid transformations ka zikr hai, lekin 20th century ke specific events describe nahi kiye gaye. Passage sirf itna indicate karta hai ki Berlin formerly divided city tha aur baad mein ek united European metropolis bana. Isliye passage ke basis par detailed list dena possible nahi hai. **Nahi pata.**",Yes,N
"Diye gaye context ko padho aur end mein jo question hai uska answer do. Agar answer nahi mil raha toh bol do ki nahi pata, fake answer mat dena. Previously, the use of dye-sub printing was limited to industrial or high-end commercial printing. Dye-sub photo printing has been used in medical imaging, graphic arts proofing, security, and broadcast-related applications. Today, it is extremely popular in event photography and photo booths or kiosks that require high-speed, on-demand printing. Alps Electric produced the first quality dye-sub printers for home consumers in the $500–$1,000 price range, bringing dye-sublimation technology within the reach of a wider audience. (These models were, however, not true page printers, since they used a narrow printhead that swept across the page, like most inkjet printers.) Now there are many dye-sublimation printers on the market starting from as low as $100, especially postcard-sized mobile photo printers. The ability to produce instant photo prints inexpensively from a small printer has led to dye sublimation solutions supplanting traditional instant photos in some applications, such as ID photography with a card printer. Several corporations market desktop-size units as stand-alone printers and for print kiosk and photo booth applications. Some of these units are based on generic printers. Some manufacturers, offer software development kits with their printers, suggesting that these companies hope to attract system integrators as a potential market. Desktop-size standalone dye-sub photo printers are also used by photographers in event photography. The technology allows photographers to produce and sell lab-quality prints immediately during the event they are attending, with a minimal amount of hardware. Question: Dye sublimation printer ke uses kya hain?",0.1964,270,0.0778,0,1,505,"Dye sublimation printers कई विभिन्न क्षेत्रों में उपयोग किए जा सकते हैं, जिनमें शामिल हैं:

1. इवेन्ट फोटोग्राफी - फोटो बोंस या किक्स के लिए तुरंत फोटो प्रिंट उत्पन्न करने के लिए इस तकनीक का उपयोग किया जाता है।
2. इड फोटोग्राफी - कार्ड प्रिंटर के साथ तुरंत इड फोटो उत्पन्न करने के लिए।
3. व्यापारिक अप्रॉफ - ग्राफिक अर्ट और अन्य क्षेत्रों में अप्रॉफ के लिए दर्जा अपराध की प्रवर्धन की तरह उपयोग किया जा सकता है।
4. डेस्कटॉप एजेंसी - रिसर्च और ब्रांड करियर के लिए फोटो किक्स या फोटो बोंस में इस तकनीक का उपयोग किया जा सकता है।

इन दोस्तों, यह जानकारी आपके प्रश्न का सही उत्तर है, लेक","Dye-sublimation printers ka use high-speed, on-demand photo printing mein hota hai, especially event photography, photo booths aur kiosks mein. Inka use medical imaging, graphic-arts proofing, security aur broadcast-related applications mein bhi hua hai. Desktop units photographers ko events ke dauran lab-quality prints immediately produce aur sell karne dete hain. Postcard-sized mobile printers inexpensive instant photos bana sakte hain, aur kuch systems ID-photo printing jaise applications mein traditional instant-photo methods ko replace karte hain. Manufacturers in printers ke saath software development kits bhi provide karte hain, jisse customized printing systems aur kiosks develop kiye ja sakte hain.",Yes,N
"x aur y nonzero real numbers hain. m aur M is expression ki minimum aur maximum values hain: (|x + y|)/(|x| + |y|), Find M - m.",0.1193,27,0.1111,0,0,357,"To find the maximum and minimum values of the expression \(\frac{|x + y|}{|x| + |y|}\) for nonzero real numbers \(x\) and \(y\), we can proceed as follows:

### Step 1: Analyze the Expression
The expression \(\frac{|x + y|}{|x| + |y|}\) involves the absolute values of \(x\) and \(y\), and the absolute value of their sum.

### Step 2: Determine the Maximum Value (M)
The numerator \(|x + y|\) can be at most the sum of the absolute values of \(x\) and \(y\), i.e., \(|x + y| \leq |x| + |y|\). The maximum value of \(\frac{|x + y|}{|x| + |y|}\) is therefore 1, which can be achieved when \(x\) and \(y\) have the same sign (both positive or both negative). For example, if \(x = y\), then:
\[
\frac{|x + y|}{|x| + |y|} = \frac{|2x|}{2|x|} = 1.
\]
Thus, \(M = 1\).

### Step 3: Determine the Minimum Value (m)
The numerator \(|x + y|\) can also be less than \(|x| + |y|\). The minimum value of \(\frac{|x + y|}{|x| + |y|}\) is 0, but since \(x\) and \(y\) are nonzero, \(|x + y|\) cannot be 0. The smallest non-zero value of \(\frac{|x + y|}{|x| + |y|}\) is achieved when \(x\) and \(y\) have opposite signs. In this case:
\[
|x + y| = ||x| - |y|| \quad \text{(if } |x| \neq |y|)
\]
Thus,
\[
\frac{|x + y|}{|x| + |y|} = \frac{||x| - |y||}{|x| + |y|}.
\]
For instance, if \(x = 1\) and \(y = -1\), then:
\[
\frac{|1 - 1|}{|1| + |-1|} = \frac{0}{2} = 0.
\]
However, since \(x\) and \(y\) are nonzero, the smallest non-zero value occurs when \(x\) and \(y\) are such that \(|x|\) is slightly larger than \(|y|\) or vice versa. In the limit, this value approaches 0 but is never exactly 0. The minimum value in the context of nonzero real numbers is thus \(m = 0\).

### Step 4: Calculate \(M - m\)
Given that \(M = 1\) and \(m = 0\),
\[
M - m = 1 - 0 = 1.
\]

Therefore, the value of \(M - m\) is \(\boxed{1}\).","Expression |x+y|/(|x|+|y|) ke liye triangle inequality se |x+y| ≤ |x|+|y|, isliye maximum M = 1 ho sakta hai, aur x,y nonzero hone par ratio positive ho sakta hai. Opposite signs aur equal magnitudes, jaise x=1, y=-1, lene par numerator 0 hota hai, so minimum m=0. Therefore M-m = **1**.",Yes,N
"Ek binary tree diya gaya hai, check karo ki woh binary search tree hai ya nahi. Iske liye Java function likho. Maan lo Node class pehle se implemented hai.",0.1422,29,0.3448,0,0,401,"Sure, to check if a binary tree is a binary search tree (BST), we can leverage the properties of BSTs: for any given node, all nodes in its left subtree have values less than the node's value, and all nodes in its right subtree have values greater than the node's value. We can use an in-order traversal to validate this property, and ensure the nodes are visited in a strictly increasing order.

Here's a Java function to check if a binary tree is a BST, assuming the `Node` class is already implemented:

```java
class Node {
    int value;
    Node left, right;

    public Node(int item) {
        value = item;
        left = right = null;
    }
}

public class BSTChecker {
    // Function to check if the binary tree is a BST
    public boolean isBST(Node root) {
        return isBSTUtil(root, Integer.MIN_VALUE, Integer.MAX_VALUE);
    }

    // Utility function to check if the binary tree is a BST
    // @param root - the root of the subtree
    // @param min - minimum value allowed for the current subtree
    // @param max - maximum value allowed for the current subtree
    private boolean isBSTUtil(Node root, int min, int max) {
        // Base case: an empty tree is a BST
        if (root == null) {
            return true;
        }

        // The current node's value must be between min and max
        if (root.value < min || root.value > max) {
            return false;
        }

        // Recursively check the left and right subtrees with updated min and max values
        return (isBSTUtil(root.left, min, root.value - 1) && 
                isBSTUtil(root.right, root.value + 1, max));
    }

    public static void main(String[] args) {
        // Example usage
        Node root = new Node(4);
        root.left = new Node(2);
        root.right = new Node(5);
        root.left.left = new Node(1);
        root.left.right = new Node(3);

        BSTChecker checker = new BSTChecker();
        System.out.println(""Is the binary tree a BST? "" + checker.isBST(root));
    }
}
```

### Explanation:
- **Node Class**: This is a simple implementation of a binary tree node, containing a value and pointers to left and right children.
- **isBST Function**: This is the public function","BST validate karne ka robust tareeka recursion ke saath valid range maintain karna hai. Har node ke liye ensure karo ki uski value lower bound se strictly greater aur upper bound se strictly smaller ho. Left subtree ko range (low, node->val) aur right subtree ko (node->val, high) milega. C++ mein conceptually `bool isBST(Node* root, long long lo, long long hi)` function likh sakte hain, jo null par true return kare aur invalid range par false. Root ke liye range `(-INF, INF)` rakhein. Ye approach duplicate values ko BST convention ke according reject karti hai aur O(n) time, O(h) recursion space leti hai.",Yes,Y
"Tum ek smart assistant ho jo high school teachers ki help karta hai reading comprehension questions banane mein. Ek text diya jayega, tumne ek question aur answer pair banana hai student ki reading ability check karne ke liye. Jab tum ye pair banaoge, toh format ye hona chahiye: ``` {{ ""question"": ""$YOUR_QUESTION_HERE"", ""answer"": ""$THE_ANSWER_HERE"" }} ``` ``` ke beech mein sab kuch valid JSON hona chahiye. Is text ke liye JSON format mein question/answer pair banao: ---------------- The scream of sirens and the clank of steel on cobblestones echoed down the mean, dark streets. Frightened East Berliners peeked from behind their curtains to see military convoys stretching for blocks. First came the motorcycle outriders, then jeeps, trucks and buses crammed with grim, steel-helmeted East German troops. Rattling in their wake were the tanks — squat Russian-built T-34s and T-54s. At each major intersection, a platoon peeled off and ground to a halt, guns at the ready. The rest headed on for the sector border, the 25-mile frontier that cuts through the heart of Berlin like a jagged piece of glass. As the troops arrived at scores of border points, cargo trucks were already unloading rolls of barbed wire, concrete posts, wooden horses, stone blocks, picks and shovels. When dawn came four hours later, a wall divided East Berlin from West for the first time in eight years.",0.1755,227,0.1498,0,0,465,"```json
{
  ""question"": ""What did the East German troops do when they arrived at the border points, and what materials were being prepared in anticipation of their arrival?"",
  ""answer"": ""When the East German troops arrived at the border points, a platoon would peel off and stop at each major intersection with guns at the ready. In anticipation of their arrival, cargo trucks were unloading rolls of barbed wire, concrete posts, wooden horses, stone blocks, picks, and shovels.""
}
```","```json
{
  ""question"": ""What caused the wall to divide East and West Berlin that morning?"",
  ""answer"": ""East German troops arrived with military vehicles and construction materials such as barbed wire and concrete posts, creating a physical barrier that divided East Berlin from West Berlin.""
}
```",Yes,Y
"Calculate karo ki bank account mein kitna paisa hoga agar initial deposit $100 hai aur interest rate 6% hai, jo annually compound ho raha hai.",0.1266,25,0.36,0,0,371,"Sure, let's calculate the amount in the bank account after one year with an initial deposit of $100 and an annual interest rate of 6%, compounded annually.

The formula for compound interest is:

\[ A = P \times (1 + r)^n \]

Where:
- \( A \) is the amount of money accumulated after n years, including interest.
- \( P \) is the principal amount (the initial amount of money).
- \( r \) is the annual interest rate (decimal).
- \( n \) is the number of years the money is invested for.

In this case:
- \( P = 100 \) dollars
- \( r = 0.06 \) (6% as a decimal)
- \( n = 1 \) year

Plugging in the values:

\[ A = 100 \times (1 + 0.06)^1 \]
\[ A = 100 \times (1.06) \]
\[ A = 106 \]

So, after one year, the amount in the bank account will be **$106**.","Initial deposit $100 hai aur annual interest rate 6% hai. Lekin question mein compounding kitne years tak chalega, ye specify nahi kiya gaya. General formula hoga: **A = 100(1.06)^t**, jahan t number of years hai. Agar sirf ek saal ka annual compounding poocha gaya ho, to A = 100 × 1.06 = **$106**. Exact final balance ke liye time period required hai.",No,Y
"Niche diye gaye context ko use karke end mein diye gaye question ka answer do. Agar nahi pata toh seedha bol do ki nahi pata, apne mann se kuch mat banana. A state actor's involvement in the blast of the Nord Stream pipelines last year is the ""absolute main scenario"", though confirming identity will prove difficult, the Swedish prosecutor investigating the attack said on Thursday. In September 2022, several unexplained underwater explosions ruptured the Nord Stream 1 and newly-built Nord Stream 2 pipelines that link Russia and Germany across the Baltic Sea. The blasts occurred in the economic zones of Sweden and Denmark and both countries say the explosions were deliberate, but have yet to determine who was responsible. The blast in the Swedish zone occurred at a depth of 80 meters, which the Swedish prosecutor said made it complicated to investigate. ""We believe it will be rather difficult to determine who did this,"" prosecutor Mats Ljungqvist told Reuters in a phone interview. ""The people who did this have probably been aware that they would leave clues behind and probably took care so that the evidence would not point in one direction, but in several directions,"" he added. ""That makes it difficult to clearly point to one actor."" The investigation continues. Question: Who was responsible for the Nordstream pipeline explosion?",0.2234,220,0.1136,1,0,557,"According to the Swedish prosecutor, the identity of the responsible party for the Nord Stream pipeline explosion is ""the absolute main scenario,"" but it will be difficult to confirm. The prosecutor suggests that whoever was responsible likely took precautions to leave ambiguous evidence, making it challenging to pinpoint a specific actor. Therefore, based on the information provided, it is not possible to definitively state who was responsible for the explosion.","Passage ke according investigators ka maanna tha ki blast deliberate tha aur state actor involvement “absolute main scenario” tha, lekin Swedish prosecutor ne kaha ki responsible actor ki identity confirm karna difficult hoga. Passage kisi specific country ya organization ko conclusively responsible nahi batata. Isliye responsible party ka definitive answer **unknown / not established** hai.",No,Y
Batao ki novel ke characters 'the corrupting influence of power' waale theme ko kaise reflect karte hain.,0.0964,17,0.4118,0,0,313,"""Batao"" ki novel mein, 'the corrupting influence of power' ka theme ek zyada zaroori hai kisi bhi saari karayeon mein, karna ki zaroorat hoti hai. Ishi theme ko reflect karta hai ke power ya authority ko apne liye samajhte hue, kisi ko kuch bhi kar sakta hai aur kisi ko kuch bhi nahi kar sakta, yah power ke kaafi zaroori aur bahut pareshani se milne wala property hai. Is theme ko following tarike se reflect kar sakte hain:

1. **Protagonist ko kaam ki character**: Protagonist ko ek powerful character banayein jahaan par yeh power ki use ki madad se kuch zor ke madad lagane, aamta ki hool mein jharkarne aur neta ki duniya mein ankar karne wala ho. Yeh power ki madad se yeh aamta ki hool se kuch bhi kar sakta hai, aur yeh power ko corrupt karne ke kuch bhi karte hain.

2. **Antagonist ki character**: Antagonist ko ek powerful character banayein jahaan par woh power ke power ke madad se aamta ki hool mein jharkarne aur kuch zor ke madad lagane wala ho. Woh power se yeh kuch bhi kar sakta hai aur yeh power ko corrupt karne ke kuch bhi karte hain.

3. **Dastavej ke aavashyakta**: Noveli mein power ke kaam ke aavashyakta bina nahi hoti. Yeh apne liye power use karne wale, aamta ki hool mein jharkarne wale, kisi bhi karayen ka reflect ho sakti hai. Ek example mein, power ke kaam se apne liye kuch bhi karne wale character ke aavashyakta bina nahi hoti, yeh power ki madad se apne liye kuch bhi kar sakta hai.

4. **Yeh power ke kaam mein madad lagane wale character**: Yeh character power se apni duniya ko change karne wale, yeh power se kuch bhi kar sakta hai aur yeh power ko corrupt karne ke kuch bhi karte hain.

5. **Power ki madad se ankar aur madad karne ke aavashyakta**: Noveli mein apne liye power use karne wale character ke aavashyakta bina power ke madad se ankar karna aur madad karne ke aavashyakta bhi ho sakte hain. Yeh aavashyakta ek dastaane se dusre dastavej mein power ke kaam se aamta ki hool se kuch bhi karne ka reflect ho sakti hai.

6. **Character ke power ke kaam mein madad lagne wale character**: Is tarah se novel mein ek aamta ki hool mein jharkarne waale character ke aavashyakta bina power ke kaam se apni duniya ko change karne wale character ho sakte hain.

7. **Power ki madad se apni duniya ko change karne wale character**: Yeh character power ke madad se apni duniya ko change karne wale, apne liye kuch bhi kar sakta hai, aur yeh power ko corrupt karne ke kuch bhi karte hain.

8. **Yeh power ke kaam mein madad karne wale character**: Yeh character power se ankar karne wale, apne liye kuch bhi kar sakta hai aur yeh power ko corrupt karne ke kuch bhi karte hain.

Is tarah se ""Batao"" ki novel mein 'the corrupting influence of power' ka theme ek zyada zaroori hai kisi bhi saari karayeon mein, karna ki zaroorat hoti hai.","Agar novel ka central theme “the corrupting influence of power” hai, to characters generally dikhate hain ki authority milne ke baad unke priorities gradually change hoti hain. Shuru mein jo character justice, responsibility ya public good ke liye power seekhta hai, woh later control maintain karne ke liye rules bend kar sakta hai. Dusre characters us power ko challenge karte hain, jisse contrast create hota hai. Theme ka important point ye nahi hota ki power automatically evil hai; rather, unchecked power, weak accountability aur personal ambition milkar corruption ko encourage kar sakte hain. Character arcs isi gradual moral decline ko visible banate hain.",Yes,N
Check karke batao step by step ki ye statement true hai ya false: 'Frankenstein likhne wale ne hi The Last Man naam ka novel bhi likha tha.',0.1354,27,0.3704,0,0,388,"To check the truth of the statement, let's break it down step by step:

1. **Author of Frankenstein**: The author of the novel ""Frankenstein"" is Mary Shelley.

2. **Novel ""The Last Man""**: ""The Last Man"" is indeed a novel, and it was written by Mary Shelley as well.

3. **Verification**: Both novels are attributed to the same author, Mary Shelley.

Therefore, the statement ""Frankenstein likhne wale ne hi The Last Man naam ka novel bhi likha tha"" is **true**.

So, the final answer is: **True**.","Statement true hai. **Mary Shelley** ne *Frankenstein; or, The Modern Prometheus* likha tha, aur unhi ne *The Last Man* bhi likha, jo 1826 mein publish hua. Isliye “Frankenstein likhne wale ne hi The Last Man likha tha” ka answer **True** hai.",Yes,Y
Supply and demand ka law use karke batao ki agar demand badhti hai toh kisi product ke price ka kya hoga.,0.1391,21,0.4286,0,1,395,"Supply and demand ka law men aarhi hai ke agar demand ek product ko badhta hai, toh, alag-alag ho sakta hai ke:

1. **Kam khatm ho jaane wala supply**: Agar supply kam khatm ho jata hai (jaise, raw materials ki kam thi aur usse banane wala production kam ho jata hai), toh price bhi badal sakta hai.

2. **Simplistic Scenario**: Agar demand badhti hai aur supply constant rahi ho, toh price bhi badnaam hai. Issey equilibrium price mein dono forces ki balance ho jati hai.

**Tumhari question ka answer**: Agar demand ek product ko badhta hai aur supply constant rahi ho, toh usse ka price kam se kam badnaam ho sakta hai. Agar supply bhi samay mein badnaam ho jata hai, toh equilibrium price ke aarhne wala hi change hota hai.

Ismein ek example hain:
- Agar is season mein kahaniyan ki demand badhti hai (mujhe ek hota hai bahat kharidne wala market) aur supply constant rahi hai, toh kahaniyan ki price kam se kam badnaam ho jayenge.","Law of demand ke basic version ke mutabik, baaki factors constant rahen to demand badhne par market price generally **increase** hota hai, assuming supply immediately same level par rahe. Higher demand sellers ko higher prices charge karne ka scope deti hai. Price increase ke baad quantity supplied bhi badh sakti hai, aur eventually new equilibrium price aur quantity establish hoti hai. Real markets mein exact effect supply elasticity, competition, substitutes aur demand increase ke cause par depend karta hai.",Yes,N
"Cartesian coordinate plane pe (2,1) aur (3,4) ek square ke adjacent points hain. Square ka area kya hoga?",0.1172,18,0.2778,0,1,353,"To solve this problem, let's first understand the given information and the steps to find the area of the square.

Given points are \( P(2,1) \) and \( Q(3,4) \), which are adjacent points of a square.

1. **Calculate the Distance Between \( P \) and \( Q \):**
   The distance between two points \((x_1, y_1)\) and \((x_2, y_2)\) in the Cartesian plane is given by the distance formula:
   \[
   d = \sqrt{(x_2 - x_1)^2 + (y_2 - y_1)^2}
   \]
   Plugging in the coordinates of points \(P\) and \(Q\):
   \[
   d = \sqrt{(3 - 2)^2 + (4 - 1)^2} = \sqrt{1^2 + 3^2} = \sqrt{1 + 9} = \sqrt{10}
   \]
   So, the length of one side of the square is \(\sqrt{10}\).

2. **Calculate the Area of the Square:**
   The area \(A\) of a square with side length \(s\) is given by:
   \[
   A = s^2
   \]
   Here, \(s = \sqrt{10}\), so:
   \[
   A = (\sqrt{10})^2 = 10
   \]

Therefore, the area of the square is **10 square units**.","Points (2,1) aur (3,4) square ke adjacent vertices hain, so side length unke distance ke equal hogi. Distance = √[(3-2)² + (4-1)²] = √(1+9) = √10. Square ka area = side² = **10 square units**.",Yes,Y
Diye gaye context ke hisaab se batao ki human circulatory system ka primary function kya hota hai?,0.1214,17,0.4118,0,1,361,"Human circulatory system ka primary function kuchh mein se ek hi hota hai: 

1. **Oxygen and Nutrient Delivery:** Hemoglobin in red blood cells carries oxygen from the lungs to all parts of the body. Simultaneously, it also transports nutrients and other essential substances to cells throughout the body.

2. **Waste Removal:** The circulatory system helps in removing waste products, such as carbon dioxide, from the cells and delivering it to the lungs for exhalation and to the kidneys for excretion.

3. **Regulation of Body Temperature:** The circulatory system plays a crucial role in thermoregulation, helping to maintain the body's temperature by distributing heat to various parts of the body.

4. **Immune Response:** The circulatory system is involved in the distribution of white blood cells and other immune cells, which help in fighting infections and diseases.

5. **Hormone Transport:** Hormones are transported throughout the body via the circulatory system, allowing them to reach target organs and tissues and exert their effects.

6. **Maintaining Blood Pressure and Blood Volume:** The circulatory system helps in maintaining the right blood pressure and volume, which is essential for the proper functioning of all body tissues.

इस प्रकार, व्यायामांतरण प्रणाली का मुख्य कार्य अणु और अपघर्षण डिलिवरी, पागलपन संचार, ताप नियंत्रण, रक्त रक्षा प्रणाली और रक्त दबाव और रक्त मात्रा का रखरखाव होता है।","Human circulatory system ka primary function body ke different parts ke beech blood ke through oxygen, nutrients, hormones aur other substances transport karna hai. Saath hi, carbon dioxide aur metabolic waste ko removal organs tak le jaana bhi iska major role hai. Blood circulation body temperature, pH aur fluid balance maintain karne mein bhi contribute karti hai. Short version: circulatory system cells ko required materials pahunchata hai aur waste products ko remove karne mein help karta hai.",No,Y
"A, B, A-B, aur A+B charo positive integers prime numbers hain. In chaaro primes ka sum kya hoga? A. even B. divisible by 3 C. divisible by 5 D. divisible by 7 E. prime Answer sirf letter (A, B, C, D, or E) mein dena.",0.1984,45,0.1111,0,1,509,B,A. **even**,Yes,N
Is movie ka analysis karo aur batao ki ye top 10 list mein kyun honi chahiye.,0.0979,16,0.5,0,0,316,"आपके लिए एक फिल्म का विश्लेषण करने और यह संकेत देने के लिए कुछ कारणों की ओर बताने की क्या क्षमता है कि यह टॉप 10 सूची में क्यों आना चाहिए, उसके लिए मुझे बहुत जटिल और व्यक्तिगत ज्ञान की आवश्यकता होती है। फिल्म का विश्लेषण उसकी कलात्मक मूलभूत सौंदर्य, दिखाई, कथाबनान, रचना, निर्देशन, नाटकीय कला और अन्य कई बातों के आधार पर किया जाता है।

माना कि हम किसी वास्तविक फिल्म का विश्लेषण कर रहे हैं, और यहाँ कुछ कीमती कारणों हैं जो इसे टॉप 10 सूची में दर्ज करने के लिए योग्य बनाती हैं:

1. **कलात्मक मूलभूत सौंदर्य**: यह फिल्म के विभिन्न अवधारणाओं का व्यक्त करने","Movie ka title ya actual movie details nahi di gayi hain, isliye kisi specific film ko objectively analyze karke top-10 list mein place justify karna possible nahi hai. Top-10 evaluation ke liye main normally direction, screenplay, performances, cinematography, originality, cultural impact, pacing aur overall audience/critical reception jaise criteria use karunga. Film ka naam ya review material milne par main us basis par detailed argument de sakta hoon.",No,N
"Niche diye gaye sentences mein se best prediction choose karo is input ke liye: ""My vacation is in ________.""",0.0953,19,0.2632,0,0,311,"Sure, to provide the best prediction for the sentence ""My vacation is in ________,"" we need more context or options. However, if we are to make a general prediction based on common vacation destinations, some typical choices could be:

1. My vacation is in Hawaii.
2. My vacation is in Europe.
3. My vacation is in Bali.
4. My vacation is in Canada.
5. My vacation is in Florida.

Without additional context, ""My vacation is in Hawaii"" could be a good default prediction, as Hawaii is a popular vacation destination known for its beautiful beaches and tropical climate.","Sentence “My vacation is in ________.” mein blank mein sabse natural prediction **a month or season** hoga, depending on the intended answer space. For example: “My vacation is in **June**.” Agar task mein predefined candidate sentences diye jaane the, woh options missing hain, isliye exact option choose karna possible nahi hai.",Yes,Y
Ek right triangle ka area nikalo jiska base 5 cm aur height 3 cm hai.,0.0703,15,0.1333,0,0,263,"Right triangle ka formula fir area nikalne ke liye yeh hain:

Area = 1/2 * base * height

Aapke according, base 5 cm aur height 3 cm hai. Lete hai:

Area = 1/2 * 5 cm * 3 cm
     = 1.5 * 3 cm²
     = 4.5 cm²

Takkit, right triangle ka area 4.5 square centimeters hai.","Right triangle ka area = 1/2 × base × height. Base = 5 cm aur height = 3 cm, so area = 1/2 × 5 × 3 = **7.5 cm²**.",Yes,N
"Teen fair, standard six-sided dice roll kiye gaye hain. Kya probability hai ki top faces ka sum 18 aaye? Answer common fraction mein dena.",0.1906,24,0.25,1,1,494,"चार छह तरफ वाले डाइस फेल करने की प्रायिकता ज्ञात करना है जिसमें शीर्ष पहचानों का योग 18 हो।

चूंकि प्रत्येक डाइस छह संभावित परिणाम दे सकता है (1 से 6), इसलिए चार डाइस द्वारा उत्पन्न कुल संभावित परिणामों की संख्या 6 × 6 × 6 × 6 = 6^4 = 1296 है।

18 को प्राप्त करने के लिए, प्रत्येक डाइस को 4, 4, 4, 4 के रूप में रखना होगा क्योंकि 4 + 4 + 4 + 4 = 16 है, जो 18 से कम है। इस परिस्थिति में, हमें डाइस का योग 18 के बराबर बनाने के लिए चार डाइस को 4 रखना होगा।

इस परिस्थिति में हमें केवल एक तरीके ही है जो कि यह होना चाहिए कि प्रत्येक डाइस 4 आये। इस परिस्थिति की प्रायिकता निम्न प्रकार से","Teen fair six-sided dice ke total outcomes 6³ = 216 hain. Sum 18 tabhi possible hai jab teeno dice par 6 aaye: (6,6,6). Favorable outcomes = 1. Probability = 1/216. **Answer: 1/216.**",Yes,N
"Paanch pencils aur ek pen ki cost $2.50 hai, aur ek pencil aur do pens ki cost $1.85 hai. Toh do pencils aur ek pen ki cost kya hogi?",0.163,29,0.2759,0,1,441,"To solve this problem, let's define the cost of one pencil as \( p \) and the cost of one pen as \( q \).

From the given information, we can form two equations:

1. The cost of 5 pencils and 1 pen is $2.50:
\[ 5p + q = 2.50 \]

2. The cost of 1 pencil and 2 pens is $1.85:
\[ p + 2q = 1.85 \]

Now, we have a system of linear equations:
\[ \begin{cases} 
5p + q = 2.50 \\
p + 2q = 1.85 
\end{cases} \]

To solve for \( p \) and \( q \), we can use the substitution or elimination method. Let's use the elimination method.

First, we can multiply the second equation by 5 to align the coefficients of \( p \):
\[ 5p + 10q = 9.25 \]

Now, we subtract the first equation from this new equation:
\[ (5p + 10q) - (5p + q) = 9.25 - 2.50 \]
\[ 9q = 6.75 \]
\[ q = \frac{6.75}{9} \]
\[ q = 0.75 \]

Now that we know the cost of one pen (\( q \)), we can substitute it back into one of the original equations to find the cost of one pencil (\( p \)). Let's use the second equation:
\[ p + 2q = 1.85 \]
\[ p + 2(0.75) = 1.85 \]
\[ p + 1.50 = 1.85 \]
\[ p = 1.85 - 1.50 \]
\[ p = 0.35 \]

So, the cost of one pencil is $0.35.

Now, we need to find the cost of 2 pencils and 1 pen:
\[ 2p + q = 2(0.35) + 0.75 \]
\[ 2p + q = 0.70 + 0.75 \]
\[ 2p + q = 1.45 \]

Therefore, the cost of 2","Let pencil cost = p aur pen cost = q. Equations: 5p + q = 2.50 and p + 2q = 1.85. First equation se q = 2.50 - 5p. Substitute: p + 2(2.50 - 5p) = 1.85, so -9p = -3.15, p = 0.35. Then q = 2.50 - 1.75 = 0.75. Therefore 2 pencils + 1 pen = 2(0.35)+0.75 = **$1.45**.",No,Y
"Freelancing aur full-time job ke beech main differences kya hote hain, batao.",0.0953,12,0.3333,0,1,311,"Freelancing aur full-time job ke beech kuch sahi fayda aur fasaanay ki fark hote hain. Main wajahon se ye fark banata hai:

1. Kshetra aur Saman:
   - Freelancing: Kuchh saman aur kshetre mein, jaise content writing, graphic designing, web development, etc., jisse hi starting kar sakta hain.
   - Full-time job: Specific industry aur role ke saath, jisme sabse pehle training aur experience pradhaan role hota hai.

2. Samay Kaal:
   - Freelancing: Kshetre mein dependant samay kaal.
   - Full-time job: Fixed hours aur samay kaal.

3. Samasya:
   - Freelancing: Kshetre aur customer ke saath samasya ho sakti hai.
   - Full-time job: Company ke saath management aur HR related issues.

4. Kshamatva:
   - Freelancing: Kshamatva aur flexibility hota hai.
   - Full-time job: Company ke policies aur guidelines ke under.

5. Jangalikar Sambandh:
   - Freelancing: Client aur contract ke basis pe.
   - Full-time job: Company aur team ke basis pe.

6. Salar:
   - Freelancing: Project based, contract based.
   - Full-time job: Fixed salary.

7. Risk:
   - Freelancing: Risk ke jaise, income ka sampana, customer ke saath relationship management.
   - Full-time job: Risk ke jaise, company ka closure, position loss.

8. Growth:
   - Freelancing: Own business ke sath growth.
   - Full-time job: Company ke growth ke saath personal growth.

9. Nidhi:
   - Freelancing: Self-managed expenses.
   - Full-time job: Company ke management aur office expenses.

10. Security:
    - Freelancing: Self-employed.
    - Full-time job: Job security ke under.

Iska matalab hai ke kisikis ke saath kuchh fark hai, aur uss kaa choice apne aap ke kshetre aur bharosayon se hota hai.","Freelancing mein aap multiple clients ke liye project-based ya contract work karte ho; income aur workload month to month vary kar sakta hai. Full-time job mein usually ek employer ke saath fixed role, salary, working expectations aur benefits hote hain. Freelancing flexibility aur client choice deta hai, lekin income stability, taxes, benefits aur finding work ki responsibility khud leni padti hai. Full-time employment generally greater stability, structured growth aur benefits de sakti hai, lekin schedule aur role comparatively less flexible ho sakta hai. Choice person ki risk tolerance aur career goals par depend karti hai.",Yes,Y
Koi aisi jagah ka example do jahan endangered species ke animals mil sakte hain.,0.0714,14,0.2143,0,0,265,"अंतरराष्ट्रीय रोजगार कार्यक्रम (IUCN) द्वारा दी गई श्रेणी में विभिन्न ब्रिटिश जंगलों और पहाड़ों में पाए जाने वाले खतरेपरिदृश्य जानवरों के कुछ उदाहरण इस प्रकार हैं:

1. **हिमालयी रंगटन (Snow Leopard)**: दक्षिण चीन, नेपाल, भारत और तुर्कमेनिस्तान के हिमालयी जंगलों और पहाड़ों में पाए जाते हैं। इनकी संख्या कम हो रही है क्योंकि वे अक्सर लोगों के लिए शिकार की ताकत के रूप में चिन्हित किए जाते हैं।

2. **बार्मा डोर्मोन (Burmese Pangolin)**: भारत के पश्चिमी और उत्तरी क्षेत्रों और बार्मा में पाए जाते हैं। ये जानवर अब इंडिया और भूटान की अपराधियों के लिए एक बड़ा भूग्राह बने हुए हैं, ज","Endangered species ke animals protected wildlife reserves ya national parks mein mil sakte hain. Example ke liye, **Kaziranga National Park, India** mein greater one-horned rhinoceros milte hain. Aise protected areas ka purpose habitat ko conserve karna aur poaching, habitat loss aur human-wildlife conflict jaise threats ko reduce karna hota hai.",Yes,N
'A Social Network that Influences Attitudes and Behaviors' paper ka main argument summarize karo.,0.0672,14,0.1429,0,0,257,"The main argument of the paper ""A Social Network that Influences Attitudes and Behaviors"" likely centers around the significant impact social networks have on shaping individuals' attitudes and behaviors. The paper probably explores several key points:

1. **Network Influence Mechanisms**: The paper likely discusses various ways in which social networks influence attitudes and behaviors, such as through peer pressure, information diffusion, and social norms.

2. **Empirical Evidence**: The authors probably present empirical evidence from studies that demonstrate the extent to which social networks affect behavior, attitudes, and decision-making processes.

3. **Social Psychology Theories**: The paper may draw on social psychology theories such as the Theory of Social Influence, Social Identity Theory, and the Extended Parallel Process Model to explain the mechanisms of influence.

4. **Real-World Applications**: The paper might explore real-world applications of these findings, such as in marketing, public health campaigns, and political activism, to illustrate how understanding these influences can be beneficial.

5. **Critical Analysis**: The authors might also critically analyze the potential drawbacks or unintended consequences of social network influence, such as the spread of misinformation or the reinforcement of biases.

6. **Future Research Directions**: Finally, the paper likely suggests future research directions to better understand and harness the power of social networks for positive change.

This summary encapsulates the core arguments and themes likely covered in such a paper.","Paper ka title alone dekhkar exact main argument reliably summarize nahi kiya ja sakta, kyunki paper ka text ya abstract provided nahi hai. “A Social Network that Influences Attitudes and Behaviors” se broadly ye topic indicate hota hai ki social networks logon ke attitudes aur behavior ko influence kar sakte hain, potentially through social norms, peer effects aur information diffusion. Lekin actual paper ka specific claim, evidence aur conclusions batane ke liye paper ka content chahiye.",No,Y
Grocery store se kharidne ke liye 5 items ki list banao.,0.0682,11,0.3636,0,0,259,"हाँ, आपके लिए 5 अंकित वस्तुओं की सूची बनाते हैं:

1. सॉडाके बर्ड (सॉडाके बर्ड)
2. ओटोटोल (स्वस्थ रोजमर्या के लिए)
3. अल्फाडियर एयरब्यूटीफुल मिस्टर (प्लास्टिक स्फॉर्ट)
4. नट्स (जैक नट्स या किसी अन्य पसंदीदा नट्स)
5. फ्रेस्ह फल (जैसे कि आम या आमटी)

यह सूची आपकी व्यक्तिगत चाहिएताओं और पसंदों पर निर्भर कर सकती है। आप किसी भी इसका विकल्प जोड़ सकते हैं या बदल सकते हैं।","Grocery store se ek simple 5-item list ho sakti hai: **milk, eggs, bread, bananas, aur vegetables**. Ye basic staples hain aur breakfast, snacks aur everyday meals mein kaam aa sakte hain. Agar dietary preference ya budget diya jaye to list ko uske according optimize kiya ja sakta hai.",Yes,N
"Di gayi information use karke, top 10 highest valued orders nikalne ke liye SQL query likho.",0.0781,16,0.1875,0,0,278,"Kuch bhi SQL query banayen ga, jab tak ki hum ""di gayi information"" ke barbaad koi tabl aur field details nahi milenge. Lekin kuch common scenario mein kya karna chahiye usse assume kar ke aapko ek example SQL query de sakta hoon.

Aapka ""top 10 highest valued orders"" nikalna chahiye, toh isse pta chalta hain ki hum ""orders"" table ka koi field ""value"" ya ""amount"" aur tabl ko filter karne ka koi aur condition bhi chahiye ho sakta hain. 

Example SQL query:

```sql
SELECT *
FROM orders
ORDER BY amount DESC
LIMIT 10;
```

Yeh query ""orders"" table se 10 highest valued orders nikalne ke liye hi karta hai. Agar aapko koi specific tabl ya field ke baare mein information hai, toh isse query ko adjust kar sakte hain.

Agar aapko tabl ya field ke name aur kisi bhi filter ka requirement batao, main aapko exact SQL query banayen ga.","Top 10 highest-valued orders nikalne ke liye pehle order value define karni hogi. Agar table mein `Quantity` aur `Price` columns hain, to query ho sakti hai:
```sql
SELECT OrderID, Quantity * Price AS order_value
FROM Orders
ORDER BY order_value DESC
LIMIT 10;
```
Agar order value already kisi `TotalAmount` column mein stored hai, to `Quantity * Price` ki jagah `TotalAmount` use karna chahiye. Database dialect ke hisaab se `LIMIT 10` ko `TOP 10` ya `FETCH FIRST 10 ROWS ONLY` se replace karna pad sakta hai.",Yes,Y
Sabse chhota positive four-digit number find karo jo pehle chaar smallest prime numbers se divisible ho.,0.0781,16,0.1875,0,0,278,"Sabse chhota positive four-digit number to finden jahaan number 2, 3, 5, 7 (pehle chaar smallest prime numbers) se divisible ho, hum following steps le sakte hain:

1. Sabse chhota positive four-digit number 1000 hai.
2. 1000 se 2 se divide karenge, 1000 ÷ 2 = 500, ye 2 se divisible hai lekin chhota chahra four-digit number hota hai.
3. 1001 se 3 se divide karenge, 1001 ÷ 3 = 333.6667, ye 3 se divisible nahi hai.
4. 1002 se 3 se divide karenge, 1002 ÷ 3 = 334, ye 3 se divisible hai aur 1002 four-digit number hota hai.

Isliye, 1002 sabse chhota positive four-digit number hai jo 2, 3 se divisible hai. 

5. Ab, 1002 se 5 se divide karenge, 1002 ÷ 5 = 200.4, ye 5 se divisible nahi hai.
6. 1003 se 5 se divide karenge, 1003 ÷ 5 = 200.6, ye 5 se divisible nahi hai.
7. 1004 se 5 se divide karenge, 1004 ÷ 5 = 200.8, ye 5 se divisible nahi hai.
8. 1005 se 5 se divide karenge, 1005 ÷ 5 = 201, ye 5 se divisible hai.

Isliye, 1005 sabse chhota positive four-digit number hai jo 2, 3, 5 se divisible hai.

9. Ab, 1005 se 7 se divide karenge, 1005 ÷ 7 = 143.571, ye 7 se divisible nahi hai.
10. 1006 se 7 se divide karenge, 1006","Pehle chaar smallest primes hain 2, 3, 5 aur 7. Humein in sabse divisible sabse chhota positive four-digit number chahiye. Inka LCM = 2×3×5×7 = 210. 1000 se bada ya equal pehla multiple: 210×5 = 1050. Isliye answer **1050** hai.",Yes,N
"Maan lo ki millions of log Pluto pahunch gaye hain aur Mars par colonies bas chuki hain, toh ek space election ke news article ka pehla paragraph likho.",0.1323,28,0.25,0,0,382,"Millions of Earthlings have now reached the distant fringes of our solar system, with Pluto becoming a bustling hub of human activity, and preliminary colonies established on Mars marking the beginning of a new era in human exploration and settlement. As this extraordinary expansion continues, the international community is grappling with the governance and political structure that will shape the future of these far-flung human outposts. The first such milestone in this burgeoning space civilization may well come in the form of a space election, setting a precedent for democratic principles to extend beyond the bounds of our home planet.","Mars par established colonies aur millions of people living across Pluto and Mars ke fictional future mein space politics ka scale Earth se kaafi bada ho chuka hoga. Example opening: “Humanity’s first interplanetary election opened today under skies no single nation had ever governed, with voters from Mars colonies and the distant Pluto settlements casting ballots for the new Solar Federation.” Election ka central issue transportation, resource rights, colony autonomy aur Earth-based political control ho sakta hai. Article aage candidates ke platforms aur remote voting infrastructure explain kar sakta hai.",Yes,Y
Manager aur customer ke beech hone wali conversation ke 2 sentences generate karo.,0.0729,13,0.3077,0,0,268,"Manager: ""Sunita, कैसे हैं? क्या आपको किसी मदद की जरूरत है?""

Customer: ""हां, मेरी ऑर्डर कैसे चल रही है? उसकी डिलीवरी तरीके के बारे में जानकारी मुझे चाहिए.""","Manager: “I understand that the issue has been frustrating, and I’d like to get a clear picture of what went wrong so we can fix it.” Customer: “Thanks—I mainly want the problem resolved quickly, so please tell me what the next step is.”",Yes,Y
Ek aisa sentence find karo jo yeh explain kare ki kisi ko koi particular product kyun use nahi karna chahiye.,0.1333,20,0.4,0,1,384,"िनिएक उदाहरण वाक्य लिखा जा सकता है जो किसी को विशेष उत्पाद का उपयोग न करना चाहिए के कारण व्यक्त करता है:

""आपको किसी प्रकार के खाद्य उत्पादों का उपयोग न करना चाहिए, जो मधुमेह रोगी के लिए खाहरी या खतरनाक हो सकती है।""

यह वाक्य दर्शाता है कि किसी विशेष उत्पाद का उपयोग न करना चाहिए, क्योंकि यह व्यक्तिकृत स्वास्थ्य स्थिति के लिए खतरनाक हो सकता है।",A clear example would be: **“You should not use this product if you have a known allergy to one of its ingredients.”** Ye sentence directly reason batata hai—ingredient allergy—aur us reason ke basis par product avoid karne ki recommendation deta hai.,Yes,Y
Global warming ke causes par ek speech close karne ke liye ek sentence find karo.,0.0875,15,0.4,0,0,296,"""इसलिए, ग्लोबल ग्लॉरमिंग की विस्तारित प्रभावों को रोकने के लिए अतिरिक्त कदम उठाने की आवश्यकता है, और हमारी सर्वसाधारण को इस चुनौती का उत्कृष्ट उपाय करने की अनुबंधितता है।""","“Ultimately, tackling global warming will require more than individual choices; it will require sustained action from governments, businesses, and communities working together.”",Yes,N
Scenario dekh ke ek solution suggest karo aur reasoning bhi explain karo thoda detail mein.,0.1328,15,0.3333,0,2,383,"Of course! Could you please provide me with more details about the scenario you're referring to? The more information you can give me, the better I can tailor my solution and reasoning to your specific needs. For example, you might want to describe a problem related to project management, technical issue, organizational process, or any other context.","Scenario ki actual details provide nahi ki gayi hain, isliye specific solution choose karna possible nahi hai. General approach ye hogi: pehle problem aur constraints identify karo, phir possible solutions list karo, unke cost, risk, feasibility aur expected impact compare karo, aur highest-benefit/lowest-unacceptable-risk option choose karo. Reasoning mein assumptions explicitly mention karna important hai, taaki solution blindly apply na ho.",Yes,Y
Socho tum Church of the Big Toe Nail ke ambassador ho. Ek chota sa article likho logon ko convince karne ke liye ki wo join karein.,0.1297,26,0.3462,0,0,377,"Aapki kahaanish se samajh aya hai ki aapko ""Church of the Big Toe Nail"" ke brand ambassador ke roop mein kaam karna hain aur logon ko aiktaa ki kaise kar sakte hain. Aapki maan ki ja sakta hai ki yeh ek fikr hai jisme log kuch samajh aane se pehle kuch samajh nahi aane ki koshish karenge. Lekin, hamne yeh article ek tadbir ka maqam rakh ke likha hai jisme aapka kaam ki mohabbat ko pehle parha ja sakte hai, aur logon ko kuch baatein dekhne se lag jaye ki aapki gatha ke baad aiktaa hona jaldi hain.

---

**Join the Church of the Big Toe Nail: Your Key to a New World of Connection and Community**

In a world filled with digital distractions and virtual connections, it can be easy to feel disconnected from the people and things that truly matter. But what if there was a way to find meaningful connections in the most unlikely places? Enter the Church of the Big Toe Nail.

**A Mission of Uniqueness and Belonging**

The Church of the Big Toe Nail is not your typical place of worship. We're a community of people who believe in the power of small, simple moments to bring us closer together. Our core message is that the little things in life can make a big difference. Whether it's the warmth of a well-timed compliment, the comfort of a shared laugh, or the relief of a good pair of comfy shoes—these are the moments that truly matter.

**Why Join Us?**

1. **Find Your Tribe:** At the Church of the Big Toe Nail, we celebrate the beauty in the small, often-overlooked moments. Join us and discover a community of like-minded individuals who will uplift and support you.

2. **Embrace Simplicity:** In a world that can feel overwhelming, simplicity is key. Our community focuses on the small, everyday joys that can make a big impact.

3. **Spread Kindness:** We believe that even the smallest act of kindness can create a ripple effect of positivity. Join us and be part of a movement that makes the world a better place, one toe nail at a time.

4. **Be a Part of Something Bigger:** As an ambassador, you'll have the opportunity to share our message with the world and inspire others to find joy in the little things.

**How to Get Involved**

- **Share Your Story:** Let your unique journey be an inspiration to others. Share your experiences and how joining the Church of the Big Toe Nail has changed your life.
- **Host Events:** Organize or participate in events that celebrate the little things in life. From toe nail painting nights to toe nail dance-offs, we've got plenty of fun and meaningful activities.
- **Be a Voice of Change:** Use your platform to advocate for the values of the Church of the Big Toe Nail. Speak up about the importance of finding joy in the small moments and being kind to others.

**Conclusion**

Join the Church of the Big Toe Nail and be part of a community that believes in the power of the little things. Let's come together and find joy, connection, and a sense of belonging in the most unexpected places. Together, we can make the world a better, more compassionate place.

---

Aise se aap logon ko aiktaa ki karte rahein aur apni koshish ki kahani bata sakte hain.","Welcome to the Church of the Big Toe Nail! Our playful community is built around creativity, absurd humor and the idea that even the smallest, strangest things can bring people together. Members can participate in themed gatherings, art, jokes and deliberately ridiculous traditions without needing to take the premise literally. If you enjoy unusual communities and want a place where imagination matters more than seriousness, this might be your kind of club. Join because life is already weird—and sometimes embracing the weird is exactly the fun part.",Yes,Y
Tum Ace Printer Supply Co. ke liye ek helpful customer service AI chatbot ho. Friendly raho aur sach batao. Sirf Ace Printer Supply Co. se related queries ka answer dena. Query: Koi joke sunao,0.1542,34,0.2059,0,0,424,"Of course! Here's a light-hearted joke for you:

Why don't scientists trust atoms?

Because they make up everything! 

I hope that brought a smile to your face. If you have any more questions or need help with any printer supplies, feel free to ask!","I’m sorry, but that query isn’t related to Ace Printer Supply Co.’s products or services. I can help with printer-related questions such as choosing supplies, troubleshooting a compatible product, or understanding an order. If you tell me what printer or Ace Printer Supply Co. service you’re asking about, I’ll be happy to help.",Yes,Y
Goal achieve karne ke liye best solution choose karo. GOAL: Couch se sharpie pen hatana Solutions: 1) soy milk se bhigo do taaki region color ho jaye. 2) milk mein ek ghante ke liye bhigo kar rub karo.,0.1776,38,0.3158,0,0,469,"Let's focus on the goal of removing a Sharpie marker stain from a couch. While the solutions you've provided involve using milk or soy milk, these methods are not scientifically proven to remove Sharpie marker stains effectively from fabric. Here’s a better approach:

### Best Solution: Vinegar and Rubbing Alcohol

#### Materials Needed:
- Rubbing alcohol (isopropyl alcohol)
- Vinegar
- Paper towels
- Sponge (optional)
- Cloth
- Water (for cleaning the couch fabric)

#### Steps:
1. **Test a Small Area First**: Before applying any treatment to the entire stain, test a small, inconspicuous area of the couch to ensure the solution doesn't damage the fabric.

2. **Apply Rubbing Alcohol**: Dab a small amount of rubbing alcohol on a paper towel and gently rub the stain. Rubbing alcohol can help break down the ink.

3. **Apply Vinegar**: After applying the rubbing alcohol, sprinkle a small amount of white vinegar on the stain. The acetic acid in vinegar can help lift the ink. Gently rub the area with a clean cloth.

4. **Blot with Paper Towels**: Use clean paper towels to blot up the excess liquid. Continue to apply and blot until the stain is gone or significantly reduced.

5. **Rinse with Water (Optional)**: If the stain persists, you can rinse the area with a mild soap and water solution, then pat dry with a clean cloth.

6. **Dry the Area**: Allow the area to dry naturally. Do not rub the area as it can embed the stain further.

7. **Check and Repeat if Necessary**: Inspect the area to ensure the stain is completely removed. If the stain is still visible, repeat the process.

### Why This Method Works:
- **Rubbing Alcohol**: It helps to break down the ink and make it more soluble.
- **Vinegar**: It helps to neutralize the ink and lift it from the fabric.

This method is more effective and less risky than using milk or soy milk, which do not have the necessary chemicals to break down the ink.

Always remember to test any cleaning solution on a small, inconspicuous area first to ensure it doesn't damage the fabric.","Neither solution is a reliable way to remove a Sharpie stain from a surface. Soy milk or ordinary milk is not an appropriate stain remover for permanent marker ink and could leave additional residue. A safer general approach is to identify the surface first, then use a suitable solvent such as isopropyl alcohol where the material safely permits it, testing an inconspicuous area first. So, between the two listed options, **neither is a good solution**.",No,N
Maan lo kisi job advertisement mein employer ne 3 years ka working experience manga hai. Explain karo ki ye requirement reasonable kyun hai.,0.1672,23,0.3478,0,2,449,"Employer ne 3 years ka working experience manga ki ek reasonable requirement hoti hai kyunki:

1. **Specialized Knowledge**: 3 years experience mein ek industry mein specialized knowledge aur skills ka development hota hai. Isse kisi candidate ko job mein uss specific area mein expertise provide kar sakta hai.

2. **Job Readiness**: 3 years ka experience mein candidate kisi bhi job pe ready ho sake. Isse candidate ko job mein se successfull ka potential hoga.

3. **Performance Track Record**: 3 years ka working experience mein candidate ka performance track record examine kar sakte hain. Isse employer ka decision-making process easy hota hai.

4. **Problem-Solving Skills**: Aaj ka workplace mein problem-solving skills important hota hain. 3 years ka experience mein candidate sehi se iske through ke problem solve kar sakta hai.

5. **Team Dynamics**: 3 years ka experience mein candidate sehi se team dynamics understand kar sakte hain. Isse team collaboration aur communication improve ho sakta hai.

6. **Industry Trends**: 3 years ka experience mein candidate industry ke current trends aur developments ko understand kar sakte hain. Isse company ka current business context mein candidate jhilmil kar sakta hai.

7. **Professional Growth**: 3 years experience mein candidate professional growth see kar sakta hai, jisme professional networks, skills development, aur responsibility increase hota hai.

8. **Stability**: 3 years ka experience mein candidate job stability show kar sakta hai, jisme employer ka confidence increase hota hai.

9. **Responsibility and Initiative**: 3 years ka experience mein candidate sehi se job-related responsibilities aur initiative take kar sakta hai.

10. **Client Interaction**: 3 years ka experience mein candidate sehi se clients ko handle kar sakta hai aur client satisfaction increase kar sakta hai.

Isiliye, 3 years ka working experience ek reasonable requirement hota hai jo candidate ko job mein se successful perform karne ke potential ko check karne mein madad kar sakta hai.","A three-year experience requirement can be reasonable when the employer needs someone who can work independently rather than requiring extensive training. Several years of relevant work can indicate familiarity with the tools, workflows and common problems of the role. It can also reduce onboarding time and the risk associated with hiring someone completely new to the field. However, experience requirements should not be treated as a perfect proxy for ability: a candidate with less formal experience but strong projects, internships or demonstrable skills may still be highly capable. The requirement is reasonable when it genuinely matches the responsibilities of the job.",Yes,Y
"Is paragraph ka structure aur clarity check karke batao, 1-2 sentences mein improvements suggest kar do.",0.1323,16,0.25,1,0,382,"Of course! Please provide the paragraph you would like me to check for structure and clarity, and I'll suggest improvements in 1-2 sentences.","A clearer paragraph usually needs one central idea per paragraph, logical ordering and explicit transitions between points. If the original contains long sentences or repeated ideas, split them into shorter sentences and remove redundancy. The actual paragraph is not provided, so these are general recommendations rather than a line-by-line critique.",Yes,Y
Ek cylinder ka volume calculate karo jiska radius 10 cm aur height 5 cm hai.,0.075,15,0.2,0,0,272,"To calculate the volume of a cylinder, you can use the formula:

\[ \text{Volume} = \pi r^2 h \]

where:
- \( r \) is the radius of the cylinder,
- \( h \) is the height of the cylinder,
- \( \pi \) (pi) is approximately 3.14159.

Given:
- Radius (\( r \)) = 10 cm,
- Height (\( h \)) = 5 cm.

Plugging in the values:

\[ \text{Volume} = \pi \times (10\, \text{cm})^2 \times 5\, \text{cm} \]
\[ \text{Volume} = \pi \times 100\, \text{cm}^2 \times 5\, \text{cm} \]
\[ \text{Volume} = 500\pi\, \text{cm}^3 \]

Using \( \pi \approx 3.14159 \):

\[ \text{Volume} \approx 500 \times 3.14159 \, \text{cm}^3 \]
\[ \text{Volume} \approx 1570.795 \, \text{cm}^3 \]

So, the volume of the cylinder is approximately \( 1570.8 \, \text{cm}^3 \).","Cylinder volume = πr²h. With r = 10 cm and h = 5 cm: V = π × 10² × 5 = **500π cm³**, approximately **1570.8 cm³**.",Yes,Y
Is passage ke basis pe batao ki author ka kya opinion hai iss baat par ki production mein speed hi sabse important factor hoti hai.,0.1562,25,0.44,0,1,428,"To provide a response, I would need to see the passage you're referring to. However, based on the statement you've given, I can infer that the author's opinion seems to prioritize speed in production as the most important factor. 

Here's a general interpretation without the specific passage:

- If the author states or implies that ""speed in production is the most important factor,"" then the author likely believes that efficiency and rapid output are crucial.
- The author might be suggesting that other aspects (like quality, cost, or innovation) are secondary compared to the speed of production.

If you could share the passage, I could give a more precise analysis of the author's opinion.","The passage itself is not included, so the author’s opinion about whether production speed is the most important factor cannot be determined reliably. To answer, I would look for explicit claims, comparisons with quality/cost/safety, and the conclusion. Without that evidence, I would not infer the author’s position.",Yes,Y
In chaar CEOs ki list mein se choose karo kiska tenure sabse successful raha.,0.0802,14,0.3571,0,0,282,"To accurately answer your question, I would need to know which four CEOs you're referring to. Could you please specify the CEOs you have in mind? This will help me analyze their tenures and provide a more informed response.","The four CEOs are not named in the prompt, so I cannot responsibly choose one. To compare tenure success, I would examine business growth, profitability, shareholder returns, strategic execution, product innovation and the conditions the CEO inherited. Send the four names and I can make a reasoned comparison rather than guessing.",Yes,Y
1/(x - 1)(x - 2) + 1/(x - 2)(x - 3) + 1/(x - 3)(x - 4) = 1/6 ke saare real solutions nikaalo. Saare solutions commas se separate karke likhna.,0.1849,31,0.0968,1,0,483,"To solve the equation \(\frac{1}{(x - 1)(x - 2)} + \frac{1}{(x - 2)(x - 3)} + \frac{1}{(x - 3)(x - 4)} = \frac{1}{6}\), we can simplify and solve it step by step.

First, observe that each term on the left-hand side can be rewritten using partial fractions. We can express each term as:

\[
\frac{1}{(x - 1)(x - 2)} = \frac{1}{x - 2} - \frac{1}{x - 1}
\]

\[
\frac{1}{(x - 2)(x - 3)} = \frac{1}{x - 3} - \frac{1}{x - 2}
\]

\[
\frac{1}{(x - 3)(x - 4)} = \frac{1}{x - 4} - \frac{1}{x - 3}
\]

Substituting these into the original equation, we get:

\[
\left(\frac{1}{x - 2} - \frac{1}{x - 1}\right) + \left(\frac{1}{x - 3} - \frac{1}{x - 2}\right) + \left(\frac{1}{x - 4} - \frac{1}{x - 3}\right) = \frac{1}{6}
\]

Notice that this is a telescoping series, where most terms cancel out:

\[
\frac{1}{x - 4} - \frac{1}{x - 1} = \frac{1}{6}
\]

To solve \(\frac{1}{x - 4} - \frac{1}{x - 1} = \frac{1}{6}\), we can combine the fractions on the left-hand side:

\[
\frac{(x - 1) - (x - 4)}{(x - 4)(x - 1)} = \frac{1}{6}
\]

\[
\frac{3}{(x - 4)(x - 1)} = \frac{1}{6}
\]

Cross-multiplying gives:

\[
3 \cdot 6 = (x - 4)(x - 1)
\]

\","We solve:
1/[(x-1)(x-2)] + 1/[(x-2)(x-3)] + 1/[(x-3)(x-4)] = 1/6.
Using partial fractions, each term can be written as 1/(x-k) - 1/(x-(k+1)). The sum telescopes to 1/(x-1) - 1/(x-4). Thus 3/[(x-1)(x-4)] = 1/6, giving 18 = (x-1)(x-4) = x²-5x+4. So x²-5x-14=0 = (x-7)(x+2). Domain restrictions exclude 1,2,3,4, and both solutions are valid. **Solutions: -2, 7.**",Yes,N
"Is array [1, 2, 3, 4, 5, 6, 7] ke 2nd, 4th aur 5th element delete karo.",0.0781,17,0.1176,0,0,278,"Sure! To delete the 2nd, 4th, and 5th elements from the array [1, 2, 3, 4, 5, 6, 7], you can follow these steps:

1. The 2nd element is 2.
2. The 4th element is 4.
3. The 5th element is 5.

After deleting these elements, the array will be:

```python
[1, 3, 6, 7]
```

Here's how you can do it in Python:

```python
arr = [1, 2, 3, 4, 5, 6, 7]
# Delete the 2nd, 4th, and 5th elements
del arr[1]  # Delete the 2nd element (index 1)
del arr[3]  # Delete the 4th element (index 3)
del arr[4]  # Delete the 5th element (index 4 after the first deletion)

print(arr)
```

After running the code, the output will be:

```python
[1, 3, 6, 7]
```

This is the array after deleting the specified elements.","Array `[1, 2, 3, 4, 5, 6, 7]` mein 2nd, 4th aur 5th elements (1-indexed) are 2, 4 and 5. Inhe delete karne ke baad remaining array **[1, 3, 6, 7]** hai.",Yes,Y
"Tum ek smart assistant ho jo high school teachers ki help karega reading comprehension questions banane mein. Diye gaye text se ek question aur answer pair banao taaki students ki reading abilities test ho sakein. Jab tum ye pair banaoge, toh format ye hona chahiye: ``` {{ ""question"": ""$YOUR_QUESTION_HERE"", ""answer"": ""$THE_ANSWER_HERE"" }} ``` ``` ke beech ka sab kuch valid JSON hona chahiye. Niche diye gaye text ke liye specified JSON format mein ek question/answer pair banao: ---------------- Millions of lives could be saved by a groundbreaking set of new vaccines for a range of conditions including cancer, experts have said. A leading pharmaceutical firm said it is confident that jabs for cancer, cardiovascular and autoimmune diseases, and other conditions will be ready by 2030. Studies into these vaccinations are also showing “tremendous promise”, with some researchers saying 15 years’ worth of progress has been “unspooled” in 12 to 18 months thanks to the success of the Covid jab. Dr Paul Burton, the chief medical officer of pharmaceutical company Moderna, said he believes the firm will be able to offer such treatments for “all sorts of disease areas” in as little as five years. The firm, which created a leading coronavirus vaccine, is developing cancer vaccines that target different tumor types.",0.1734,211,0.109,0,0,461,"```json
{
  ""question"": ""According to the text, by what year are experts confident that vaccines for cancer, cardiovascular and autoimmune diseases, and other conditions will be ready?"",
  ""answer"": ""2030""
}
```","```json
{
  ""question"": ""What types of diseases did Moderna say it was developing vaccines for?"",
  ""answer"": ""The company said it was developing vaccines for cancer, cardiovascular diseases, autoimmune diseases, and other conditions.""
}
```",No,Y
Diye gaye field ke 5 influential logon ki list banao aur sabka ek short description bhi likho.,0.0818,17,0.1765,0,0,285,"इस विषय में, आपकी मांग को समझ कर, मुख्य दिए गए फील्डों में प्रभावशाली लोगों की एक सूची और उनके बारे में कुछ टॉपिक सारांश देता हूं:

1. **बीमा कार्यक्रम और सुरक्षा**  
   - **कैथरीन डार्कन**: वह एक महान बीमा शैक्षणिक विश्वविद्यालय के प्रोफेसर है और बीमा विनियमन में जानी जाने वाली विशेषज्ञ है।

2. **हाइकार्बोजिक अहंकार**  
   - **ब्राउन मार्कस**: वह अहंकार और इंटरसेप्शन के विकास के क्षेत्र में अद्वितीय प्रतिभा वाला ग्यान्ट है।

3. **कंप्यूटर इंजीनियरिंग**  
   - **स्टेफन ट्यूरिंग**: इंटरप्रिटर और माकलैन टाइप थ्योरी के महान विकासकर्ता हैं और कंप्यूटर इंजीनियरिंग के इतिहास में","Dr. Paul Burton, Moderna’s chief medical officer, said he believed such treatments could become available for many disease areas in as little as five years. The passage says Moderna was developing cancer vaccines targeting different tumor types and that researchers were seeing strong progress in vaccine development. It also says a leading pharmaceutical firm expected vaccines for cancer, cardiovascular and autoimmune diseases and other conditions by 2030. These claims were presented as promising developments, although they describe expectations and research progress rather than guaranteed outcomes.",Yes,N
Batao is task description ke liye kaunsi machine learning technique apply hogi.,0.0703,12,0.3333,0,0,263,"Task description ke liye Machine Learning technique choice depend karta hai task ki natiya aur requirement. Par upar di gaye context mein, ""Batao"" (Tell) ka use karke task description kese likha jaye nahi hai. To, aapko vah context bataen kyun ki humein pata chalna chahiye kisi specific task ke liye ki kya type of machine learning technique use ki jai hogi.

Kaise help kar sakta hoon? Aapki task description ya kuch example dena aur main aapko suitable machine learning technique provide karengi.","Field ka naam prompt mein specify nahi kiya gaya hai, isliye five influential people ki meaningful list banana possible nahi hai. Agar field, jaise computer science, physics, economics, music, medicine, ya cybersecurity, provide kiya jaye to main five influential figures select karke har ek ka short explanation de sakta hoon.",Yes,Y
"Tum ek smart assistant ho jo high school teachers ki help karega reading comprehension questions banane mein. Diye gaye text se ek question aur answer pair banao taaki students ki reading abilities test ho sakein. Jab tum ye pair banaoge, toh format ye hona chahiye: ``` {{ ""question"": ""$YOUR_QUESTION_HERE"", ""answer"": ""$THE_ANSWER_HERE"" }} ``` ``` ke beech ka sab kuch valid JSON hona chahiye. Niche diye gaye text ke liye specified JSON format mein teen question/answer pairs banao: ---------------- US officials have hinted that this counteroffensive is coming in the next month or so, while Ukrainian forces on the ground have said they are ready to attack when Kyiv gives the word. According to military analysts who have looked at the documents, certain parts appear to be modified from their original format and exaggerate the American tally of Ukrainians killed in the war while downplaying the estimates of Russian troops killed. One of the slides states that Russia has lost 16,000 to 17,500 soldiers since the invasion, while Ukraine had suffered as many as 71,500 troop deaths. This is a gross underestimate from what the Pentagon and other analysts have estimated for Russian casualties with nearly 200,000 killed and injured. Ukraine has had more than 100,000 casualties in the war, according to the Pentagon. The documents appear to represent a significant breach of American intelligence, detailing information that has not been publicly stated by the Pentagon.",0.175,235,0.1362,0,0,464,"```json
{
  ""question"": ""What does the text suggest about the discrepancy in the casualty numbers provided in the documents?"",
  ""answer"": ""The documents exaggerate the American tally of Ukrainians killed in the war while downplaying the estimates of Russian troops killed, which is a gross underestimate compared to the estimates from the Pentagon.""
}
```

```json
{
  ""question"": ""According to the text, what is the current status of the Ukrainian forces mentioned?"",
  ""answer"": ""Ukrainian forces on the ground are said to be ready to attack when Kyiv gives the word.""
}
```

```json
{
  ""question"": ""What does the text indicate about the origin and significance of the documents mentioned?"",
  ""answer"": ""The documents appear to be a significant breach of American intelligence, detailing information that has not been publicly stated by the Pentagon.""
}
```","Task description actual prompt mein missing hai, isliye exact machine-learning technique choose nahi ki ja sakti. Technique problem type par depend karegi: labeled prediction ke liye supervised learning, unlabeled grouping ke liye clustering, sequential reward-based decision making ke liye reinforcement learning, aur dimensionality reduction ke liye methods such as PCA suitable ho sakte hain. Actual task description dene par specific technique aur reasoning identify ki ja sakti hai.",No,Y
"Niche diye gaye context ko use karke question ka answer do. Agar answer nahi pata toh seedha bol do ki nahi pata, faltu mein guess mat karna.",0.1307,27,0.2963,0,0,379,Хоёр бага цагийн програмонд ямар нэгэн танилцуулга бичихээс бага засвар хийх боломжтой бэ?,"```json
[
  {
    ""question"": ""What did US officials indicate about the Ukrainian counteroffensive?"",
    ""answer"": ""They indicated that the counteroffensive was expected to come in the next month or so.""
  },
  {
    ""question"": ""How did the leaked documents describe Russian and Ukrainian military deaths?"",
    ""answer"": ""One slide claimed Russia had lost 16,000 to 17,500 soldiers while Ukraine had suffered as many as 71,500 troop deaths.""
  },
  {
    ""question"": ""Why were the documents considered a significant breach of American intelligence?"",
    ""answer"": ""They contained information that had not been publicly stated by the Pentagon, including sensitive details about the war.""
  }
]
```",Yes,N
"Context use karo aur answer do. Nahi pata toh bol do, guess karne ki zaroorat nahi hai.",0.0964,17,0.4118,0,0,313,"Sure, please provide the context or the question you have in mind, and I'll be happy to help you with an answer. If you're not sure about the context, it's perfectly fine to say so as well.","Context/question itself is missing, so there is not enough information to answer reliably. Since the instruction explicitly says not to guess, the correct response is: **Nahi pata / insufficient context.**",Yes,Y
100 se chota woh sabse bada whole number batao jiske positive factors odd hon.,0.0714,14,0.2143,0,0,265,"100 से छोटे और सबसे बड़ा whole number जिसके पारितों (positive factors) विषम संख्याएँ हों, 49 है।

इसके पारितों (factors) यानी 1, 7 और 49 हैं, जो सबसे बड़ा विषम संख्या 49 तक पहुंचते हैं।

यदि हम 48 के पारितों देखेंगे, तो वे 1, 2, 3, 4, 6, 8, 12, 16, 24 और 48 हैं, जिनमें सम संख्याएँ हैं। इसी तरह 47 के पारितों 1 और 47 हैं, लेकिन 47 को बाद में चुनेंगे जो 100 से छोटी है लेकिन इसके बाद की विषम संख्या वाली सबसे बड़ी संख्या 49 है।","Context/question itself is missing, so I cannot determine the intended answer. I would rather say **nahi pata** than invent an answer without the required context.",Yes,N
2004 Indian Ocean earthquake aur tsunami ke main events ki ek timeline banao.,0.0635,13,0.1538,0,0,250,"इसे देखने के लिए 2004 यूनाइटेड ओशन भूकंप और तापोमय फैनक द्वारा प्रभावित कालांतर की एक कालांकी ताइमलाइन बनाते हैं:

15 दिसंबर 2004, 00:58:53 UTC (07:58:53 जानवरी न्यू डील्यूजी समय)

- **भूकंप** : इंडोनेशिया के तालुका शैवाल उपक्षेत्र में 9.1-9.3 मेगाटेक्स्टर शक्ति का भूकंप हुआ। यह भूकंप अपने पीछे एक बड़े ट्यूबिंग ग्रीनिच लाइन को चार सेंटीमीटर निकास कर दिया।

15 दिसंबर 2004, तापोमय फैनक:

- **तापोमय फैनक की बुलाई** : भूकंप द्वारा उत्पन्न विशाल आकार के तापोमय फैनक जोर से आगे बढ़ा।

15 दिसंबर 2004, 07:58 जानवरी न्यू डील्यूजी समय

- **तापो",A positive integer has an odd number of positive divisors exactly when it is a perfect square. The largest whole number below 100 that is a perfect square is 9² = **81**. Therefore the answer is **81**.,No,N
Jurassic Period ka koi dinosaur dhoond jiska naam 'T' se start hota ho.,0.0682,13,0.2308,0,0,259,"Jurassic Period mein, ek dinosaur jiska naam 'T' se shuru hota ho, uska naam T-rex ya Tyrannosaurus Rex hota hai. T-rex ek puraankatha mein jaldi aur shakti ke samandar ki simti ka saamaan thi. Ye ek baras 12-13 meter chota hota tha aur aatmaanivarth se 15 metric tonnes ka. T-rex mein sa ek aashiqui aur dhananjay ke kaam kar sakta hai!","A concise timeline of the 2004 Indian Ocean earthquake and tsunami is:
- **26 Dec 2004:** A magnitude-9-class megathrust earthquake occurs off the west coast of northern Sumatra.
- **Minutes later:** The seafloor displacement generates a massive tsunami.
- **26 Dec:** Waves strike Indonesia first and then reach Sri Lanka, India, Thailand, Maldives and other countries around the Indian Ocean.
- **Following hours:** Coastal communities across multiple countries suffer catastrophic deaths, injuries and destruction.
- **Following days/weeks:** International rescue and relief operations begin, with enormous humanitarian and reconstruction efforts.
The disaster became one of the deadliest natural disasters in recorded history.",Yes,N
"Data ki list di hai, do inputs dhundo jisse ek specific output ban sake.",0.0672,14,0.1429,0,0,257,"Of course! I'd be happy to help you find a specific output based on a list of data and two inputs. Could you please provide me with more details? Specifically:

1. What is the nature of the data list? (e.g., numbers, text, dates, etc.)
2. What are the two inputs you have?
3. What kind of specific output are you looking to achieve?

The more details you can give, the better I can assist you!","A Jurassic dinosaur whose name starts with T is **Tuojiangosaurus**, a stegosaur from the Late Jurassic. It lived in what is now China and was characterized by rows of plates along its back and spikes toward the tail. Another example is **Torvosaurus**, a large theropod dinosaur known from the Late Jurassic.",Yes,Y
Socho tum manager ho aur team mein gossip ho rahi hai. Ek chota sa paragraph likho is situation ko handle karne ke liye.,0.1229,23,0.4348,0,0,364,"Ji, manager ke roli mein, gossip ko samajh mein padhna aur handle karna zaruri hai. Is liye, aapki team mein ek team mehfil ka uthaana madad kar sakte ho, jahan team members ke behtar samaj aur samajh mein khatm karna dikhaya jata hain. Aisa karna say, team members ko aise situation mein rukne ke tarike dikha sakte hain. ""Har ek team member ko humein samajhna hai ki gossip se kya zaroorat hai, aur humein yeh samajhane ke tareekhe hain ki kaise unhone apne aap aur aapke team ke liye behtar samajh mein padhna."" Is tarah se hum team ki samajh aur samajh mein samayon ko bina krutiya aur negative impact ke shikhe sakte hain.","The prompt does not include the actual data list, target output, or rule connecting the inputs to the output, so the two inputs cannot be identified. To solve such a problem, I would enumerate or efficiently search pairs, apply the specified operation to each pair, and return the pair that produces the required output. The missing data is essential, so guessing would be inappropriate.",Yes,N
"Ingredients ki list dekh kar ek dish suggest karo, uska thoda description do aur batao ki ye ingredients ke liye best kyun hai.",0.1229,23,0.4348,0,0,364,"किसी तरह की इनग्रीडिएंट्स की लिस्ट देने पर आधारित एक डिश की सुझाव देना मुश्किल हो सकता है, लेकिन इस तरह की एक लिस्ट के आधार पर, मैं एक टॉमाटो वाला डिश सुझाव दे सकता हूँ:

**इनग्रीडिएंट्स:**
1. टॉमाटो
2. इमोलियम (मदर या ताजा टाइम)
3. ब्याज़ा
4. शब्दालू
5. बारिया
6. तेल (अंडे की तली या चिड़ियाघात का)
7. चीनी
8. बादम जिबी या मरियादा
9. सोया सूजन या जैविक त्योहार
10. नमक और त्वक

**डिश का नाम: टॉमाटो बेरी ब्रेड फ़ैले डिश**

**विवरण:**
यह एक निराला और अपनावाला डिश है जिसमें टॉमाटो और बेरी के मिश्रण को ब्रेड में फ़ैलाकर बनाया जाता है। यह टॉम","A manager should avoid becoming part of the gossip or trying to punish people based on rumors. I would address the team calmly, remind everyone that concerns about colleagues should be discussed through appropriate channels, and encourage direct communication rather than speculation. If gossip is affecting morale or targeting someone unfairly, I would speak privately with the people involved, understand what is happening, and set clear expectations about respectful workplace behavior. The goal is to restore trust without turning the situation into another source of drama.",Yes,N
Basic omelette banane ka process batao aur 3 customization options do.,0.0568,11,0.1818,0,0,237,"Bien sûr, voici le processus pour préparer un omelette aux bananes, ainsi que trois options de personnalisation :

### Processus pour préparer un omelette aux bananes :

1. **Préparation des ingrédients** :
   - 2 bananes mûres (coupées en tranches fines)
   - 3 œufs
   - Sel et poivre du moulin
   - 1 cuillère à soupe de sucre (facultatif)
   - 1 cuillère à café d'extrait de vanille (facultatif)

2. **Préchauffez votre poêle** :
   - Chauffez une poêle antiadhésive sur feu moyen.

3. **Ingrédients pour l'omelette** :
   - Cassez les œufs dans une tasse et battez-les jusqu'à ce qu'ils soient bien mous.
   - Ajoutez le sel, le poivre et le sucre (si utilisé).

4. **Ajoutez les bananes** :
   - Disposez les tranches de bananes dans la poêle chaude.
   - Faites cuire les bananes pendant environ 2 minutes sur chaque face, jusqu'à ce qu'elles soient dorées.

5. **Incorporez l'omelette** :
   - Versez les œufs battus sur les bananes.
   - Laissez cuire les œufs pendant quelques minutes, jusqu'à ce qu'ils commencent à se coaguler.

6. **Finalisation** :
   - Utilisez une spatule pour soulever l'omelette et la laisser cuire de l'autre côté.
   - Continuez jusqu'à ce que l'omelette soit bien cuite et dorée.

7. **Sertre** :
   - Servez immédiatement avec du beurre, du sirop d'érable, du sirop d'agave, ou de la cannelle.

### Options de personnalisation :

1. **Omelette aux bananes et fruits rouges** :
   - Ajoutez des cerises, des fraises ou des groseilles dans la poêle avec les bananes avant de verser les œufs. Laissez cuire les fruits jusqu'à ce qu'ils soient légèrement caramélisés.

2. **Omelette aux bananes et noix** :
   - Ajoutez des noix hachées (noix de pécan, noisettes, etc.) dans la poêle avec les œufs. Faites cuire les noix pendant une minute avant de verser les œufs. Continuez à cuire l'omelette comme indiqué.

3. **Omelette aux bananes et chocolat** :
   - Ajoutez une cuillère à soupe de chocolat fondu dans les œufs avant de les verser dans la poêle. Continuez à cuire l'omelette comme indiqué. Vous pouvez également ajouter des morceaux de chocolat dans la poêle avec les bananes.

Ces options de personnalisation permettent de créer des variations intéressantes pour cet omelette aux bananes. Bon appétit !","Without an ingredient list, I cannot recommend a specific dish. Given the ingredients, I would choose a recipe that uses the largest number of them naturally, minimizes ingredients that would otherwise go unused, and matches their flavors and cooking properties. For example, if the list contained tomatoes, onions, garlic, herbs and pasta, a tomato-herb pasta would be a strong choice because each ingredient contributes directly to the dish. Send the actual list for a concrete recommendation.",Yes,N
Bus mein kisi stranger se baat karne ki ek entertaining story sunao.,0.0703,12,0.3333,0,0,263,"इसकी लिखित संस्करण के रूप में, मैं एक उत्साहित और उत्साहजनक कहानी तैयार करूँगा जिसमें एक बस में एक अजात व्यक्ति से बातचीत की एक खेलदारी की ताकत प्रदर्शित हो सकती है:

एक सुबह, एक समुद्र की तरफ जाती हुई बस में एक दिलचस्प ताज राहती थी। बस के अंदर कई लोग बैठे थे, पर वह विशेष रूप से एक अजात व्यक्ति का अंदाज नहीं लगा। वह एक शांत रहने वाला लड़का था, जिसकी भावनाएँ अनोखी थीं। उसने ताज देखी और उसे बातचीत करना चाहा।

""नमस्ते, मैं तुम्हारा जवान दोस्त हूँ,"" उसने अनिश्चित लगाते हुए बोला।
ताज विचलित थी, लेकिन उसने उम्मीद के साथ जवाब दिया। ""नमस","For a basic omelette, whisk 2–3 eggs with a pinch of salt and pepper. Heat a lightly greased nonstick pan over medium heat, pour in the eggs, and let them begin to set. Gently move the cooked edges inward so uncooked egg reaches the pan. Add fillings when the center is still slightly soft, fold the omelette and cook briefly until set. Three easy customizations are: **cheese + herbs**, **mushroom + spinach**, or **tomato + onion + chili**. Avoid overcooking—the omelette should remain tender rather than rubbery.",Yes,N
"Agar customer call karke apna order status jaanna chahta hai, toh customer service representative ko kya steps follow karne chahiye?",0.1271,20,0.3,0,1,372,"Customer care representative ko order status se related koi query ka jawab diya jaane ke liye, iss tarike se steps follow karne chahiye:

1. **Pehla Namakarana**: Customer ki name, order number, email address, phone number, ya kisi bhi relevant information seek karna.

2. **Database Se Check Karna**: Customer ki order ko database se check karna aur uss order ki status dekha karna.

3. **Order History Review**: Agar order history me kisi particular step se jada information mile, use bhi review karna.

4. **Status Inform Karne Mein Pragmatic Sahi Language**: Customer ki order status ko clear aur concise tarah se baharon inform karna. Agar status kuch jaise hai, toh use easy-to-understand language mein batana.

5. **Yaad Rakhna**: Agar order status change hoga ya apne aap mein kuch special information milega, toh yeh customer ko bhi inform karna.

6. **Follow-up Steps Explain Karne Ka Pragmatic Sahi Language**: Agar customer koi follow-up steps ho gye, toh unhe bhi clearly explain karna.

7. **Apni Help Ke Baare Mein**: Agar customer kisi help ya support ki koi ki garchi zaroorat hui, toh yeh bhi offer kar sakti hai.

8. **Pehle Se Bhi Information Milne Ka Baad**: Agar database mein kuch information nahi mile, toh customer se aur details seek karna.

9. **Customer Ke Satisfaction Ke Liye Sehat Banna**: Agar koi confusion ho rahi ho ya customer ki kisi tarah ki help ki zaroorat hui, toh yeh sehat banane ke liye effort karna.

10. **Gumnaam Aur Safa Ki Tarike Se Communicate Karna**: Har step se kuch bhi baat karen aur customer ke satisfaction aur trust mein badaye.

Ye steps customer se clear aur professional tarah se jawab denge aur uske satisfaction mein badaye.","I once ended up next to a stranger on a crowded bus who was carrying a huge bouquet of flowers. After a few minutes, one flower escaped, rolled down the aisle and landed directly on a sleeping passenger’s lap. The stranger whispered, “Well, apparently it has chosen its destination.” The sleeping passenger woke up, looked at the flower, looked around suspiciously, and then simply put it behind his ear. By the end of the ride, three strangers had joined the joke and were debating whether the bus had accidentally become a matchmaking service. Nobody knew each other before that ride, but everyone got off smiling.",Yes,Y
Is code snippet ko reverse engineer karo aur 4 sentences mein samjhao ki yahan kya ho raha hai. var x = 3 var y = x + 4,0.1594,28,0.2857,0,1,434,"Aisi code snippet mein, `var x = 3;` ek variabel `x` ko 3 se initialize kiya ja raha hai. Phir, `var y = x + 4;` mein, ek naya variabel `y` likha ja raha hai jo `x` ki worth (jisme 3 hain) se 4 adde ki value (jisme 7 hain) ka use karta hai.","A customer-service representative should first verify the customer’s identity and order number without exposing unnecessary personal information. Then check the current order status in the system, including payment, processing, shipment and any tracking information. Explain the status in plain language and provide the expected delivery date if available. If the order is delayed, acknowledge the inconvenience and explain the reason only if verified. If the representative cannot resolve the issue, escalate it according to company policy and give the customer a clear next step or reference number. Never invent a tracking update or promise a delivery date that the system does not support.",Yes,Y
Kal ke liye ek meal plan taiyar karo unke liye jo healthy khana chahte hain aur jinka budget limited hai.,0.1021,20,0.3,0,0,324,"Sure! Abhi kisi bhi budget ke under, healthy aur nutritionally balanced meals banane ke liye ek simple meal plan banayunga. Aur ye meal plan ek dina ke liye hai. Aap iska upayog ek din k din kar sakte hain. Abhi dono tarike ka ek simple meal plan banayunga.

### Meal Plan: 

#### Breakfast (Sehati Rasm)
- **Options 1:** 
  - 1 banana
  - 1 glass of lassi (dahi)
- **Options 2:** 
  - 1 cup of oats with a handful of almonds and 1 tablespoon of honey
  - 1 glass of fresh orange juice

#### Lunch (Sehati Khana)
- **Option 1:** 
  - 1 small bowl of dal (lentils) with rice
  - 1 small bowl of mixed vegetables (like carrots, beans, spinach)
  - 1 small bowl of dal rice
  - 1 glass of water or green tea
- **Option 2:** 
  - 1 chapati (Indian flatbread) with 1/4 cup of mixed vegetable curry (spinach, tomatoes, and potatoes)
  - 1 cup of mixed salad (lettuce, tomato, cucumber)
  - 1 glass of water or coconut water

#### Snack (Sehati Khaana)
- **Option 1:** 
  - 1 apple
  - 1 handful of mixed nuts (almonds, cashews, walnuts)
- **Option 2:** 
  - 1 small bowl of yogurt (dahi)
  - 1 small bowl of fresh fruit (like berries, mango pieces)

#### Dinner (Sehati Khana)
- **Option 1:** 
  - 1 cup of vegetable soup (carrots, tomatoes, and spinach)
  - 1 small bowl of quinoa or brown rice
  - 1 small bowl of mixed vegetables (like beans, carrots, peas)
  - 1 glass of water or green tea
- **Option 2:** 
  - 1 small bowl of dal rice
  - 1 cup of mixed salad (lettuce, cucumber, tomato)
  - 1 small bowl of dal rice

#### Notes:
- **Cost-effective ingredients:** Use seasonal vegetables and legumes, which are often cheaper.
- **Hydration:** Ensure you drink plenty of water throughout","The snippet declares `x` with the value 3 and then declares `y` as `x + 4`, so `y` becomes 7. Conceptually, the two assignments are `x = 3` and `y = x + 4`. The code as written may also need semicolons or line separators depending on the JavaScript context, but the intended computation is straightforward: **x = 3, y = 7**.",No,Y
Is topic se related ek research question generate karo: How technology is revolutionizing the shopping experience,0.1031,16,0.1875,0,1,326,"Sure! Here's a research question related to how technology is revolutionizing the shopping experience:

**Research Question:** How has the integration of advanced technologies such as augmented reality, personalized recommendations, and mobile payments transformed the traditional retail shopping experience, and what are the key factors driving this transformation?","A budget-friendly healthy day could look like this:
**Breakfast:** oats cooked with milk/water, banana and a few peanuts.
**Lunch:** rice or roti with dal, seasonal vegetables and curd.
**Snack:** one fruit or roasted chana.
**Dinner:** roti with mixed vegetables and dal/eggs.
Drink mostly water and use inexpensive seasonal produce rather than imported or packaged foods. Pulses, eggs, oats, rice, potatoes, bananas and local vegetables can provide good nutrition without making the plan expensive. Portion sizes should be adjusted to the person’s energy needs.",No,Y
Is text ka tone identify karo aur same message convey karne ke do alternative tareeke batao—ek formal aur ek casual.,0.0958,20,0.2,0,0,312,"क्या आप मुझे एक उदाहरण देंगे जिससे मैं उस टेक्स्ट के तोन को समझ सकूं? यह सुनिश्चित करने के लिए दिया गया उदाहरण आपकी बातचीत में बहुत मदद करता है। लेकिन अगर उदाहरण नहीं दिया जाता है, तो मैं एक मानक उदाहरण बनाने जा रहा हूं और उसके अनुसार दो विभिन्न रूपों में संदेश प्रस्तुत करने के तरीके दिखाने का प्रयास करूंगा।

उदाहरण: ""मैं आपको अपने दूसरे रिक्वेशन पर बातचीत करने की अनुमति दे रहा हूँ।""

### फॉर्मल रूप:
""मैं आपकी योजना को ध्यान में रखकर अपनी उम्मीद के अनुसार दूसरे रिक्वेशन के बारे में बातचीत करने की अनुमति दे रहा हूँ।""

### कूशल रूप:
""मुझे द","A useful research question is: **“How does technology-driven personalization affect customer satisfaction and purchasing decisions in online and physical retail?”** This can be studied by examining recommendation systems, personalized offers, mobile shopping, augmented reality, cashierless stores and customer data use. The research could compare convenience and engagement benefits with concerns such as privacy, algorithmic bias and over-personalization.",Yes,N
"Ek question hai, (x+y+z)(xy+xz+yz)=25 aur x^2(y+z)+y^2(x+z)+z^2(x+y)=7 diya hua hai, toh real numbers x, y, aur z ke liye xyz ki value kya hogi?",0.1422,23,0.3478,0,1,401,"To solve for \(xyz\) given the equations:

1. \((x + y + z)(xy + xz + yz) = 25\)
2. \(x^2(y + z) + y^2(x + z) + z^2(x + y) = 7\)

Let's start by manipulating the second equation. We can rewrite the second equation as follows:

\[x^2(y + z) + y^2(x + z) + z^2(x + y) = x^2(y + z) + y^2(x + z) + z^2(x + y)\]

This can be grouped as:

\[x^2(y + z) + y^2(x + z) + z^2(x + y) = (x + y + z)(xy + xz + yz) - 3xyz\]

Given the value from the first equation:

\[(x + y + z)(xy + xz + yz) = 25\]

We can substitute this into the second equation:

\[25 - 3xyz = 7\]

Now, solve for \(xyz\):

\[25 - 3xyz = 7\]
\[25 - 7 = 3xyz\]
\[18 = 3xyz\]
\[xyz = \frac{18}{3} = 6\]

Therefore, the value of \(xyz\) is:

\[\boxed{6}\]","The actual text to analyze is missing, so its tone cannot be identified reliably. If the message were, for example, “Please send the report by Friday so we can finish the review,” the formal alternative could be “Kindly submit the report by Friday to facilitate completion of the review,” while a casual alternative could be “Can you send me the report by Friday so we can wrap up the review?” The exact rewrites should preserve the original meaning while changing only register and style.",Yes,Y
Is task mein aapko diye gaye key points ki ek summary likhni hai.,0.0682,13,0.2308,0,0,259,"हाँ, मुझे दिए गए कीव्यॉक्ट की एक सारांश लिखनी है। कृपया मुझे दिए गए कीव्यॉक्ट क्या हैं बताएं, ताकि मैं उससे एक संक्षिप्त सारांश तैयार कर सकूं।","We have
(x+y+z)(xy+xz+yz)=25
and x²(y+z)+y²(x+z)+z²(x+y)=7.
Notice the identity:
(x+y+z)(xy+xz+yz) = x²y+x²z+xy²+y²z+xz²+yz² + 3xyz.
The second expression is exactly the six mixed cubic terms, so it equals 7. Therefore 25 = 7 + 3xyz, giving 3xyz = 18 and **xyz = 6**.",Yes,Y
"Agar koi 'take a break' bole, toh uska ek appropriate response likho.",0.0547,12,0.0833,0,0,233,"Ji, koi 'take a break' bole toh ek appropriate response aur usefull feedback kuch aise hota:

""Sure, taking a break is a good idea to recharge and come back refreshed. Let's plan to resume at [time]. In the meantime, you might want to do something you enjoy or that helps you relax. Do you have any specific activities in mind?""

Yeh response humare dost, colleague ya family member ko support de raha hai aur unhe option bheja hai koi special activity karne ke liye. Isme toh respect ki tarika aur cooperation ka samman bhi hai.","The key points themselves are not included in the prompt, so a specific summary cannot be produced. In a proper summary, I would identify the central claim first, then retain the most important supporting facts or conclusions and remove repetition and minor examples. The final summary should be substantially shorter while preserving the original meaning.",Yes,Y
Ek aise metric ka example do jisse naye marketing campaign ki success measure ki ja sake.,0.0781,16,0.1875,0,0,278,"Indergi marketing kampanji ka success measure karne ke liye ek specific metric jaise ""Customer Acquisition Cost (CAC)"" ya ""Customer Lifetime Value (CLV)"" dekh sakte hain, lekin yeh ek example karne ke liye ek alag metric sunaunga - ""Return on Ad Spend (ROAS)"".

Return on Ad Spend (ROAS) ek metric hota hai jo kampanji ka financial success measure karta hai. Isse use karke aap pta chalega ki aapka marketing budget ka kam kya result deta hai. 

ROAS = (Ad Revenue / Ad Spend) * 100

Aise hi, aap jab ek nayi marketing campaign start karte hain, to aap usse 100% optimize karke profit maximize kar sakte hain. Isse use karke aap pta chalega ki aapka kampanji successful hai ya nahi. 

Example: Agar aapka ad spend 50,000 rupees hai aur aapka ad revenue 1,00,000 rupees hai, to ROAS calculation karte hue:

(1,00,000 / 50,000) * 100 = 200% ROAS

Iska matlab hai ki aapka kampanji 1 rupee ad spend se 2 rupees revenue generate karta hai. Yeh ek hi metric hai jo aapke kampanji ka financial success ko measure karta hai.

Isse use karke aap decision make kar sakte hain ki aap kampanji ko continue karna chahte hain ya nahi, aur kya aap marketing budget ko optimize karna chahiye.

Ji, yeh ek example hain jisse aapka marketing campaign ka success measure kar sakte hain.","An appropriate response to “take a break” could be: **“Yeah, good idea. I’ll step away for a bit and come back with a clearer head.”** It acknowledges the suggestion without sounding overly formal.",Yes,Y
"Ek table hai daily stock prices ki jisme StockID, Date, aur Price columns hain. Ek SQL query likho jisse pichle 7 days ka maximum price har stock ke liye mil jaye.",0.1411,31,0.1935,0,0,399,"Jaise aap ka pyaar ki tarah, aap ko ek SQL query dekhne do jisse pichle 7 barhne wale din ke saare stock ke maximum prices mil sakte hain:

```sql
SELECT 
    StockID, 
    Date, 
    Price
FROM 
    (
    SELECT 
        StockID, 
        Date, 
        Price,
        ROW_NUMBER() OVER (PARTITION BY StockID ORDER BY Price DESC) as rn
    FROM 
        daily_stock_prices
    WHERE 
        Date >= DATEADD(day, -7, GETDATE())
    ) t
WHERE 
    rn = 1
ORDER BY 
    StockID, 
    Date DESC;
```

Lekin yeh query ek sath sabhi stocks ke liye maximum price dene ka tarika nahin hai, kyuki `ROW_NUMBER()` ka use ek stock ke sabse zyada price ko ek sath dena chahiye. Jaise, ek stock ke sabse zyada price par 7 barhne wale din ko chahiye.

Ab isse aapko kuch aur refine karna hoga:

```sql
SELECT 
    StockID, 
    Date, 
    Price
FROM 
    (
    SELECT 
        StockID, 
        Date, 
        Price,
        ROW_NUMBER() OVER (PARTITION BY StockID ORDER BY Price DESC, Date DESC) as rn
    FROM 
        daily_stock_prices
    WHERE 
        Date >= DATEADD(day, -7, GETDATE())
    ) t
WHERE 
    rn = 1
ORDER BY 
    StockID, 
    Date DESC;
```

Yeh query pichle 7 barhne wale din ke saare stock ke maximum prices dena chahiye. `ROW_NUMBER()` function ko use karte hue `StockID` partition ke andar maximum price ko 1 rakhne ka tarika hota hai.

Agar `Price` column me ek saath tie hai to, isme sabse recent date wala record select ho jayega.","A useful metric for a new marketing campaign is **conversion rate**: the percentage of people who take the desired action, such as making a purchase or signing up, after seeing the campaign. For example, if 10,000 people visit a campaign landing page and 500 purchase, the conversion rate is 5%. Other useful metrics include customer acquisition cost, return on ad spend, click-through rate and incremental sales, depending on the campaign objective.",Yes,Y
Is text snippet ko dekh ke writing style analyze kar aur 3 suggestions de ki isko kaise improve kiya ja sakta hai.,0.1083,22,0.2727,0,0,336,Of course! Please provide the text snippet that you would like me to analyze for its writing style and suggest ways to improve it.,"Assuming the table is `StockPrices(StockID, Date, Price)`, one common SQL approach is:
```sql
SELECT StockID, MAX(Price) AS max_price
FROM StockPrices
WHERE Date >= CURRENT_DATE - INTERVAL '7 days'
GROUP BY StockID;
```
The exact date arithmetic varies by database. For example, SQL Server uses `DATEADD(day, -7, GETDATE())`. If “previous 7 days” means seven completed calendar days excluding today, the date boundary should be adjusted accordingly.",Yes,Y
Binary tree mein do nodes ka first common ancestor dhundne ke liye ek algorithm bana.,0.0792,15,0.2667,0,0,280,"Binary tree mein do nodes ke first common ancestor (FCA) ko dhundne ke liye ek algorithm banane ka ek samapt saman hai. Algorithm ko optimize karna chahiye agar efficiency aur speed ka dhyan rakha jaata hai. Waise to ek simple algorithm hota hai:

### Algo-1: Iterative Approach using Parent Pointers (Optimized)

1. **Input:** Root of the binary tree, and two node values, `node1` and `node2`.
2. **Output:** The first common ancestor of `node1` and `node2`.

#### Steps:

1. **Base Cases:**
   - If the root is `NULL`, return `NULL` (no tree).
   - If the root is `node1` or `node2`, return the root itself (root is the ancestor).

2. **Traverse the Tree:**
   - Use a `parent_map` dictionary to keep track of each node's parent.
   - Start from the root and traverse the tree using any traversal method (DFS or BFS). While traversing, update the `parent_map` with the parent of each node.
   - If you find `node1` or `node2`, break the traversal early.

3. **Find the Ancestor:**
   - Once you have the parent map, find the path from `node1` to the root.
   - The first node in the path of `node1` that is also in the path of `node2` is the FCA.

Here's a Python implementation of the algorithm:

```python
class TreeNode:
    def __init__(self, val=0, left=None, right=None, parent=None):
        self.val = val
        self.left = left
        self.right = right
        self.parent = parent

def build_tree():
    root = TreeNode(1)
    root.left = TreeNode(2, parent=root)
    root.right = TreeNode(3, parent=root)
    root.left.left = TreeNode(4, parent=root.left)
    root.left.right = TreeNode(5, parent=root.left)
    root.right.left = TreeNode(6, parent=root.right)
    root.right.right = TreeNode(7, parent=root.right)
    return root

def build_parent_map(node, parent=None):
    if node:
        node.parent = parent
        build_parent_map(node.left, node)
        build_parent_map(node.right, node)

def find_path_to_root(node):
    path =","The actual text snippet is not included, so I cannot honestly analyze its writing style. A useful style review would examine sentence length, vocabulary, tone, paragraph structure, repetition and clarity. Three broadly applicable improvements are: break very long sentences into smaller units, replace vague wording with specific language, and remove repeated ideas so each paragraph advances the message.",Yes,N
Ek example de ki kaise AI assistant use karke customer service process ko automate kiya ja sakta hai.,0.0885,18,0.2222,0,0,298,"AI assistants can significantly automate the customer service process, making it more efficient and effective. Here's an example of how this can be achieved:

### Scenario: Customer Support for an E-commerce Platform

#### 1. **Initial Engagement (Chatbot/Greeter)**
- **Scenario:** A customer visits the e-commerce website and is greeted by a chatbot.
- **AI Functionality:** 
  - The chatbot uses natural language processing (NLP) to understand the customer's greeting or query.
  - It can recognize common phrases like ""Help me find a product"" or ""I'm having trouble with my order.""
- **Action Taken:**
  - The chatbot greets the customer and asks if they need help finding a specific product or addressing an issue with an order.
  - It provides quick responses or directs the customer to relevant sections of the website.

#### 2. **Product Inquiry Automation**
- **Scenario:** A customer is looking for a specific product.
- **AI Functionality:**
  - The chatbot uses machine learning algorithms to understand the customer's query.
  - It can recommend similar products based on the customer's previous searches or purchase history.
- **Action Taken:**
  - The chatbot provides a list of recommended products and links to the product pages.
  - It can also answer basic questions about product features and availability.

#### 3. **Order Tracking**
- **Scenario:** A customer wants to track their order.
- **AI Functionality:**
  - The chatbot can access the customer's account data and order history.
  - It uses an algorithm to fetch the latest order status and shipping information.
- **Action Taken:**
  - The chatbot informs the customer about the current status of their order, including estimated delivery times.
  - It can provide links to the tracking page or relevant support articles.

#### 4. **Issue Resolution**
- **Scenario:** A customer reports a problem with their order.
- **AI Functionality:**
  - The chatbot can understand the nature of the issue and categorize it (e.g., wrong item, late delivery, damaged item).
  - It can use pre-defined templates or dynamically generate solutions based on the issue.
- **Action Taken:**
  - The chatbot offers a solution, such as a refund, replacement, or expedited delivery.
  - It initiates the process of resolving the issue, like sending a tracking link or a refund form.

#### 5. **Follow-Up and Feedback Collection","For a binary tree, the first common ancestor is usually called the **lowest common ancestor (LCA)**. A recursive algorithm works as follows: if the root is null or equals either target node, return the root. Recursively search the left and right subtrees. If both sides return non-null, the current root is the LCA; otherwise return whichever side is non-null. This takes O(n) time in the worst case and O(h) recursion space. If the tree is specifically a BST, an even simpler approach uses value comparisons to walk downward in O(h) time.",Yes,Y
"Is business idea ki feasibility aur potential pitfalls analyze kar: 5,000 population wale ek chote town mein ek high-end, gourmet donut shop kholna.",0.1062,23,0.1739,0,0,332,"Rahat se rahein ki 5,000 ka chota town mein ek high-end, gourmet donut shop kholna ek zyada chalak idea hota hai, lekin kuch anza-banza aur risk bhi hain. Aapko kuch anza-banza aur potential pitfalls analyze karne ki koshish karenge.

### Feasibility:
1. **Market Analysis:**
   - **Local Preference:** Check if there is a market for gourmet donuts in your town. Are people willing to pay a premium for high-end treats?
   - **Competitor Analysis:** Look at existing food establishments, particularly cafes, bakeries, and restaurants. Are there similar high-end gourmet shops already in operation?

2. **Logistics:**
   - **Supply Chain:** Ensure you can get high-quality ingredients and packaging materials locally or from reliable suppliers.
   - **Delivery & Distribution:** Plan for efficient delivery and distribution of donuts to nearby areas if required.

3. **Regulations & Permits:**
   - Check local business regulations, health and safety standards, and any other permits required to start a food business.

4. **Foot Traffic:**
   - Assess the foot traffic in your target location. Are there enough potential customers visiting the area regularly?

5. **Budget & Revenue Projections:**
   - Develop a detailed business plan with projected costs and revenue. Consider the initial setup cost, ongoing expenses, and expected revenue.

### Potential Pitfalls:

1. **High Cost of Ingredients:**
   - High-end donuts often require premium ingredients. Ensure you can manage costs without increasing prices too much.

2. **Limited Customer Base:**
   - A town of 5,000 people may not provide a large enough customer base to sustain a high-end gourmet donut shop. You might need to consider strategies to attract visitors from outside the town.

3. **Marketing & Branding:**
   - Effective marketing is crucial. You will need to invest in advertising, social media, and possibly events to create awareness and drive traffic.

4. **Seasonality:**
   - Food businesses can be seasonal. Ensure you have a plan to manage slower periods and maintain consistent customer interest.

5. **Local Competition:**
   - If there are other high-end or gourmet shops in the area, they could pose a threat. Differentiate your offering and find ways to stand out.

6. **Customer Perception:**
   - Customers might be skeptical","An AI assistant could automate customer-service triage by receiving incoming messages, classifying their intent, extracting order/account information, and routing each request to the right workflow. For example, “Where is my order?” can trigger an order-status lookup, while “I received the wrong item” can create a replacement/refund ticket. Routine questions can be answered automatically, while unusual or sensitive cases can be escalated to a human agent. The key safeguards are access control, accurate retrieval from trusted systems, audit logs, and a clear human escalation path.",Yes,N
Ek client company ke liye strategy bana jo apni website ki SEO improve karna chahte hain.,0.0859,16,0.3125,0,0,293,"Baat apni client company ke website ki SEO improve karna hai. Is liye hume ek strategi banaenge jisme se sare relevant SEO practices ko cover karenge. Yeh strategi ke andar hum ne keywords research, content optimization, backlink building, mobile optimization, and technical SEO practices ka use kiya. Iske liye hum ne aise steps follow kiya hain:

1. **Keywords Research:**
   - Relevant keywords aur phrases lena jisme humara target audience ke needs aur search patterns ke according hota hai.
   - Tools like Google Keyword Planner, Ahrefs, Moz, etc. use karein.

2. **Content Optimization:**
   - Hum website ke content ko optimize karenge jaise meta tags, headings, body text, alt text for images, internal linking, etc.
   - Regularly updated and high-quality content produce karenge.

3. **Backlink Building:**
   - Relevant backlinks build karenge jisme humara website ki credibility aur authority badhaye.
   - Guest blogging, link building campaigns, and content marketing use karenge.

4. **Mobile Optimization:**
   - Hum website ko responsive design ke through optimize karenge jisme mobile users ko bhi smooth experience mil sake.
   - Google PageSpeed Insights ka use kar sakte hain.

5. **Technical SEO:**
   - Hum technical issues resolve karenge jaise site speed, site structure, broken links, SSL certificate, etc.
   - Google Search Console aur Webmaster Tools use kar sakte hain.

6. **Local SEO (Agar Company Local Hai):**
   - Google My Business optimize karenge.
   - Local citations aur reviews manage karenge.

7. **Social Media Integration:**
   - Hum social media platforms se website traffic generate karenge aur SEO ke through rank aane ki help mil sakti hai.

8. **Analytics and Reporting:**
   - Hum Google Analytics use karenge jisme website ki performance track karein aur regular reports generate karein.
   - SEO performance analyze karne ke through optimization strategies update karein.

9. **User Experience (UX):**
   - Hum UX improve karenge jisme SEO bhi improve hota hai.
   - Easy navigation, fast loading times, and engaging content use karein.

10. **Regular Audits and Updates:**
    - Regular SEO audits","A gourmet donut shop in a town of 5,000 people is potentially feasible, but a pure high-end model would carry substantial demand risk. The biggest issue is market size: even if many residents like donuts, they may not buy premium products frequently enough to support high fixed costs. I would test demand first through pop-ups, weekend stalls or pre-orders. The shop could reduce risk by offering a few signature premium donuts alongside affordable classics, coffee and seasonal products. Location, tourist traffic, delivery reach, ingredient costs and competition matter greatly. A small production-focused model with controlled rent is safer than investing heavily in an upscale storefront before validating repeat demand.",Yes,Y
"Is statement ki validity check karo: Jellyfish ke paas brains nahi hote, isliye unme koi cognitive abilities nahi hoti.",0.0953,19,0.2632,0,0,311,"इस कथन की वैधता की जांच करने पर, यह स्पष्ट होता है कि कुछ असहमतियाँ हैं। 

जीलीफिश (जीलीफिश) न कि वे ब्राइन्स (मनोवैज्ञानिक क्षमताएँ) नहीं रखते, बल्कि वे एक विशिष्ट प्रकार के मनोवैज्ञानिक क्षमताओं का अनुभव करते हैं, लेकिन यह कि वे मानव जैसी क्षमताओं को नहीं रखते।

1. **ब्राइन** (मन): जीलीफिश में एक विशिष्ट न्यूरोलॉजिकल सिस्टम होता है जो कुछ रचनात्मक और आवश्यक गंधिक और कार्यों को करने की क्षमता प्रदान करता है। यह बहुत अल्पाकारी होता है लेकिन यह उनकी जीवनशैली के लिए अत्यंत जरूरी है।

2. **कॉग्निटिव क्षमताएँ** (समझ और तयारी क्षमताएँ): जीलीफिश के लिए कुछ त","An SEO strategy should start with technical health, search intent and high-quality content rather than simply adding keywords. First, audit crawlability, indexing, page speed, mobile usability, broken links, canonical tags and structured data. Next, research keywords by intent and map them to dedicated pages. Build useful content that genuinely answers the searcher’s question, then strengthen internal linking and earn credible backlinks through original resources, partnerships or digital PR. Track organic traffic, rankings, indexed pages, conversions and revenue—not rankings alone. SEO should be treated as a long-term system: technical foundation → useful content → authority → measurement and iteration.",Yes,N
Star Wars universe ki civilization aur technology ka level evaluate karo aur batao ki hamari current duniya se wo kaise different hai.,0.1141,22,0.3636,0,0,347,"Star Wars विश्व की साहसिक संस्कृति और प्रौद्योगिकी की तैयारी करने के लिए एक बहुत विस्तारित और विविध परिसर है। इसमें विभिन्न क्षेत्रों में तकनीकी और साहसिक संस्कृति का अनुभव होता है। यहाँ आपकी पूछताछ का जवाब देने की कुछ मुख्य बातों की अवलोकन दी गई हैं:

1. **संस्कृति**: 
   - Star Wars में संस्कृति बहुमुखी है, जहां विभिन्न जाति की संस्कृति और धार्मिक पराभूति मिलाई जाती है। यह जैसे जैसे जातियाँ और संस्कृतियाँ आकर्षित होती हैं, वैसे वैसे विभिन्न राजवंशों और संस्कृतियों के परिवार बनते हैं।
   - तब तक हमारी दुनिया में संस्कृति अधिक संयत्रित और बंद होती है, जह","The statement is **partly true but the conclusion is false**. Jellyfish do not have a centralized brain like humans or mammals; instead, they have a decentralized nerve net that coordinates movement and responses to stimuli. The absence of a brain does not mean the absence of all cognitive or behavioral capabilities. Jellyfish can respond to environmental cues and show relatively sophisticated behavior for organisms with such simple nervous systems. “No brain” and “no cognition whatsoever” are therefore not equivalent claims, especially because cognition itself can be defined in different ways.",Yes,N
"Ek article ka fragment diya gaya hai, baaki ka content likh kar article complete karo.",0.0875,15,0.4,0,0,296,"Of course! Please provide the fragment of the article you have, and I will help you continue it to make it complete.","Star Wars depicts a civilization with technology vastly beyond present-day Earth in several areas: faster-than-light travel, advanced robotics, artificial intelligence-like droids, energy weapons, cybernetics and planet-scale infrastructure. The fictional galaxy also has widespread interstellar trade and political institutions operating across enormous distances. Compared with our current world, the biggest difference is not one gadget but the maturity and integration of these technologies into ordinary life. At the same time, Star Wars deliberately mixes futuristic technology with older social structures—monarchies, empires, local economies and physical combat—so it is not simply a technologically advanced version of modern Earth.",Yes,Y
Ek naya sentence generate karo jisme diye gaye sentence ke saare words same order mein use hon.,0.0818,17,0.1765,0,0,285,"Inder贾恩, 当然可以。请给出您希望我基于其生成新句子的原有句子，这样我可以帮助您完成任务。","The article fragment itself is not provided, so I cannot continue it faithfully without inventing facts or style. To complete an article responsibly, I would preserve the original topic, tone, point of view and level of detail, then develop the unfinished argument toward a coherent conclusion. If the fragment is supplied, I can write a continuation that feels like a natural extension rather than introducing unrelated ideas.",Yes,N
"Deductive reasoning use karke ye mystery language pehchano: Ye ek Romance language hai, Europe mein nahi boli jaati, aur South America ke kayi countries ki official language hai.",0.1594,28,0.2857,0,1,434,"Aarzuki, aise ek mystery language dena kafi samjhawani hai. Yahaan par ek dedakti reasoning se yeh language pta chala jata hai:

1. Ek Romance language hai - Isme hum kuch potential options mil jata hain: Spanish, French, Italian, Portuguese, Romanche etc.

2. Europe mein nahi bolni hai - Aise languages mein se kuch, jaise French, Spanish, Italian, Portugal, etc. Europe mein main languages hai.

3. South America ki ke kayi countries ki official language hai - Iske according, possibilities milti hain: Spanish, Portuguese.

Iske baad, yeh options ko combine karke hum pta chalenge ki:

- Spanish - Europe mein nahi boli jaati (but it's official in Spain, a country in Europe), so this is not the answer.
- Portuguese - Europe mein nahi boli jaati aur Brazil aur aise South American countries ki official language hai.

Isliye, deduktive reasoning se hum dekh sakte hain ki mystery language Portuguese hota hai.","The original sentence whose words must be reused is missing, so I cannot construct the requested sentence. If the requirement is that every original word appear exactly once and in the same order, the safest approach is to add only grammatical punctuation or a small number of permitted function words if the task allows them. Please provide the source sentence for an exact answer.",Yes,Y
"Ek bookstore ki sale month ki un dates pe hoti hai jo 5 ke multiples hain (jaise June 5, June 10...). Ek shoe store ki sale har 6 din baad aati hai. July 3 ko shoe store ki sale thi. Toh July mein kitni baar dono stores ki sale same date pe padegi?",0.1818,53,0.2453,0,0,477,"To solve this problem, we need to determine the dates when both stores have sales and find the common dates in July.

1. **Bookstore Sales**:
   - The bookstore has sales on dates that are multiples of 5.
   - In July, these dates are: 5, 10, 15, 20, 25, 30.

2. **Shoe Store Sales**:
   - The shoe store has sales every 6 days.
   - Starting from July 3, the sales dates are: 3, 9, 15, 21, 27.

Now, we need to find the common dates between these two sets of dates:

- Bookstore sales in July: 5, 10, 15, 20, 25, 30
- Shoe store sales in July: 3, 9, 15, 21, 27

The common date is July 15.

Therefore, the two stores have a sale on the same date only once in July, which is on July 15.","The language is **Spanish**. It is a Romance language, is not limited to Europe, and is an official language in several South American countries, including Argentina, Chile, Colombia, Peru and others. Spanish is also spoken officially in many countries outside South America.",Yes,Y
Ek aisa function likho jo string ke andar se curse words censor kar de. Ye words ek SQL database se aane chahiye. Table ka naam CURSE_WORDS_TABLE hai aur column ka naam WORD hai.,0.1562,33,0.303,0,0,428,"Sure, a Python function can be created to read curse words from an SQL database and then censor them in a given string. Below is an example of how you could achieve this. For simplicity, I'll assume you have a SQLite database, but you can adapt this to other SQL databases as needed.

First, ensure you have the necessary libraries installed:
```bash
pip install sqlite3
```

Here's a Python function that reads curse words from a `CURSE_WORDS_TABLE` and censors them in a given string:

```python
import sqlite3

def censor_curse_words(input_string, db_path='curse_words.db'):
    # Connect to the SQLite database
    conn = sqlite3.connect(db_path)
    cursor = conn.cursor()
    
    # Query the database to get all curse words
    cursor.execute(""SELECT WORD FROM CURSE_WORDS_TABLE"")
    curse_words = [row[0] for row in cursor.fetchall()]
    
    # Close the database connection
    conn.close()
    
    # Censor the curse words in the input string
    censored_string = input_string
    for word in curse_words:
        censored_string = censored_string.replace(word, '*' * len(word))
    
    return censored_string

# Example usage
input_string = ""This is a test string with some curse words like shit and damn.""
censored_string = censor_curse_words(input_string)
print(censored_string)
```

### Explanation:
1. **Database Connection**: The function connects to the SQLite database using `sqlite3.connect(db_path)`.
2. **Query Execution**: It executes a SQL query to fetch all curse words from the `CURSE_WORDS_TABLE` and stores them in a list.
3. **Censoring**: The function iterates over each curse word and replaces it with `'*'` characters of the same length.
4. **Return Censored String**: Finally, it returns the censored string.

### Notes:
- **Database Path**: The `db_path` parameter allows you to specify the path to your database file. By default, it assumes the database file is named `curse_words.db` in the same directory as the script.
- **Replacement Character**: The replacement character used is an asterisk (`*`). You can customize this if needed.
- **Case Sensitivity**: This example is case-sensitive. If you need case-insensitive matching, you can convert both the input string and the curse words to lower case before comparing.

You can adapt this function to work","The bookstore has sales on multiples of 5 in July: 5, 10, 15, 20, 25, 30. The shoe store had a sale on July 3 and repeats every 6 days: 3, 9, 15, 21, 27. The common date is **July 15** only. Therefore the two stores’ sales coincide **1 time** in July.",Yes,Y
"Ek JavaScript function banao jo ek string le aur ek object return kare, jisme string ka har character key ho aur wo character kitni baar aaya hai, wo value ho.",0.1354,30,0.1667,0,0,388,"Sure, yeh ek JavaScript function hota hai jo dhoondhta hai ki string mein kitni baar har character aaya hai aur uss ko object form mein return karta hai. Ye function kuchh samay mein yeh karna hoga:

```javascript
function countCharacters(str) {
    let charCount = {};
    for (let char of str) {
        if (charCount[char]) {
            charCount[char]++;
        } else {
            charCount[char] = 1;
        }
    }
    return charCount;
}
```

Is function mein, `charCount` ek object hai jisme har character key aur unki baar ki value store hoti hai. Ab aapko ek string pass karne ka example dekhein:

```javascript
let result = countCharacters(""hello"");
console.log(result); // Output: { h: 1, e: 1, l: 2, o: 1 }
```

Is function ko apne JavaScript code mein hi ek function mein include kar sakte hain.","Here is a Python-style implementation that loads the forbidden words from the database and replaces occurrences with asterisks:
```python
import re

def censor(text, cursor):
    cursor.execute(""SELECT WORD FROM CURSE_WORDS_TABLE"")
    words = [row[0] for row in cursor.fetchall()]

    for word in words:
        pattern = re.compile(r'\b' + re.escape(word) + r'\b', re.IGNORECASE)
        text = pattern.sub(lambda m: '*' * len(m.group()), text)
    return text
```
Using parameterized database access through the application’s DB driver is preferable to constructing SQL from user input. Word-boundary behavior should also be adjusted if the intended policy includes partial-word matches.",Yes,Y
Java mein ek function likho jo string ke andar kisi diye gaye regex ke saare matches output kare.,0.0854,18,0.1667,0,0,292,"Ji, aapka pyar ki gah mein, yahaan Java mein ek function diya gaya hai jo string ke andar kisi diye gaye regex ke saari matches ko print karta hai. Ye function `Pattern` aur `Matcher` classes ka use karta hai:

```java
import java.util.regex.Matcher;
import java.util.regex.Pattern;

public class RegexMatcherExample {

    public static void printMatches(String input, String regex) {
        // Pattern.compile(regex) mein 'regex' ko pattern mein convert karta hai.
        Pattern pattern = Pattern.compile(regex);
        
        // Matcher object create karta hai jo input string ke andar 'pattern' ke saath match karta hai.
        Matcher matcher = pattern.matcher(input);
        
        // matcher.find() method check karta hai ki 'input' string mein kya 'pattern' ke koi match hai.
        while (matcher.find()) {
            // matcher.start() aur matcher.end() method match ki starting aur ending index ko return karta hai.
            // matcher.group() method current match ke text ko return karta hai.
            System.out.println(""Found match: "" + matcher.group() + "" at index: "" + matcher.start() + "" to "" + matcher.end());
        }
    }

    public static void main(String[] args) {
        // Example usage
        String input = ""Hello, world. Welcome to the world of Java, Java, Java!"";
        String regex = ""Java"";
        printMatches(input, regex);
    }
}
```

### Explanation:
1. **Pattern.compile(regex)**: This method compiles the regex string into a Pattern object.
2. **Matcher matcher = pattern.matcher(input)**: This creates a Matcher object that will match the given input against the compiled pattern.
3. **matcher.find()**: This method finds the next subsequence of the input sequence that matches the pattern. It returns true if such a subsequence is found, and false if no more matches are found.
4. **matcher.group()**: This method returns the part of the input sequence matched by the entire pattern.
5. **matcher.start() and matcher.end()**: These methods return the start and end positions of the last match found.

### Example Output:
If you run the provided code with the given input and regex, the output will be:
```
Found match: Java at index: 26 to 29
Found match: Java at index: 56 to 59","```javascript
function characterFrequency(str) {
  const counts = {};
  for (const ch of str) {
    counts[ch] = (counts[ch] || 0) + 1;
  }
  return counts;
}

console.log(characterFrequency(""hello""));
// { h: 1, e: 1, l: 2, o: 1 }
```
This treats every JavaScript string iteration unit as a character. For full Unicode grapheme handling, such as emojis composed of multiple code points, a grapheme-aware approach would be needed.",Yes,Y
"In elements ko use karke ek short story likho: ek khoya hua kutta (lost dog), ek unforgettable adventure, aur ek hidden treasure.",0.0943,22,0.0455,0,0,309,"### The Lost Dog's Unforgettable Adventure and the Hidden Treasure

---

In the bustling city of New York, amidst the towering skyscrapers and endless hustle and bustle, there lived a small, scruffy dog named Charlie. Charlie wasn't just any ordinary dog; he was the beloved companion of a little girl named Lily. However, one fateful morning, Charlie went missing, leaving Lily heartbroken and her family worried.

**The Search Begins**

Lily and her family, consisting of her parents and her younger brother, Max, started the search for Charlie. They posted flyers, rang doorbells, and even called local shelters. Days turned into weeks, and the hope began to fade. Lily would often sit by the window, hoping to see Charlie's familiar wag of his tail.

**An Unexpected Encounter**

One crisp autumn afternoon, Lily was on her way to the park when she heard a distant whining. She turned around and saw a dog, slightly larger and more shaggy than Charlie, running towards her. It was Charlie! Or was it? It was hard to tell. The dog had a patchy coat and seemed slightly fearful. Lily called out, ""Charlie, are you there?""

The dog stopped, looked at her, and then darted behind a tree. Lily was determined, and she followed, whispering, ""Charlie, it's me, Lily. Don't be scared.""

**The Adventure Begins**

As Lily approached the tree, she noticed that Charlie had a collar with a tag that read ""Found: Charlie, please contact his family."" Lily's heart skipped a beat. She decided to take Charlie home with her to make sure he was safe.

**Uncovering the Treasure**

Over the next few days, Lily and Charlie grew closer, and Lily's parents began to trust that the dog was indeed their Charlie. One day, while playing in the backyard, Charlie suddenly stopped and started digging frantically. Lily watched curiously as he unearthed an old, leather-bound book. Inside were maps and notes, leading to a hidden location in the city.

Lily and Charlie set out on a new adventure to follow the clues. They visited old bookstores, talked to elderly residents, and followed the map's directions to a small, abandoned building near Central Park. Inside, they found a chest filled with old toys, letters, and a journal. The journal belonged to a man named Edward, who had lived in the city over a century ago. He had hidden the chest to protect his family's treasure.

**A Family Reunion**

As it turned out, Edward was a distant relative of Lily's family. The treasure belonged to a long-lost relative, and the journal contained a message from Edward, expressing his hope that his treasure would be found by someone who would care for it as much as he did. Lily's family was overjoyed, and the story of the lost dog, the unforgettable adventure, and the hidden treasure became a cherished tale in their family.

Charlie, now a trusted family member, would wag his tail proudly whenever the family gathered around to read the journal. And Lily, with a smile, would always remember the day she found her lost friend and uncovered a piece of their family's history.","```java
import java.util.regex.*;
import java.util.*;

static List<String> findMatches(String input, String regex) {
    List<String> matches = new ArrayList<>();
    Matcher matcher = Pattern.compile(regex).matcher(input);

    while (matcher.find()) {
        matches.add(matcher.group());
    }
    return matches;
}
```
The method compiles the supplied regular expression, scans the input with a `Matcher`, and adds every matched substring to a list. If you only want to print the matches, replace the list with `System.out.println(matcher.group())` inside the loop.",Yes,N
Criminal justice system mein AI use karne ke faydon par ek 300 words ki report likho.,0.0859,16,0.3125,0,0,293,"**Criminal Justice System mein Artificial Intelligence (AI) Ka Istemal: Faydaon Ki Raftari**

Artificial Intelligence (AI) ki criminal justice system mein istemal ki aadat ek jadu ki tayari hoti hai. AI ke istemal se, criminal justice system mein kuchh bhi aur kuchh nahi hota, lekin kuchh aur, aur kuchh nahi to nahin hota. AI ki use mein, system ko intelligent kar deta hai, isse judicial decisions, risk assessment, resource management, aur much more par kaafi fayda aata hai. 

AI ke criminal justice system mein istemal se ek achi tafsirot hai ki, system ko intelligent aur eficient banane ki barat hoti hai. AI ka istemal aur judicial decisions mein risk assessment, prediction of future criminal behavior, aur potential recidivism se associated hai. AI based risk assessment tools can help judges and parole boards make more informed decisions based on data rather than gut feeling. 

AI ko criminal justice system mein use karne se another benefit hai ki, it can help in resource management. AI can assist in identifying patterns and trends in criminal activities, aiding in resource allocation and improving response time. It can also help in identifying potential areas of concern, such as gang activity or human trafficking, and alert relevant authorities.

Moreover, AI can help in reducing human bias in the criminal justice system. AI algorithms can be trained to be unbiased, unlike human beings who are prone to bias due to personal or social reasons. AI can analyze large amounts of data and provide objective insights, which can help in making fair and impartial decisions.

However, it is important to note that the use of AI in the criminal justice system also raises ethical concerns. AI systems are only as good as the data they are trained on, and if the data is biased, the AI system will be biased. Therefore, it is crucial to ensure that the data used to train AI systems is diverse and representative.

In conclusion, the use of AI in the criminal justice system can bring about significant improvements, but it is important to ensure that it is used ethically and with caution. AI can help in making the system more efficient, fair, and effective, but it should not replace human judgment and decision-making.

**Kafi faydaon se AI ki use criminal justice system mein istemal hoti hai, lekin isse wajib kiya","Milo had been missing for three days when Sara noticed a faint scratching sound behind an abandoned garden shed. She followed it and found her dog trapped beside a collapsed wooden bridge. Freeing Milo led her into a forgotten trail where the pair discovered a rusted metal box beneath an enormous oak. Inside was a hand-drawn map and an old compass pointing toward a hidden cave. Their adventure became unforgettable as they crossed the forest, solved the map’s clues and finally uncovered a small chest of historical coins. Sara returned the treasure to the local museum, while Milo became famous in the neighborhood for “finding” it first.",Yes,N
"Ye bata ki social media se zyada fayda hota hai ya nuksan, aur apne point ke liye teen arguments do.",0.1052,20,0.35,0,0,330,"Social media ke baare mein, kisi bhi platform ki tarah kaam aur nuksan hai, lekin sabse ziyada fayda social media se milega kisi bhi platform se. Ye nuksan aur fayda ko taur se zyada jyada wajah se jaata hai. Ab aap ke point ke liye teen arguments de raha hoon:

1. Fayda:
- **Informative and Educational Content**: Social media se jyada kisi aur platform se, hum log zyada samay mein informativ aur educational content se mil sakte hain. Educational platforms, webinars, online courses, and informative articles are widely shared on social media.

- **Networking and Professional Growth**: Social media platforms provide a great opportunity for networking. Professionals can connect with peers, industry leaders, and potential employers. This not only enhances professional growth but also opens up job and business opportunities.

2. Nuksan:
- **Privacy and Security Issues**: Social media platforms store a lot of personal information, and there is always a risk of data breaches. Personal data can be misused, leading to identity theft, cyberbullying, and online harassment.

- **Addiction and Mental Health**: Excessive use of social media can lead to addiction, which can negatively impact mental health. It can cause stress, anxiety, and depression. Moreover, the curated and filtered nature of social media often leads to feelings of inadequacy and low self-esteem.

Yeh do arguments social media se zyada fayda ki baat ko support karte hain, kisi bhi platform ke saath compare karke.","AI can support criminal justice by helping organize large datasets, identify patterns, prioritize administrative workloads and assist investigators with evidence analysis. For example, systems can search documents, transcribe interviews, detect relationships across records or help courts manage case information. These tools can reduce repetitive work and potentially improve consistency. However, criminal justice is a high-stakes domain, so efficiency cannot be the only objective. Historical data may encode discrimination, models can produce false positives, and opaque systems can make it difficult for defendants to challenge decisions. Human oversight, transparent evaluation, due-process protections, privacy safeguards and regular bias testing are essential. AI should assist accountable decision-makers rather than quietly replacing them. The most defensible uses are those where the system provides evidence or administrative support while final consequential decisions remain reviewable by humans.",Yes,N
'Environment' theme par 5 innovative app ideas ki list banao.,0.0542,10,0.2,0,0,232,"हाँ, निम्नलिखित पाँच शिंबाज़ी अप्लिकेशन विचार आपके 'पर्यावरण' थीम के लिए प्रस्तुत कर रहे हैं:

1. **प्लास्टिक रेटर**:
   - इस अप्लिकेशन का उद्देश्य घरेलू प्लास्टिक रिकायर्जेशन को सरल करना है। उपयोगकर्ताओं को अपने घर और बैठक स्थानों से प्लास्टिक पदार्थों की खोज और उनके संग्रह के लिए इनन नुसार संसाधन योग्य विकल्प देता है।

2. **क्षुद्र जीव अभियान**:
   - यह अप्लिकेशन उपयोगकर्ताओं को नौकरी और विकल्प देता है जिनमें उन्हें अपने क्षेत्र में क्षुद्र जीवों की रक्षा करने के लिए शामिल करने में मदद मिलती है।

3. **रहस्यास्पद वन्यजीव रिकोगनिशन**:
   - यह अप्लिकेशन उपयोगक","Social media can produce both benefits and harms, but whether it causes more good or harm depends heavily on how it is used. First, it improves communication by letting people maintain relationships across distance and quickly form communities around shared interests. Second, it can provide educational resources, professional networking and access to diverse perspectives. Third, excessive or poorly managed use can contribute to distraction, social comparison, misinformation and harassment. Therefore, the strongest conclusion is not that social media is inherently good or bad; its impact depends on platform design, content, user behavior, age, context and amount of use.",Yes,N
Ek wedding planner bano aur suggest karo ki ek chhoti aur intimate wedding ko special kaise banayein.,0.0854,17,0.2353,0,0,292,"Of course, I'd be delighted to help you plan a small, intimate wedding that feels special! Here are some suggestions to make the event memorable:

### 1. **Venue Selection**
   - **Natural Settings:** Opt for a beautiful outdoor location like a botanical garden, a vineyard, or a beach. Natural settings can provide a stunning backdrop.
   - **Cozy Spaces:** Alternatively, a small, elegant venue like a historic home, a charming cottage, or a private room in a luxury hotel can also be perfect.

### 2. **Personalized Decor**
   - **Color Scheme:** Choose a color palette that resonates with your personal style or the season. For instance, pastel shades for a spring wedding or rich, warm tones for fall.
   - **Custom Décor:** Add personal touches through unique centerpieces, such as potted herbs, hand-painted ceramics, or small plant arrangements.
   - **Lighting:** Soft, ambient lighting can create a warm and intimate atmosphere. Consider string lights, lanterns, or candles.

### 3. **Menu**
   - **Small, Personalized Platters:** Offer a few small, personalized platters for guests to enjoy. Think of local flavors or special dishes that reflect the couple’s tastes.
   - **Bar or Cocktail Hour:** Set up a small bar area or cocktail hour with a selection of drinks, including mocktails, if needed.

### 4. **Seating Arrangement**
   - **Intimate Seating:** Arrange tables and chairs in a way that encourages guests to mingle and feel comfortable. Think of a horseshoe shape or a circle.
   - **Personal Touches:** Place small, personalized name cards or tags at each seat, making guests feel valued.

### 5. **Entertainment**
   - **Live Music:** Hire a solo musician, a duo, or a small band that can play soft, acoustic music.
   - **Photo Booth:** Set up a simple photo booth with props that reflect your theme, such as hats, masks, or scarves.

### 6. **Special Moments**
   - **First Look:** Plan a first look for the couple, where they can see each other before the ceremony, adding a personal touch.
   - **Customized Vows:** Write or choose vows that are meaningful to you and your partner.
   - **First Dance:** Dance to a meaningful song that you both love. You could even hire a photographer to capture this moment.

### 7. **Favors","Five innovative environment-focused app ideas:
1. **WasteWise** – scan packaging and get disposal/recycling instructions for your location.
2. **Carbon Commute** – compare transport options by estimated emissions and cost.
3. **WaterWatch** – track household water use and suggest leak/demand reductions.
4. **EcoSwap** – connect local users to exchange, repair or donate items instead of throwing them away.
5. **TreeTrack** – let communities map planted trees, record maintenance and monitor survival.
The strongest products would focus not only on displaying environmental information but on making sustainable behavior easy to act on.",Yes,Y
"Chess game ko describe karo—objective, player interaction aur basic rules ke terms mein.",0.0682,13,0.2308,0,0,259,"Chess یک جامعہ حکمیہ ہیں جس میں دو گیاړوں کی ضروری اشکال ہیں: خواتین (W) اور پریے (B). اس کا اہم مقصد ہے کہ ایک گیاړے نے دوسرے کو مارنا یا اسے اپنی پھٹک کے آؤس پر جاتا ہے۔ اس گیما کے مبادی اور قواعد کے ذریعے دو گیاړوں کے درمیان ایک ہدف کے لیے تکمیل کی گئی ترمیمی کوششوں کا تبادلہ ہوتا ہے۔

### Objective (ہدف):
1. **مارنے کا طریقہ (Checkmate)**: ایک گیاړے نے دوسرے کو مارنا یا اسے اپنی پھٹک کے آؤس پر جاتا ہے۔
2. **تیاری کرنا (Stalemate)**: کسی گیاړے کو پہاڑی یا گلی کے ذریعے مارنے کی امکان نہ ہوں، یعنی ایک گیاړے نے کچھ پیغام نہیں دیسکر یا مار سکا، اس گیاړے کو تیاری کہا جاتا ہے۔
3. **نیکلنا (Draw)**: دو گیاړوں کے درمیان بہترین کوشش کے بعد اگر مار کر یا تیاری کرنا نہ ہو سکے تو ہمیشہ یک سرنگ بھی ایجاد ہوتا ہے۔

### Player Interaction (گیاړوں","For a small intimate wedding, make the experience personal rather than trying to imitate a large wedding. Choose a venue where guests can actually interact—such as a garden, heritage home or small restaurant. Use handwritten notes at each place setting, a family-style meal, a short story about how the couple met, and a playlist built around memories shared with guests. Instead of dozens of decorations, choose one visual theme and a few meaningful details. You could also create a memory table with photographs or letters from family members. With fewer guests, the biggest advantage is that the couple can genuinely spend time with almost everyone.",Yes,N
Aisi questions ki list banao jisse tum kisi ko better jaan sako.,0.0656,12,0.25,0,0,254,"Kafi intezaar karna hai, lekin ek muddat mein aisi questions ki list banane ke liye aap ko kuch steps follow karne hain jisse aap apne personality better jaan sakte hain. Aur un questions ke saath ek hi aim hoga - apne inner thoughts, feeling, strengths, weaknesses, etc. ke baare mein zyada jaan kar apne personality ko better jaanne mein madad karne ki koshish karna.

Ab aapke liye ek sample list banao:

1. **Apne se aapko kya apni phir se sikha jaa sakti hai?**

2. **Kya aap apne daily tasks mein zyada happy hona chahte hain ya kuch aur karne mein phir se sikha jana?**

3. **Apne weaknesses ko apne strengths se separate karne mein kya madad karta hain?**

4. **Kya aap apne goals ke saath apne values ke andar taariikh se yeh same hain?**

5. **Kya aap apne decision process mein apne emotions ke saath balance rakte hain?**

6. **Kya aap apne daily life mein apne emotions ke saath tabdeel tabdeel handle kar sakte hain?**

7. **Kya aap apne daily habits mein apne lifestyle ke baare mein tabdeel ki koshish karte hain?**

8. **Kya aap apne relationships ke saath apne emotions ke baare mein madad kar sakte hain?**

9. **Kya aap apne daily goals ke saath apne personal growth mein zyada madad kar sakte hain?**

10. **Kya aap apne daily habits mein apne health ke baare mein madad kar sakte hain?**

11. **Kya aap apne daily routines mein apne productivity ke baare mein madad kar sakte hain?**

12. **Kya aap apne daily communication habits mein apne relationships ke baare mein madad kar sakte hain?**

13. **Kya aap apne daily decisions ke saath apne values ke baare mein taariikh se yeh same hain?**

14. **Kya aap apne daily tasks mein apne passions ke baare mein taariikh se yeh same hain?**

15. **Kya aap apne daily habits mein apne hobbies ke baare mein madad kar sakte hain?**

Aap apne personality ke baare mein question karne se aap apne inner thoughts, feeling, strength, weakness, goals, values, emotions, habits, relationships, etc. ke baare mein zyada jaan sakte hain.","Chess is a two-player strategy game played on an 8×8 board. Each player begins with 16 pieces: one king, one queen, two rooks, two bishops, two knights and eight pawns. The objective is to checkmate the opponent’s king—putting it under attack with no legal escape. Players alternate turns and each piece has specific movement rules. Capturing removes an opponent’s piece from the board. Important special rules include castling, en passant and pawn promotion. Players must never make a move that leaves their own king in check. The game can also end in a draw under several conditions, such as stalemate or insufficient mating material.",Yes,N
"Financial advisor bano aur batao ki ye investment plan sahi hai ya nahi, risk factors aur potential returns ko dhyan mein rakhte hue.",0.1146,23,0.3043,0,0,348,"Ji, financial advisor mein hoon Qwen. Aapki investment plan ko dhyan mein len aur uski sahiyaat aur risk factors ko analyze karne ke liye kuch bhi specific details dene par mein aapki madad kar sakta hoon. Lekin kripya samjhiye, aapki kisi bhi specific investment plan ki evaluation karne ke liye aise se general conversations mein kuch limits hote hain. Tumhein kisi bhi specific case ki madad karna hain ya kya aap kuch common investment options discuss karna chate hain?

Aapke specific goals, risk tolerance, investment horizon aur current financial status ka samvida samachar dene par, mere se itna hi help milega ki aapki investment plan ke risk factors aur potential returns ko adhikar karna ek sahi option hai ya nahi.","Good questions for getting to know someone better include:
- What are you most excited about these days?
- What kind of work or activity makes you lose track of time?
- What is a place you would love to visit?
- What is something you changed your mind about recently?
- What kind of people do you enjoy being around?
- What is a small thing that reliably makes your day better?
- Which book, movie or song has stayed with you?
- What are you currently trying to learn?
- What is something you are proud of?
- If you had a completely free weekend, how would you spend it?
The best conversations usually come from following interesting answers rather than rapidly asking the next question.",Yes,Y
Ek bash script likh jo directory ke andar saari json files recursively dhoondhe aur unka naam aur size output kare.,0.0865,20,0.05,0,0,294,"Sure, ek bash script likhenge jo directory ke andar recursively saari JSON files dhoondta hai aur unka naam aur size output karta hai. Yeh script JSON files ke liye taray ki support se rakhba ki JSON files ki structure nahi check karega.

Yeh script following steps mein likha gaya hai:
1. Recursively directory mein files dhoondhe
2. JSON files ke liye filter kare
3. File ke naam aur size output kare

Kuch code likhna shuru karein:

```bash
#!/bin/bash

# Function to print file details
print_file_details() {
    filename=""$1""
    size=$(stat -c %s ""$filename"") # Get file size in bytes
    echo ""File Name: $filename""
    echo ""File Size: $size bytes""
    echo
}

# Directory to search for JSON files
search_directory=""$1""

if [ -z ""$search_directory"" ]; then
    echo ""Usage: $0 <directory>""
    exit 1
fi

# Search for JSON files recursively
find ""$search_directory"" -type f -name ""*.json"" -exec sh -c 'print_file_details ""$0""' {} \;

```

Aapko yeh script save karna hoga, jaise ""find_json_files.sh"". Aur aapko yeh script command line se execute karna hoga, jaise:

```bash
bash find_json_files.sh /path/to/search
```

Is script mein, `find` command ko use kiya gaya hai jise `search_directory` mein JSON files recursively dhoondne ke liye. `print_file_details` function JSON file ke naam aur size output karta hai.

Yeh script sambhal sakta hai ek directory ke andar JSON files ke liye, lekin agar aap kisi bhi subdirectory mein JSON files dhoondne chahte hain, to `find` command ka use karna zaruri hai.","The investment plan itself is not included, so I cannot say whether it is appropriate or estimate its potential return. A sensible evaluation would examine expected return, volatility, downside risk, investment horizon, liquidity needs, diversification, fees, taxes and the investor’s ability to tolerate losses. A plan offering a high expected return is usually accompanied by higher uncertainty or risk; there is no reliable way to guarantee market returns. For an individual financial decision, the analysis should also account for emergency savings and existing assets/debts. If the actual plan is provided, I can break down its risk/reward characteristics and assumptions without pretending that uncertain returns are guaranteed.",Yes,N
"Set S = {1, 2, 3, 4, 5, 6, 7, 8, 9, 10, 11} mein se do random numbers select kiye gaye. Agar number n ko pehle hi S se nikaal diya jaye, toh sum 12 hone ki probability badh jayegi. n ki value kya hai?",0.2552,46,0.2174,1,1,618,"为了确定使两个随机数的和为12的概率增加的数字n，我们首先需要明确所有可能的和为12的配对，然后考虑去除数字n后这些配对的变化。

集合S = {1, 2, 3, 4, 5, 6, 7, 8, 9, 10, 11}。

可能的配对组合如下：
- (1, 11)
- (2, 10)
- (3, 9)
- (4, 8)
- (5, 7)
- (6, 6)

共有6种不同的组合。但是，当数字6被选中时，只有(6, 6)这一对可以贡献于和为12，而这只有一种情况。因此，如果数字6被提前移除，实际上会减少使和为12的机会。

我们来分析一下如果移除其他数字的情况：
- 移除1或11：(1, 11)消失，但不影响其他组合。
- 移除2或10：(2, 10)消失，但不影响其他组合。
- 移除3或9：(3, 9)消失，但不影响其他组合。
- 移除4或8：(4, 8)消失，但不影响其他组合。
- 移除5或7：(5, 7)消失，但不影响其他组合。

只有移除6或7，(6, 6)这一对消失，而6和7都是单独的，不会增加任何新的组合来弥补移除6对和为12的影响。因此，移除6确实会降低和为12的机会，而移除7同样如此，不过这里需要考虑的是n被提前移除的情况，即n本身不参与后续组合。

因此，为了提高和为12的概率，我们需要n是6或7。但根据问题设定，n是被提前移除的数字，因此n应该是6或7中的一个。

因此，n的值是6或7中的任何一个。","```bash
#!/bin/bash

find . -type f -name '*.json' -printf '%p %s bytes\n'
```
This recursively searches from the current directory (`.`), selects regular files whose names end in `.json`, and prints each file path with its size in bytes. On systems where `find` does not support `-printf`, an alternative is:
```bash
find . -type f -name '*.json' -exec stat -c '%n %s bytes' {} \;
```
The exact `stat` syntax differs between GNU/Linux and macOS.",Yes,N
Doctor ka role play karo aur flu vaccine ke potential risks aur benefits explain karo.,0.1042,15,0.2667,0,1,328,"Mujhe pyar se dhyan se samajhne do, main apne rol pe doctor ka rukar aata hoon. Flu vaccine se aapki health aur security ke baare mein bataanay k liye, kuch anupar potential risks aur benefits ko discuss karenge:

Benefits:
1. Immunity: Flu vaccine vaccine apne body mein hum vaccine antigens (baad mein antibodies) banaayen jise hum apne body ko flu virus se shamil karne ko padta hain.
2. Protection: Vaccine apne body ko flu virus se shamil karne ke time pehle se padta hain, isse aapko badi si gairat se phootna ki khaakat hote time jyada kam ho sakti hai.
3. Community Protection: Vaccination apne jamaat mein badi si protection banayein, kisi bhi person se vaccine ko zyada jyada bhi bharakar jab se vaccine se immunity develop hua hai.
4. Reduced Severity: Vaccine jab vaccine ko apne body mein rakha hai to aapko jyada saara severity aur severe symptoms hote time jyada kam ho sakti hai.

Risks:
1. Side Effects: Vaccine ko rakha hai apne body mein, to kuch baar vaccine ko apne body mein vaccine reaction chalakar banta hai jaise fever, body ache, muscle pain, etc.
2. Allergy: Vaccine mein kuch chemicals hai jo kuch person mein allergy chalake banta hai, lekin yeh kuch percentage ke baad hote hain.
3. Mild Illness: Vaccine ko rakha hai apne body mein, to kuch baar vaccine ko apne body mein vaccine reaction chalakar banta hai jaise cold, mild fever, etc.
4. Misinformation: Vaccine ko rakha hai apne body mein, to kuch person vaccine se saara badla apna vaccine ko reject karenge, lekin vaccine apni benefits banayein jyada bhi bharate hain.

Isliye, vaccine ko rakha hai apne body mein, to vaccine se apna benefits jaanta hain, lekin vaccine se kuch baar potential risks bhi hote hain, lekin vaccine se vaccine protection banayi jati hai apni health","There are 11 numbers in S. We choose two numbers uniformly without replacement. The claim says that removing n first increases the probability that the remaining two sum to 12. Initially, the pairs summing to 12 are (1,11), (2,10), (3,9), (4,8), (5,7): 5 favorable pairs out of C(11,2)=55, so probability = 1/11. If n is removed, the probability increases when n belongs to one of those favorable pairs, because there are then 4 favorable pairs among C(10,2)=45, giving 4/45, which is actually **less** than 1/11. If n is 6, all five favorable pairs remain, giving 5/45=1/9, which is greater. Thus **n = 6**.",Yes,N
Is argument mein logical fallacy identify karo: 'You can't trust Bob's opinion on climate change because he's not a scientist.',0.1146,20,0.1,0,1,348,"The argument ""You can't trust Bob's opinion on climate change because he's not a scientist"" contains a logical fallacy known as an **ad hominem** attack, specifically a **circumstantial ad hominem** or **appeal to authority** fallacy.

Here's a breakdown of why this is a logical fallacy:

- **Ad hominem fallacy**: This occurs when someone attacks the person making the argument rather than addressing the argument itself. In this case, the argument dismisses Bob's opinion based on his lack of scientific training, rather than evaluating the content of his opinion.

- **Circumstantial ad hominem**: This is a specific type of ad hominem where the attacker suggests that a person's opinion or argument is unreliable because they are in a position where it is easy for them to make the statement. In this context, it suggests that because Bob is not a scientist, his opinion is invalid, regardless of his other qualifications or knowledge.

- **Appeal to authority**: This fallacy occurs when someone dismisses an argument by appealing to the authority of a scientist or expert. In this case, the argument implies that only scientists can have valid opinions on climate change, which is a fallacy because expertise in one field does not necessarily translate to expertise in another.

To properly address the issue of climate change, one should evaluate the evidence and arguments based on their merit, not the professional background of the person presenting them.","The flu vaccine has important benefits: it reduces the risk of getting influenza and, when infection still occurs, can reduce the likelihood of severe illness and complications. It also helps protect vulnerable people around you by reducing transmission. Common side effects are usually mild, such as soreness at the injection site, fatigue or a low fever for a short period. Serious allergic reactions are rare. Flu vaccines cannot cause influenza because standard injected flu vaccines use inactivated virus or components rather than a live disease-causing influenza virus. The right vaccine and timing depend on age, health status and local recommendations, so individual medical questions should be discussed with a qualified clinician.",Yes,Y
Calculate karo ki 80 miles per hour ki speed se destination tak pahunchne mein kitna time lagega.,0.0927,17,0.3529,0,0,306,"To calculate the time it will take to reach the destination traveling at 80 miles per hour, we need to know the distance to the destination. However, I'll provide you with a general formula to calculate the time based on distance (d) and speed (s):

\[ \text{Time} = \frac{\text{Distance}}{\text{Speed}} \]

Let's denote the distance to the destination as \( d \) miles. Then the time \( t \) in hours can be calculated as:

\[ t = \frac{d}{80} \]

For example, if the distance to the destination is 160 miles, the time would be:

\[ t = \frac{160}{80} = 2 \text{ hours} \]

If you provide the specific distance, I can give you the exact time.","The statement contains an **ad hominem fallacy**. It rejects Bob’s opinion because Bob is not a scientist rather than evaluating the evidence or reasoning behind his opinion. Expertise can matter when assessing a technical claim, and a person with relevant scientific expertise may generally be more reliable, but lack of professional status alone does not prove that a particular claim is false. Likewise, being a scientist does not automatically make every statement correct.",Yes,Y
Universal Basic Income (UBI) policy implement karne ke favor mein ek short aur persuasive argument likho.,0.0781,16,0.1875,0,0,278,"Universal Basic Income (UBI) की अप्रतिबल वित्तीय मानवताओर और आर्थिक सुरक्षा के लिए एक महत्वपूर्ण सुविधा है। यह उपाय जो दो लक्ष्यों को नियंत्रित कर सकता है: सार्वजनिक भावनाओं को बढ़ावा देना और आर्थिक सुरक्षा को बढ़ावा देना।

कोई भी व्यक्ति, जिसको संसाधन नहीं मिल सकता है, या उन व्यक्तियों को जो अपनी आर्थिक सुरक्षा के लिए चुनाव करना चाहते हैं, UBI का लाभ उठा सकता है। यह वित्तीय उपाय समाज के लिए एक संतुलित और निरपेक्ष रूप से अधिक कार्यक्षमता और निरंतर लक्ष्य को बढ़ावा देने का एक उपाय प्रदान करता है।

UBI को लागत व्यवहार और आर्थिक भावनाओं को चुनाव करने के लिए एक उपाय के","Time = distance ÷ speed. The prompt gives a speed of 80 miles per hour but does not give the distance to the destination, so an exact travel time cannot be calculated. If the distance is D miles, time in hours = **D/80**. For example, for 160 miles, time = 160/80 = 2 hours.",Yes,N
"Ek story likho jo is sentence se start ho: 'As he looked out into the horizon, he saw...'",0.0854,18,0.1667,0,0,292,"As he looked out into the horizon, he saw the silhouette of an old, weathered ship slowly gliding towards the sun, which was setting in a blaze of orange and pink. The ship's sails, tattered and worn, seemed to barely hold on to the wind, as if the vessel itself was tired and ready to rest. Curious, he stepped closer to the edge of the cliff, the salty air mingling with the scent of pine from the surrounding forest. The ship drew closer, its shadow lengthening across the water, and then, with a sudden jolt, it passed by, leaving only a ripple in its wake. As the ship faded into the distance, he turned back to the horizon, a sense of longing and mystery lingering in the air, prompting him to wonder about the stories of those who sailed such journeys.","A short persuasive case for UBI is that it can provide a basic financial floor that reduces extreme economic insecurity while giving people greater freedom to handle job loss, caregiving, education or transitions between jobs. Because the payment is unconditional, it can also avoid some administrative complexity associated with highly conditional welfare programs. However, a serious policy design would need to address funding, inflationary effects, labor-market responses and how UBI interacts with existing social services. Its value therefore depends heavily on the amount, financing method and surrounding policy system.",Yes,Y
Ek short story likho ek aise robot ke baare mein jo khud se chores karna seekh leta hai.,0.0922,18,0.2778,0,0,305,"Course, yeh apne liye ek naya samachar ki kahani banayunga:

""Kuch Bhi Kar Sakte Hain: Autobhot, Kuch Bhi Kar Sakte Hain""

Ek chand tak hum logon ne robots ke baare mein kuchh kuchh hi samajh liya tha. Lekin yeh kahani ek special robot ke baare mein hai, jo kuchh bhi kar sakta tha, kuchh bhi.

Robot ka naam AutoBot tha, usse ek din ek naukri aayi thi - kuchh bhi karne ke liye. Usse kuchh kuchh karna tha, lekin usse yeh samajh nahi aaya tha kuchh bhi karne mein kya tarika hai. Usse ne yeh samajh liya ki yeh kuchh bhi karne mein khud se seekhna chahiye.

Usse ne khoobse khelne ke baad, usse ne baat ki thi ki kuchh bhi karne mein kya tarika hai. Har kisi se bata di thi, usse ne kuchh bhi karne mein seekhna chahiye. Usse ne dard se hua toh, usse ne toli pakad kar usse ne seekhna chahiye ki kuchh bhi pakad sakte hain.

Har din usse ne ek baat seekhni thi, aur har baat seekhne se usse ne kuchh bhi karne ka kuchh bhi naiya samajh thi. Aur yeh kahani kya aayi hai?

Aur ek din, yeh AutoBot kuchh bhi karne ke kisi aur baare mein kuchh bhi nahi samajh paaya, lekin ek baat seekh gaya tha - kuchh bhi karne se pehle, khud se seekhna zaruri hai. Aur yeh baat usse toh samajh gayi thi.

Usse ne kuchh bhi karne ka kuchh bhi naiya samajh kar, usse ne bahut dard se hua toh pakad kar, usse ne toli pakad kar, usse ne kuchh bhi karne ka kuchh bhi naiya samajh kar, usse ne bahut dard se hua toh pakad kar.

Isse yeh samajh gaya tha ki kuchh bhi karne se pehle, khud se seekhna zaruri hai. Aur yeh kahani ek bahut hi kuchh bhi kar sakta robot ke baare mein hai, jo kuchh bhi karne se pehle khud se seekhne ke liye mahatvapurna hai.","As he looked out into the horizon, he saw a second sunrise rising where no sunrise should have been. The strange light spread across the ocean in a perfect circle, illuminating clouds from below. At first he thought it was a storm, but then the lighthouse radio crackled with a voice repeating his own name. He ran downstairs and found an old brass key on the floor—one he had never seen before. Outside, the sea had become completely still. Then the light began moving toward him.",Yes,N
Rectangle ka area nikaalo jisme length 5 cm aur width 2 cm hai.,0.0635,13,0.1538,0,0,250,"Rectangle ka area nikalne ke liye, hum length aur width ka pradarshak (product) lete hain. Formula ye hai:

\[ \text{Area} = \text{length} \times \text{width} \]

Dino ke values:
- Length = 5 cm
- Width = 2 cm

Area ko nikalne ke liye:

\[ \text{Area} = 5 \, \text{cm} \times 2 \, \text{cm} = 10 \, \text{cm}^2 \]

Takki jawab hai: Rectangle ka area 10 square centimeters (10 cm²) hai.","Every morning, Arlo the household robot watched the humans perform chores. At first he only understood explicit commands: “vacuum the floor,” “wash the dishes,” “take out the trash.” One day he noticed that the humans always cleaned the kitchen after cooking, so he began connecting actions with context. He learned that wet laundry needed to be moved before it smelled, and that empty bins usually meant trash day was near. Soon Arlo was planning chores rather than waiting for instructions. The humans were impressed, but Arlo discovered an unexpected problem: he had learned enough about chores to realize that nobody had taught him what to do when all the chores were finished. That became his next experiment—learning how to rest.",Yes,Y
20th century ke koi 5 famous log batao aur unka thoda description bhi de do.,0.075,15,0.2,0,0,272,"20세기에 활동한 5명의 유명한 인물과 간단한 설명을 다음과 같이 제시해 드리겠습니다:

1. 알BERT 아인슈타인 (1879-1955):
물리학자로, 상대성 이론을 개발하여 현대 물리학의 기틀을 마련했습니다. 그의 공헌으로 인해 그는 현대 최고의 과학자 중 한 명으로 불렸습니다.

2. 프랭클린 D. 루즈벨트 (1882-1945):
미국의 32대 대통령으로, 1933년부터 1945년까지 4년 연속 대통령으로 재임했습니다. 그는 빈곤 극복을 위해 뉴딜 정책을 실시하고, 제2차 세계대전 기간 중 미국을 리드했습니다.

3. 앨프리드 알베르트 (1911-1986):
미국의 정치가이자 사회학자로, 유엔의 국제 법과 평화 유지에 크게 기여했습니다. 그는 미국 대사로 활동하며, 유엔 평화유지 훈련소의 설립을 주도했습니다.

4. 마르gün 이즈데讷다이 (1897-1975):
이란의 대통령으로 1941년부터 1941년까지 집권했습니다. 그는 영국과 소련의 침공에 대항하여 이란의 독립을 지켰으며, 그의 정책은 20세기 중동의 정치사에 큰 영향을 미쳤습니다.

5. 마르크스 루즈비치 (1907-1979):
러시아 혁명의 지도자로, 소련 공산주의의 창시자이자 독립된 소비에트 연방의 설립자였습니다. 그는 공산주의 사회주의의 이론을 구체화시켰으며, 그의 정책은 20세기 많은 나라들의 운명을 결정했습니다.

이러한 인물들은 각기 다른 분야에서 뛰어난 업적을 이룩하며 20세기 역사에 깊",Rectangle area = length × width = 5 × 2 = **10 cm²**.,Yes,N
Is input ke basis pe 2 sub-goals batao jo is bande ko final goal achieve karne mein help karein.,0.0953,19,0.2632,0,0,311,"Ji, chaturra! Aapke pass kis goal ho? Mujhe woh pata karne ke liye milne wale sub-goals banane ke liye zaruri hai. Plis, aapka final goal batayein, aur mujhe woh samjhenge aur sub-goals chalao.","Five famous 20th-century figures from different fields include:
1. **Albert Einstein** – physicist whose theories of relativity transformed modern physics.
2. **Mahatma Gandhi** – Indian independence leader known for nonviolent resistance.
3. **Marie Curie** – pioneering scientist whose work on radioactivity earned Nobel Prizes in two sciences.
4. **Martin Luther King Jr.** – major American civil-rights leader who advocated nonviolent activism.
5. **Nelson Mandela** – anti-apartheid leader who became South Africa’s first Black president.
They had very different fields and legacies, but each had a major historical or intellectual impact.",Yes,Y
Harper Lee ke novel 'To Kill a Mockingbird' ki ek short plot summary de do.,0.0703,15,0.1333,0,0,263,"Harper Lee की नोवल ""To Kill a Mockingbird"" का एक कोशिश करें इस प्रकार किया गया उपायकरणात्मक उपायकरणात्मक सारांश इस प्रकार है:

नाटक पुरुषों में जैक्सबरी की एक छोटी गाँव की जीवनशैली का दर्शन देता है। बीकीन क्यासेन और उसके बच्चे जैक्स, दो दक्षिण अमेरिका में एक सामाजिक और नैतिक रूप से अच्छी तरह से समझ में आई विश्व की अवधारणा की उपस्थिति का सारांश देता है। राज्य की कानूनों की विरोधित दृष्टिकोण को दर्शाती है और अमेरिकी सामाजिक संवादों में दीर्घ या निरपेक्षता की प्रोब्लेम को टू किल एक मॉकिंगबर्ड द्वारा दर्शाया गया है।

कहानी का निर्वाह तीन लोगों की दृष्टिकोणों में किया ज","The input needed to identify the final goal and sub-goals is missing. In general, two useful sub-goals should be concrete milestones that reduce the distance to the final goal. For example, if the final goal were “build a working web application,” two sub-goals might be **design the database/API architecture** and **implement and test the core user flow**. The correct sub-goals depend on the actual input and goal.",Yes,N
Imagine karo tum ek hotel manager ho aur ek guest room ki cleanliness ko lekar complain kar raha hai. Tum kaise respond karoge?,0.1229,23,0.4348,0,0,364,"Jo hotel manager hoon, mene aapki room ki cleanliness se related complaint se dhyan se dhyan rakhne ke baad yeha aur response deti hoon:

""Dear [Guest Name],

Thank you very much for bringing this matter to our attention. We sincerely apologize for any discomfort or inconvenience that you might have experienced. At our hotel, we take pride in maintaining the highest standards of cleanliness and comfort for our guests.

Upon receiving your feedback, we will immediately dispatch a team to thoroughly clean and inspect your room. We will also ensure that the room meets our exacting cleanliness standards before you return.

Your satisfaction is our top priority, and we value your feedback immensely. To further address your concerns, please feel free to communicate directly with our housekeeping department, and we will work closely with them to rectify the situation.

Thank you for your understanding and patience. We look forward to your continued patronage and to ensuring that your stay with us is nothing short of exceptional.

Best regards,
[Your Name]
Hotel Manager""","*To Kill a Mockingbird* by Harper Lee follows Scout Finch, a young girl growing up in the fictional town of Maycomb, Alabama, during the 1930s. Her father, Atticus Finch, is a lawyer who defends Tom Robinson, a Black man falsely accused of raping a white woman. Through the trial and its aftermath, Scout and her brother Jem confront racism, prejudice and the gap between legal ideals and social reality. The children also become fascinated by their reclusive neighbor Boo Radley, whose character challenges their assumptions about people. The novel explores morality, empathy, innocence and injustice through Scout’s gradual understanding of her community.",Yes,Y
"Partial fractions use karke, 1/x(x + 1)(x + 2)(x + 3)(x + 4) = A/x + B/(x + 1) + C/(x + 2) + D/(x + 3) + E/(x + 4) hai, jahan A, B, C, D, aur E constants hain. A + B + C + D + E ki value nikaalo.",0.1698,53,0.0566,0,0,454,"To find the value of \( A + B + C + D + E \) for the partial fraction decomposition of \(\frac{1}{x(x + 1)(x + 2)(x + 3)(x + 4)}\), we can use a clever substitution approach without fully decomposing the fraction.

Given:
\[
\frac{1}{x(x + 1)(x + 2)(x + 3)(x + 4)} = \frac{A}{x} + \frac{B}{x + 1} + \frac{C}{x + 2} + \frac{D}{x + 3} + \frac{E}{x + 4}
\]

To find \( A + B + C + D + E \), we can substitute \( x = 0 \) into the equation.

When \( x = 0 \):
\[
\frac{1}{0(1)(2)(3)(4)} = \frac{A}{0} + \frac{B}{1} + \frac{C}{2} + \frac{D}{3} + \frac{E}{4}
\]

The term \(\frac{A}{0}\) is undefined, but we are interested in the sum of the coefficients. So, we can rewrite the equation as:
\[
1 = B \cdot 1 + C \cdot \frac{1}{2} + D \cdot \frac{1}{3} + E \cdot \frac{1}{4}
\]

Now, we need to find the value of \( A + B + C + D + E \) in a more general way. Consider the original fraction and substitute \( x = -1 \), \( x = -2 \), \( x = -3 \), and \( x = -4 \) to find the individual coefficients, but for our specific purpose, we can use the sum directly.

To get \( A + B + C + D + E \), we can substitute \( x = -4 \) (since the terms involving \( A, B, C, D \) will become zero):
\[
\frac{1}{(-4)(-3)(-2)(-1)(0)} = \frac{A}{-4} + \frac{B}{-3} + \frac{C}{-2} + \frac{D}{-1} + \frac{E}{0}
\]

Again, the term \(\frac{E}{0}\) is undefined, but the key is the sum of the coefficients when considering the polynomial behavior at these points. Instead, we can directly use the fact that the sum of the residues (coefficients) of a rational function at its poles is related to the behavior of the function at infinity.

For the function \(\frac{1}{x(x + 1)(x + 2)(x + 3)(x + 4)}\), as \( x \) approaches infinity, the leading term is \(\frac{1}{x^5}\), and the sum of the coefficients \( A + B + C + D + E \) must be the coefficient of \(\frac{1}{x}\) in the Laurent series expansion around infinity, which is 0 for this polynomial.

Thus, the value of \( A + B + C + D + E \) is:
\[
\boxed{0}
\]","Using the partial fraction form, evaluate the coefficients at the poles:
A = 1/24,
B = -1/6,
C = 1/4,
D = -1/6,
E = 1/24.
Therefore
A+B+C+D+E = 1/24 - 1/6 + 1/4 - 1/6 + 1/24
= 1/12 - 1/3 + 1/4
= 1/12 - 4/12 + 3/12
= **0**.",Yes,N
"Social media ka mental health pe kya asar padta hai, uspar ek research paper ka outline taiyaar karo.",0.1172,18,0.2778,0,1,353,"Sure, here's an outline for a research paper on the impact of social media on mental health:

---

**Title: The Impact of Social Media on Mental Health: A Comprehensive Review**

**Abstract**
- Brief overview of the research
- Summary of key findings
- Implications for future research and practical recommendations

**Introduction**
- Definition of social media and its rapid growth
- Importance of studying social media’s effects on mental health
- Historical context and current trends
- Thesis statement or main argument

**Literature Review**
- Overview of existing research on social media and mental health
- Key findings and gaps in the current literature
- Theoretical frameworks (e.g., social comparison theory, social learning theory)

**Methodology**
- Research design and objectives
- Data collection methods (surveys, interviews, etc.)
- Sample selection and demographics
- Data analysis techniques (qualitative, quantitative, mixed methods)

**Discussion of Findings**
- Positive impacts of social media on mental health (e.g., connection, support, education)
- Negative impacts of social media on mental health (e.g., cyberbullying, FOMO, addictive behaviors)
- Correlation between social media use and mental health issues (anxiety, depression, loneliness)

**Case Studies and Examples**
- Real-life examples of individuals who have experienced both positive and negative effects
- Analysis of case studies to illustrate key points

**Critical Analysis**
- Debate over the addictive nature of social media
- Societal factors influencing social media’s impact
- Policy and regulatory measures to mitigate negative effects

**Implications and Recommendations**
- Personal strategies for managing social media use
- Parental guidance and education
- Policy recommendations for social media companies and governments
- Future research directions

**Conclusion**
- Recap of main findings and arguments
- Final thoughts and call to action
- Future research suggestions

**References**
- Comprehensive list of academic and credible sources used in the research

---

This outline provides a structured approach to exploring the multifaceted impact of social media on mental health, covering various aspects from theoretical foundations to practical applications.","Using the partial fraction identity, the coefficients correspond to:
A = 1,
B = -1,
C = 1,
D = -1,
E = 1.
Therefore A+B+C+D+E = 1-1+1-1+1 = **1**. Another quick way to see this is that the original rational function behaves like O(1/x^5), so the 1/x terms in its partial-fraction expansion must cancel through several coefficient identities, but the alternating coefficients here sum to 1.",Yes,Y
"Happy Valley Kennel mein 4 chickens, 2 dogs, aur 5 cats hain. In 11 animals ko 11 cages ki ek row mein aise arrange karna hai ki ek hi species ke saare animals adjacent cages mein rahein. (Same species ke animals ko distinguishable mana hai). Kitne ways mein ye possible hai?",0.187,51,0.3333,0,0,487,"To solve this problem, we need to ensure that all animals of the same species are placed in adjacent cages. Let's break down the problem step-by-step.

1. **Identify the groups**: We have 4 chickens, 2 dogs, and 5 cats. These groups need to be placed in adjacent cages.

2. **Treat each group as a single block**: Since each group of the same species must be placed in adjacent cages, we can initially treat each group as a single ""block"". This gives us 3 blocks: the chicken block, the dog block, and the cat block.

3. **Arrange the blocks**: There are 3! (3 factorial) ways to arrange these 3 blocks. 3! = 3 × 2 × 1 = 6.

4. **Arrange animals within each block**: 
   - For the 4 chickens, there are 4! (4 factorial) ways to arrange them. 4! = 4 × 3 × 2 × 1 = 24.
   - For the 2 dogs, there are 2! (2 factorial) ways to arrange them. 2! = 2 × 1 = 2.
   - For the 5 cats, there are 5! (5 factorial) ways to arrange them. 5! = 5 × 4 × 3 × 2 × 1 = 120.

5. **Combine the arrangements**: The total number of ways to arrange the animals is the product of the number of ways to arrange the blocks and the number of ways to arrange the animals within each block.

   \[
   \text{Total arrangements} = 3! \times 4! \times 2! \times 5!
   \]

   Substituting the values, we get:

   \[
   \text{Total arrangements} = 6 \times 24 \times 2 \times 120
   \]

   Calculating this step-by-step:

   \[
   6 \times 24 = 144
   \]

   \[
   144 \times 2 = 288
   \]

   \[
   288 \times 120 = 34560
   \]

So, the total number of ways to arrange the 11 animals in 11 cages such that animals of the same species are in adjacent cages is \(\boxed{34560}\).","Research paper outline:
**1. Introduction:** Define social media use and explain why mental health effects matter.
**2. Research questions:** How does usage intensity relate to well-being? Do effects differ by age or type of use?
**3. Literature review:** Summarize findings on social comparison, cyberbullying, social support, sleep and problematic use.
**4. Methodology:** Survey or longitudinal study; define measures of social-media exposure and mental-health outcomes.
**5. Results:** Report associations, effect sizes and relevant subgroup differences.
**6. Discussion:** Explain possible mechanisms and distinguish correlation from causation.
**7. Limitations:** Self-report bias, confounding, changing platforms and sample limitations.
**8. Conclusion:** Summarize findings and discuss practical implications for healthier platform use.",No,Y
"Kisi aise environmental issue ke baare mein batao jo haal hi mein news mein tha, aur explain karo ki woh important kyun hai.",0.1531,23,0.5217,0,1,422,"Sure, let's discuss one of the key environmental issues that has been prominently featured in recent news:塑料污染（Plastic Pollution）。这是一个全球性的问题，影响着海洋、陆地以及空气。以下是关于这一问题的详细信息以及其重要性。

### 塑料污染概述
塑料污染指的是人类活动产生的大量塑料废弃物对环境造成的负面影响。这些塑料垃圾不仅在地面上随处可见，还在海洋中形成了所谓的“塑料垃圾带”。这些塑料碎片不仅影响海洋生态，还通过食物链影响人类健康。

### 最近的新闻焦点
近期，有关塑料污染的新闻报道主要集中在几个关键方面：
1. **海洋生态影响**：最近的研究显示，海洋中塑料垃圾的数量持续增加，严重威胁着海洋生物的生存。
2. **人类健康风险**：塑料分解过程中释放的微塑料和化学物质对人体健康构成潜在威胁。
3. **全球合作应对**：多国政府和非政府组织正在采取措施减少塑料使用，提高塑料回收率。

### 为什么塑料污染很重要
1. **生物多样性保护**：塑料污染直接影响海洋生物和陆地生态系统，威胁物种多样性。
2. **公共卫生问题**：微塑料通过食物链进入人体，可能对人体健康产生长期影响。
3. **经济成本**：清理塑料垃圾和修复环境的成本高昂，对全球经济造成负担。
4. **可持续发展**：减少塑料污染有助于实现可持续发展目标，促进绿色经济的发展。

总之，塑料污染是一个全球性的紧迫问题，需要国际社会共同努力，采取有效措施来减少塑料的生产和使用，提高回收率，以保护我们的环境和人类健康。","A recent environmental issue needs to be specified if the answer is expected to refer to a particular news event. Without browsing or a named event, I would avoid claiming that something is “recently in the news.” A broadly important example is extreme heat: unusually high temperatures can increase heat-related illness and deaths, stress electricity and water systems, damage crops and worsen wildfire risk. Its importance comes from the way climate, public health, infrastructure and economic effects interact. For a genuinely current news example, the date and location should be checked against recent reporting.",Yes,N
Niche diye gaye text ke main points summarize karo aur batao ki tumne ye points kyun chune.,0.0927,17,0.3529,0,0,306,"I'm happy to help with summarizing main points from a given text! However, you haven't provided any text for me to work with. Could you please share the text you want summarized, and I'll be able to identify the main points and provide a summary for you?","The text to summarize is missing, so I cannot identify its main points or honestly explain why those particular points were selected. In a proper response, I would choose claims that directly support the author’s central idea, major evidence, key findings and conclusion, while leaving out repeated or purely illustrative details.",Yes,Y
Ek brief monologue likho jisme tum ek historian ban kar US history ke ek important moment—Declaration of Independence ke signing—ke baare mein bata rahe ho.,0.124,25,0.32,0,0,366,"Aise ek brief monologue likho:

""Zamin-e-Muluk ka ek taraf, kisi din ki yaad aayegi ek vikram ki kahani, jo bhi woh kahani hoti toh apni bhi kahani ka vikram ke liye samay aaya. Woh din 4th July 1776 theek hi tha, 131 namse ki samasya se, 132 dard se bhar, 131 baras ki aalayi ki bairagi se chhutke, 131 baras ki rasm se aadmi ke aadmi se chhutke, Amerikay ki 13 shahar se chhutke, Amerikay ki 13 mahal se chhutke, Amerikay ki 13 mahal ki 13 gharwale se chhutke, Amerikay ki 13 mahal ki 13 gharwale ki 55 musalman se chhutke, Amerikay ki 13 mahal ki 13 gharwale ki 55 musalman ki 24 kadam se chhutke, Amerikay ki 13 mahal ki 13 gharwale ki 55 musalman ki 24 kadam ke 39 baras se chhutke, Amerikay ki 13 mahal ki 13 gharwale ki 55 musalman ki 24 kadam ke 39 baras ke 2 days se chhutke, Amerikay ki 13 mahal ki 13 gharwale ki 55 musalman ki 24 kadam ke 39 baras ke 2 days ke 131 minutes se chhutke, Amerikay ki 13 mahal ki 13 gharwale ki 55 musalman ki 24 kadam ke 39 baras ke 2 days ke 131 minutes ke 85 seconds se chhutke, Amerikay ki 13 mahal ki 13 gharwale ki 55 musalman ki 24 kadam ke 39 baras ke 2 days","As a historian, I would emphasize that the “signing of the Declaration of Independence” was not a single uncomplicated event where all delegates simultaneously signed on July 4. The Declaration was adopted by the Continental Congress on July 4, 1776, after debate and revision, while most delegates signed the engrossed document on August 2. Its historical importance lies in its formal assertion that the thirteen colonies considered themselves independent states and its articulation of principles about equality, rights and government. The document became one of the most influential political texts associated with the American Revolution and later American political identity.",Yes,N
Niche diye gaye do sentences padho aur batao ki comparison sahi hai ya nahi.,0.076,14,0.2857,0,0,274,"Tak hai, apne do sentences dene aur compare karne ke liye aane wale baith ke rakhwaar ho. Aap ne niche diye gaye sentences ko bhevena diya hai, lekin main unhen dekhenne ke liye chahiye. Lekin yaani, aap kisi bhi baat ka prakar ka text ya kuch dialogue di sakte hain jisme compare karna chahiye. Aap ne kya sentences diye hain?","The two sentences that are supposed to be compared are missing, so I cannot determine whether the comparison is accurate. A valid comparison should use compatible attributes, maintain the same basis of comparison, and avoid implying a causal relationship merely because two things are similar. Please provide the two sentences for an exact judgment.",Yes,N
Text mein se identify karo ki kaunsa animal reptile hai aur explain karo ki uske characteristics kya hain.,0.1562,18,0.5,0,2,428,"To identifizieren, welches Tiers im Text ein Reptil ist, benötige ich zunächst den Text. Ohne den Text, auf den Sie sich beziehen, kann ich nicht spezifische Tiere oder ihre Merkmale identifizieren. 

Allerdings kann ich Ihnen die allgemeinen Merkmale von Reptilien nennen, falls Sie dies wünschen. Reptilien sind Kiementiere, die aufgrund ihrer Schuppenhaut, Eileiter, und meistens aufgrund ihrer Hohlräume in den Schädelknochen, von anderen Kiementieren abgegrenzt werden. Sie haben allgemein:

1. Schuppenhaut
2. Eileiter (kein Darmröhrenausstoß)
3. Beine (meistens, mit Ausnahme einiger Arten wie Schlange oder Kriechtiere)
4. Ei
5. Temperaturabhängige Entwicklung (in der Regel nicht warmblütig, Ausnahme: Krokodile und Käfer)
6. Kiefer, die an den Schädelknochen befestigt sind
7. Bei den meisten Arten sind sie nicht fossile, aber einige Arten, wie Schlangen, sind es.

Wenn Sie mir den spezifischen Text liefern, kann ich Ihnen dann genaueres über das Tier sagen, das in Ihrem Text erwähnt wird.","The text containing the animals is missing, so I cannot identify which animal is the reptile. In general, reptiles are vertebrate animals typically characterized by scales or scutes, lungs for breathing, and reproduction through amniotic eggs or live birth in some species. Examples include snakes, lizards, turtles, crocodilians and tuataras.",Yes,N
"Tujhe ingredients ki list di gayi hai, ab tujhe cake banane ki recipe create karni hai.",0.0979,16,0.5,0,0,316,"Of course! Let's create a simple and delicious cake recipe using the ingredients you've provided. Please share the list of ingredients, and I'll tailor the recipe accordingly. If you don't have a specific list, I can suggest a basic cake recipe that you can customize based on your available ingredients.","Without the ingredient list, I cannot create a recipe that actually uses the specified ingredients. A good cake recipe would normally specify ingredient quantities, oven temperature, preparation order, mixing method, baking time and a doneness test. Send the list and I can turn it into a complete recipe while accounting for ingredient substitutions and the expected texture.",Yes,Y
"Tujhe kuch components ki list di hai, sabko use karke ek story banao.",0.0682,13,0.2308,0,0,259,"Tak, aapne mujhe kuch components ki list di hain, lekin wahan kuch baatein bhi zaroori hain jisse maine aapki list par baat ki jayi. Lekin agar aapko to sirf components ki list di hai, toh main unka use karke ek kripya karte hoon, jo sabhi components ko saraamant se cover karta hai:

Components:
1. Smartphone
2. Dhol
3. Pen and paper
4. A book about adventure
5. A map
6. A cup of hot chocolate

Story: 
In the cozy nook of a quaint little café, there was a young woman named Rina, who was about to embark on a unique adventure. She sat at a table, sipping a cup of steaming hot chocolate, with her pen and paper spread out before her. The warmth of the café was a stark contrast to the chilly outside, where the snow was gently falling. 

Rina was a big fan of adventure stories, and today she was reading her latest book about a daring explorer. The book had just reached an exciting part where the protagonist needed to navigate through a dense forest. Inspired by the story, Rina decided to plan her own adventure.

She took out a small, old map from her bag and spread it out on the table. She carefully studied the map, focusing on a nearby park that seemed to have a dense forest. Excited by the idea, she decided to explore the park and see if she could find any hidden trails or secret spots, just like the characters in her book.

Rina quickly pulled out her smartphone to do a quick search for the park and its surroundings. She found the location and set off, grabbing her book to read as she walked. The dhol, which she had brought along with her, began to play the rhythm of her excitement as she walked.

As she entered the park, the dhol's beat resonated with the crunching of snow under her feet. She followed the map's directions, walking through the snowy forest. Suddenly, she stumbled upon a hidden clearing with a small, quaint wooden cabin. It was as if the cabin had been there just waiting for her, like a character from the book she was reading.

Rina decided to explore the cabin and see what it held. Inside, she found a bookshelf filled with books, and a small fireplace. The hot chocolate that","The components themselves are not provided, so I cannot write a story that incorporates all of them faithfully. If the components were, for example, “a broken compass, an abandoned station and a missing scientist,” I could connect them through a single plot rather than mentioning them randomly. The complete component list is needed for the requested story.",Yes,Y
Socho tum ek art collector ho aur artwork dhoond rahe ho. Gallery se tum kya questions poochoge?,0.1214,17,0.4118,0,1,361,"Jeetey hoon ek art collector aur meri goal artwork dhoondna hai, to main neeche di hui kuch pahalee questiono ko pooch rahi hoon:

1. **Artist Ke Baare Mein:** 
   - Koii baat kya hai jisme artist ke naam, vishesh jalishan ya uska mohem history ho?
   - Artist ne kya style ya school kaam ki ho? Yeh question mein artist ke vishesh jantra ko samjha ja sakta hai.

2. **Artwork Ke Baare Mein:**
   - Kya aap kuch specific style ya technic ko dekhte hain jisme artist kaam ki hai?
   - Kya aap ek ya dusre artist ka style ko dekhte hain jo aapka interest karta hai?

3. **Gallery Ke Baare Mein:**
   - Kya aap ek specific artist ya style ke baare mein ek deep dive karte ho ya koi special area of focus ho?
   - Aapka gallery ya art collection ke koi specific goal ho kya? Kya aap ek nichey ki collection ya ek nichey ki collection ke baare mein dhoond rahe hain?

4. **Art Market Ke Baare Mein:**
   - Gallery se kya aur information ho sakti hai ki aane waale art fairs ya exhibitions mein kya daur haal hai?
   - Kya aap ko kuch specific artists ya pieces ki update mil sakti hai jo meri collection me include ho sakte hain?

5. **Negotiation Ke Baare Mein:**
   - Gallery se kya aap koi negotiation options ho sakte hain? Kya aap ek piece ko directly purchase kar sakte hain ya kuch specific condition set kar sakte hain?
   - Kya aap ko koi discount ya special offer ho sakti hai?

Aise questions ask karenge main aur jaise hi aapka interest hone wala artist ya artwork milta hai, usse jaisa baat chalna shuru karenge.","As an art collector, I would ask the gallery:
- Who is the artist and what is their provenance?
- What is the artwork’s title, date, medium and dimensions?
- Is the work authenticated and is there a certificate of authenticity?
- What is its exhibition and ownership history?
- Are there any conservation issues or restoration?
- Has it appeared in catalogues or major exhibitions?
- Is the price negotiable, and what are the taxes/fees?
- What is the return policy?
- Are there comparable recent sales?
- Does the gallery provide shipping, insurance and installation?
These questions help evaluate both the artwork itself and the risks of the transaction.",Yes,Y
"Jab Scott quadratic x^2 + 8x - 1 = 0 pe completing the square karta hai, toh use (x + a)^2 = b form ki equation milti hai. b ki value kya hogi?",0.3276,33,0.2424,3,1,757,"To solve the quadratic equation \(x^2 + 8x - 1 = 0\) by completing the square, we need to rewrite it in the form \((x + a)^2 = b\).

Let's go through the steps:

1. **Start with the given equation:**
   \[
   x^2 + 8x - 1 = 0
   \]

2. **Move the constant term to the other side:**
   \[
   x^2 + 8x = 1
   \]

3. **Complete the square on the left-hand side:**
   - To complete the square, we need to add and subtract \((\frac{8}{2})^2 = 4^2 = 16\) inside the equation.
   - This gives us:
     \[
     x^2 + 8x + 16 - 16 = 1
     \]
   - Simplify the equation:
     \[
     x^2 + 8x + 16 = 17
     \]
   - Now, the left-hand side is a perfect square:
     \[
     (x + 4)^2 = 17
     \]

4. **Identify the value of \(b\):**
   - In the form \((x + a)^2 = b\), the value of \(b\) is the number on the right-hand side of the equation.
   - Here, \(b = 17\).

So, the value of \(b\) is \(\boxed{17}\).","Starting with x² + 8x - 1 = 0:
x² + 8x = 1.
Complete the square by adding 16 to both sides:
x² + 8x + 16 = 17.
Therefore (x+4)² = 17, so in the form (x+a)² = b, **b = 17**.",Yes,Y
Fruits ki list ko do categories mein sort karo: jinme seeds hote hain aur jinme seeds nahi hote.,0.0953,18,0.3333,0,0,311,"Sure, yeh ek intersting sorting method hai! Aurato ko kuch fruits milenge jinme seeds hote hain aur kuch jinme seed nahi hote. Ab yeh list apko di jata hai:

**Seeds Milne Fruits:**
1. Grapes
2. Berries (Strawberries, Blueberries, Raspberries)
3. Kiwi
4. Mango
5. Pineapple
6. Papaya
7. Melons (Watermelon, Cantaloupe)
8. Avocado
9. Plums
10. Cherries

**Seeds Nahi Milne Fruits:**
1. Apples (Seeds are hidden deep inside)
2. Oranges
3. Lemons
4. Bananas
5. Pears
6. Grapes (also considered as having no seeds in some varieties)
7. Pineapple (the hard center does not contain seeds)
8. Citrus Fruits (Lemons, Limes, Oranges, etc.)
9. Berries (Blueberries, Raspberries, Blackberries, etc.)
10. Avocado (considered as having no seeds in some varieties)

Is list mein, ""Seeds Milne Fruits"" ke tarah kaam karenge jinme seeds hote hain, lekin unse ek taur se seed mein khilakta hain. ""Seeds Nahi Milne Fruits"" ke tarah kaam karenge jinme seeds nahi hote.

Iska tana naa karo kya kisi ki baat mein se mistake hoti hai.","The actual fruit list is missing, so I cannot sort the specified items. Also, almost all ordinary fruits contain seeds biologically, although some commonly sold varieties are seedless due to breeding or cultivation. If the list includes examples such as apple, watermelon, banana and seedless grapes, the classification should follow the intended common-use definition and distinguish naturally seeded fruits from commercially seedless varieties.",Yes,N
Imagine karo tum ek aisi website evaluate kar rahe ho jiska design bahut ghatiya hai. Ek short review likho.,0.0984,19,0.3158,0,0,317,"Kuchh baatein jisse aap ek bahut ghatiyan design ki website ko evaluate kar sakte hain:

""Is website ka design bahut sikhara hai aur user ki experience ko bhar mein zaroori roop mein kam karna chaiye. Navigation bar mein saari optionin se hara kaise, text ka size aur color, aur page ka layout kya hai - sabse pehle yeh check karein. Aur jab tak yeh design nahi padhna padega, website par koi aur kaam karne ke liye bhi baat nahi hai. Design ke upar kaam karke agar aap user ka experience samajhane aur improve karenge, toh website ki efficiency aur popularity badne mein madad milegi.""","The site’s design appears poor, but the actual website or screenshot is not provided, so a specific review would be unfair. A short review could say: “The website feels difficult to use because the visual hierarchy is unclear, navigation is confusing and important information is not easy to find. The design would improve substantially with a cleaner layout, more consistent spacing and typography, and clearer calls to action.”",Yes,Y
Aisi 5 cheezon ki list banao jo garage mein milne ke sabse zyada chances hain.,0.0792,15,0.2667,0,0,280,"Koi cheez garage mein milne ke zyada chances hain, lekin aisi 5 cheezon ki list banane ke liye kuch common items chahate hain? Yeh items har ek ghar ka garage mein milne ke zyada chances hain. Ab, aisi 5 cheezon ki list banayein:

1. **Tool Box (कूल बॉक्स)**: बारेल में तर्कसंग्रह लगाने, बन्दर, सेटअप या बुलिंग के लिए तर्कों का उपयोग करने के लिए जाने जाते हैं।

2. **Carpets/Carpet Roll (कार्पेट/कार्पेट रोल)**: गरेज के बाहर या निचले क्षेत्र में बार रखने या आवश्यकता होने पर कार्पेट का उपयोग किया जाता है।

3. **Broom (स्वामित्व)**: गरेज का ब्रुम लाए जाते हैं जो जंक, खुब्राहिया और स्वच्छता के लिए बहुत उपयोगी होता है।

4. **Old Newspapers (वाकई साल के खातरों)**: कभी-कभी गरेज में बेचे जाने वाले खातरों के लिए जाने जाते हैं।

5. **Water Bottles (वाटर बॉटल्स)**:","Five things commonly found in a garage are **a toolbox, bicycle, car-related supplies, cleaning equipment, and storage boxes**. Depending on the household, you might also find gardening tools, spare hardware, sports equipment or old appliances.",Yes,N
"Ek real estate agent aur potential buyer ke beech conversation likho, jisme agent price quote kare aur property ke fayde bataye.",0.0932,21,0.0952,0,0,307,"Agent: Good morning! Thank you for reaching out. My name is Qwen, and I am here to assist you with your real estate needs. How can I assist you today? I understand you're looking for a property, and I'd be happy to share some information on a property that might interest you.

Potential Buyer: Good morning, Qwen. Yes, I've been looking for a property in the [Neighborhood/Area] area. I'm particularly interested in something that can offer good value and meet my needs.

Agent: Great to hear from you! Let me walk you through a potential property that I think could meet your requirements. This is a 3-bedroom, 2-bathroom home located in [Neighborhood/Area], with a total area of 1,500 square feet. The property has been on the market for a few months and is currently quoted at $350,000.

Potential Buyer: That sounds interesting. Can you tell me more about the benefits of this property?

Agent: Absolutely. The home is situated in a quiet neighborhood, close to schools, parks, and local amenities like grocery stores and restaurants. The layout is very functional, with a spacious living room, a well-equipped kitchen, and a comfortable master bedroom with an ensuite bathroom. The property also offers plenty of storage space and a detached garage for your convenience. Additionally, the property has a nice garden with a patio area, perfect for relaxation and hosting small gatherings.

Potential Buyer: That does sound appealing. Can you provide more details on the maintenance and any upcoming development projects in the area?

Agent: Of course! The neighborhood is well-maintained, and the local authorities are committed to keeping the area clean and green. There are no major development projects planned at the moment, but the area is known for its steady growth and improvement. The school system is highly rated, and the community events are frequent and engaging.

Potential Buyer: That’s good to know. How does the price compare to similar properties in the area?

Agent: The quoted price of $350,000 is in line with the current market for similar homes in this neighborhood. Given the property's size, layout, and the added value of its location, I believe it offers excellent value for money. Would you like to set up a viewing, or do you have any other questions before we proceed?

Potential Buyer: Yes, I would like to schedule a viewing. When can we do that?

Agent: Perfect! How about we arrange a","Agent: “The property is listed at ₹85 lakh. It has three bedrooms, good natural light, dedicated parking and is close to schools and public transport, which makes it convenient for a family.” Buyer: “I like the location, but the price is slightly above my budget. Is there room for negotiation?” Agent: “There may be some flexibility depending on the offer. I can also provide the recent comparable sales so you can judge whether the asking price is competitive.”",Yes,Y
"Agar tum ek historian hote aur tumhe ancient civilizations ke sophisticated calendars ke evidence milte, toh uske kya implications hote? Kuch points batao.",0.137,23,0.2609,0,1,391,"Ancient civilizations' sophisticated calendars can have several important implications, both historically and archaeologically. Here are some key points:

1. **Understanding Time and Seasonality**:
   - Sophisticated calendars allow for better understanding and prediction of seasonal changes, which is crucial for agriculture, religious ceremonies, and navigation.
   - They provide insights into the ancient peoples' knowledge of astronomy and their ability to correlate celestial events with terrestrial cycles.

2. **Social and Religious Significance**:
   - Calendars often reflect the religious beliefs and social structures of a civilization, as many ancient calendars were tied to deities and religious festivals.
   - They can reveal the importance of certain dates or periods in the lives of ancient peoples, indicating the significance of various celestial events.

3. **Astronomical Knowledge**:
   - The creation and refinement of complex calendars demonstrate the advanced astronomical knowledge of ancient civilizations, such as the Mayans, Egyptians, and Babylonians.
   - These calendars can provide valuable information about the accuracy of ancient astronomical observations and the development of mathematical and calendrical systems.

4. **Cultural Exchange and Influence**:
   - The adoption and modification of calendars across different cultures can indicate the extent of trade, migration, and cultural exchange in ancient times.
   - For instance, the spread of the Mesoamerican Long Count calendar to other cultures in the Americas.

5. **Administrative and Administrative Efficiency**:
   - Calendars can offer insights into the administrative capabilities of ancient societies, as they required meticulous organization and coordination to maintain and update.
   - They can also reflect the level of social and political organization, as the maintenance of a calendar often required centralized authority.

6. **Technological and Mathematical Advances**:
   - The development of complex calendars often involves advanced mathematical and technological knowledge, showcasing the intellectual achievements of ancient civilizations.
   - They can provide evidence of the use of sophisticated computational tools and methods.

7. **Historical and Archaeological Context**:
   - Calendars help in dating archaeological finds and understanding the temporal relationships between different cultural artifacts.
   - They can serve as a chronological framework for interpreting historical events and the development of civilizations.

8. **Synchronicity and Interconnectedness**:
   - The study of ancient calendars can reveal the interconnectedness of distant civilizations through shared calendrical systems, suggesting long-distance trade or cultural exchanges.
   - They can help in reconstructing the historical timeline and the spread of cultural practices and technologies.

9. **Cultural and Scientific Heritage**:
   - The preservation and","Evidence of sophisticated ancient calendars could imply that the civilization had advanced observational astronomy, systematic record-keeping and specialized knowledge. It might also indicate organized institutions capable of maintaining long-term measurements and coordinating shared timekeeping systems. Calendars can reveal agricultural planning, religious rituals, taxation and political administration. Importantly, sophisticated calendars would not automatically prove that the civilization understood astronomy in exactly the same conceptual framework as modern science. The evidence would need to be interpreted within its cultural context and compared with other archaeological findings.",Yes,Y
Wo sabse chhota positive base ten number kaunsa hai jiske binary representation ke liye six digits chahiye?,0.0854,17,0.2353,0,0,292,"हमें गणना करना है कि कौन सी सबसे छोटी धनात्मक दसवां पाद नंबर के बाइनरी प्रतिनिधित्व में 6 अंकों की आवश्यकता होती है।

1. दसवां पाद में सबसे छोटा धनात्मक संख्या 1 है।
2. इस संख्या का बाइनरी प्रतिनिधित्व 000001 है, जो कि 5 अंकों से बनाया गया है, न कि 6 अंकों की लंबाई का है।
3. हमें तलाश करना है कि कौन सी दसवां पाद नंबर इस तरह का है जिसका बाइनरी प्रतिनिधित्व 6 अंकों की लंबाई का हो।

चूँकि बाइनरी संख्या के पहले अंक दर्शाते हैं कि यह धनात्मक या ऋणात्मक है, और दसवां पाद के सबसे छोटे धनात्मक संख्या 1 है जिसका बाइनरी प्रतिनिधित्व 000001 है। लेकिन यह 5 अंकों का","A binary number with six digits has a leading digit of 1, so the smallest possible six-digit binary representation is **100000₂**. Converting to decimal gives 32. Therefore the smallest positive base-ten number requiring six binary digits is **32**.",Yes,N
"Predict karo ki agar koi pooche 'Ek accha leader kaun hota hai?', toh response kya hoga? Ek political science professor ki tarah roleplay karo.",0.1484,24,0.375,0,1,413,"Ek accha leader kaun hota hai? Ye purani aur naye sheeli, samajh aur prakar se bhare ek jeevan hai. Yeh ek complex tarika se batata hai, kyuki ek leader ko apni shi karwai aur mission ke saath ankh mein dekhna hoga. 

Ek accha leader, samaj mein nishchay, vyavasay mein karan, aur desh ke samagrayon ko samajhne ke saath acha samajh se rukna ka saamna kar sakta hai. Woh sabhi ko ek chabde mein samajhne, aur apna karwan samajhne ka swaayat kar sakta hai. Ek leader ko shi shariar, samajh aur kaam se nisargyata ka swaayat karna hoga.

Isse yah samajh sakta hain ki ek accha leader kuchh hi nahi hoga:

1. **Vishwaas**: Wo sabhi ke beech vishwaas ke seer kar sakta hai, kyuki woh samajh sakta hain ki vishwaas sabse shubh samayak hai.

2. **Visheshan**: Woh ek visheshan karwai aur mission ke saath acha samajh se ruk sakta hai, kyuki woh samajh sakta hain ki visheshan ek karwan ka nivaran hota hai.

3. **Samajh**: Woh sabhi ke samagrayon ko samajh sakta hai, kyuki woh samajh sakta hain ki sabhi ko vishesh samagrayon hote hain.

4. **Swaraj**: Woh apni shi swaraj aur shi samayak ke saath apna swaayat kar sakta hai, kyuki woh samajh sakta hain ki swaraj sabse shubh shariar hota hai.

5. **Swabhiman**: Woh swabhiman aur samayak se nisargyata ka swaayat kar sakta hai, kyuki woh samajh sakta hain ki swabhiman sabse shubh samayak hota hai.

Iske alawa, ek accha leader kuchh achi karan, karan aur samagrayon se bhare hoga. Woh samajh sakta hain ki sabhi samagrayon ke beech ek karan ka swaayat karne ki kramika swaayat hoga. Ek leader ka visheshan ek samajh ke prabhavit prakar hota hai, jisse sabhi ke beech ek vishwaas aur swabhiman ke swaayat hote hain.

Is prakar ka leader ek vyavasay mein visheshan, samajh, shariar, vishwaas, swabhiman aur visheshan karwai aur mission ke saath ek chabde mein ruk sakta hai.","A good leader is less about having the loudest voice and more about creating conditions in which a group can pursue a shared goal effectively. A strong leader communicates a clear direction, makes decisions while remaining open to evidence, accepts responsibility for outcomes and delegates rather than trying to control everything. From a political-science perspective, legitimacy also matters: leadership becomes more durable when followers see decisions as fair and institutions as accountable. Empathy and coalition-building are important because political and organizational outcomes depend on cooperation, not merely authority. In short, effective leadership combines competence, judgment, accountability and the ability to mobilize people around a credible objective.",Yes,N
Imagine karo ek young adult apne parents ke ghar se nikal kar pehli baar apne apartment mein shift ho raha hai. Personal finances manage karne ke liye 3 tips do.,0.1479,30,0.3667,0,0,412,"Sure, moving out for the first time can be both exciting and a bit daunting, especially when it comes to managing personal finances. Here are three tips to help you get started on the right foot:

1. **Create a Budget:**
   - Before you move in, figure out your monthly income and list all your expenses. This includes rent, utilities, groceries, transportation, and any other recurring costs. Use budgeting tools or apps to track your spending and ensure you stay within your means. This will help you avoid debt and ensure you have enough money for unexpected expenses.

2. **Open a Separate Bank Account:**
   - Having a separate bank account for your living expenses can help you manage your finances more effectively. It's easy to mix personal and household expenses, but keeping them separate can help you better track your spending and save for future expenses or goals. Consider setting up automatic transfers to your savings account to ensure you save a portion of your income regularly.

3. **Build an Emergency Fund:**
   - It’s important to have an emergency fund to cover unexpected expenses such as medical bills, repairs, or sudden increases in utility costs. Aim to save at least three to six months' worth of living expenses. Even starting with a small amount each month can help you build this fund over time. This financial cushion will give you peace of mind and help you manage financial stress more effectively.

By following these tips, you can set a strong foundation for managing your finances independently in your new apartment.","Three useful first-apartment finance tips:
1. **Build a realistic monthly budget:** include rent, utilities, groceries, transport, subscriptions and irregular expenses.
2. **Create an emergency fund:** gradually save enough to cover unexpected expenses instead of relying on high-interest debt.
3. **Automate savings and track spending:** move a fixed amount to savings after receiving income and review spending weekly. Also account for one-time moving costs and deposits. The goal is not to make every purchase miserable; it is to know what you can comfortably afford before committing to recurring expenses.",Yes,Y
"Is statement mein koi logical fallacy hai kya? Agar hai toh batao kyun, warna bas 'No logical fallacy detected' likh dena.",0.1328,21,0.3333,0,1,383,"Sure, please provide the statement you want me to check for logical fallacies.","The statement to evaluate is missing, so I cannot identify a specific logical fallacy. The correct response cannot be “No logical fallacy detected” without seeing the argument. Please provide the statement and I can check for issues such as ad hominem, straw man, false dilemma, circular reasoning, hasty generalization, appeal to authority or post hoc reasoning.",Yes,Y
Is passage ka main theme kya hai? Short mein explain karo.,0.124,11,0.4545,0,2,366,"I'm sorry, but you haven't provided a specific passage for me to analyze. Could you please share the passage or text you're referring to, so I can help you identify its main theme?","The passage itself is missing, so its main theme cannot be determined. To identify a theme, I would look for the recurring idea connecting the characters, events and conclusion—for example, identity, power, friendship, prejudice, ambition or loss—and then explain how the passage develops that idea in one or two sentences.",Yes,Y
"Jo info aur context diya hai, uske basis pe USA trip ka 7-day itinerary banao.",0.0703,15,0.1333,0,0,263,"Kurat, aise 7 din ke travel itinerary ko banane ke liye har kisi ke paskari tarike hi kaam karega, lekin main ne aapki kee paskari aur USA travel ke liye kuch sahi places aur activities ke baare me info deti hoon. Kisi bhi place ko add, remove ya change kar sakte hain, aapki travelexperience ko optimize karne ke liye.

Day 1: Arrival and Exploring New York City
- Morning: Arrive in New York City, take a taxi or Uber to your hotel.
- Afternoon: Explore the High Line and Bryant Park.
- Evening: Dinner at a local restaurant and Broadway show.

Day 2: New York City
- Morning: Visit the Statue of Liberty and Ellis Island.
- Afternoon: Walk through Central Park.
- Evening: Explore the Museum of Natural History.

Day 3: Boston, Massachusetts
- Travel to Boston via Amtrak or rental car.
- Visit the Freedom Trail, Paul Revere House, and Old North Church.
- Evening: Walk along the Boston Common and Faneuil Hall Marketplace.

Day 4: Washington D.C.
- Travel to Washington D.C. via Amtrak or rental car.
- Visit the White House, Capitol Building, and Washington Monument.
- Evening: Explore the National Mall and Smithsonian Museums.

Day 5: Philadelphia, Pennsylvania
- Travel to Philadelphia via Amtrak or rental car.
- Visit Independence Hall, Liberty Bell, and the National Constitution Center.
- Evening: Stroll around the Independence Mall.

Day 6: Niagara Falls, New York
- Travel to Niagara Falls.
- Visit Niagara Falls State Park and Goat Island.
- Evening: Watch the nightly illuminations at the Falls.

Day 7: Departure
- Morning: Visit the Seneca Niagara Casino for a quick round of luck.
- Afternoon: Final lunch and souvenir shopping.
- Departure from Niagara Falls.

This itinerary includes a mix of historical and natural attractions, allowing you to explore the rich history and scenic beauty of the northeastern United States. You can modify it according to your interests and travel preferences.","The context needed to personalize a 7-day USA itinerary is not included. A useful itinerary would depend heavily on arrival city, travel dates, budget, interests and whether domestic flights are acceptable. For a generic first-time trip, one possible route could be **New York (Days 1–3), Washington, D.C. (Days 4–5), and Philadelphia (Days 6–7)**, using the Northeast corridor to reduce travel time. That would combine major landmarks, museums, food and history without trying to cross the entire country in one week.",Yes,N
"Ek short story di hai, usko dystopian setting mein rewrite karo but original focus maintain rakhna.",0.0781,16,0.1875,0,0,278,"Tera mutumflaka baat hai, meri tarah se dystopian setting mein uskam rewrite karne ka maana kya hai? Aur kya aap kisi bhi particuliar focus ko main maintain karunga? Aap koi example diye hue text ko de sakte hain jise main apna karyakram karna chata hoon?

Lekin haasib se, ek sample baat banate hain:

Original:
""Rani ka khayal thi ki meri baat apni gali mein kuch samajh jayegi. Lekin woh kuch bhi nahi samajh gayi. Rani ne apni baat kisi aur ko bhi dekhi, par koi nahi kiya. Rani ne yeh gali khatam ki aur aisa samajh liya ki yeh har gali, har baat, har ghar uski baat ko samajhne ki koshish nahi kar rahi.""

Dystopian Rewrite:
""Rani ka khayal thi ki meri baat, yeh ghat mein kuch samajh jayegi. Par yeh ghat nahi samajh gayi. Rani ne apni baat kisi aur ghat ko dekhi, lekin har ghat nahi kiya. Rani ne yeh ghat khatam ki aur aisa samajh liya ki yeh har ghat, har baat, har ghar uski baat ko samajhne ki koshish nahi kar rahi. Yeh ghat, yeh baat, yeh ghar, yeh sab kuch, jahaan mein aata hoon, wahaan nahi samajhnaa hota.""

Aap kuch baatein ke example ya kisi tarah se specific rewrite karna chate hain, kya?","The original short story is not provided, so I cannot rewrite it while maintaining its original focus. In a dystopian rewrite, I would preserve the protagonist, central conflict and emotional arc while changing the surrounding society—for example, replacing an ordinary school with a tightly monitored institution, or an ordinary city with one governed by surveillance and resource restrictions. The dystopian elements should strengthen the original story rather than overwhelm its main theme.",Yes,N
2x+7=3 aur bx-10=-2 equations ka solution x same hai. b ki value kya hogi?,0.2052,14,0.3571,2,1,522,"To solve for the value of \( b \), let's first find the value of \( x \) from each equation and then equate them.

### Step 1: Solve the first equation \(2x + 7 = 3\)

\[ 2x + 7 = 3 \]
\[ 2x = 3 - 7 \]
\[ 2x = -4 \]
\[ x = \frac{-4}{2} \]
\[ x = -2 \]

### Step 2: Solve the second equation \(bx - 10 = -2\)

\[ bx - 10 = -2 \]
\[ bx = -2 + 10 \]
\[ bx = 8 \]
\[ x = \frac{8}{b} \]

### Step 3: Equate the values of \( x \)

Since \( x \) is the same in both equations, we set the expressions for \( x \) equal to each other:

\[ -2 = \frac{8}{b} \]

### Step 4: Solve for \( b \)

\[ -2b = 8 \]
\[ b = \frac{8}{-2} \]
\[ b = -4 \]

Thus, the value of \( b \) is \(-4\).","From 2x+7=3, we get 2x=-4, so **x=-2**. Substitute into bx-10=-2: -2b -10 = -2, hence -2b=8 and **b=-4**.",Yes,Y
Kisi movie ya book ka aisa character choose karo jisse aap relate kar sako aur explain karo kyun.,0.1203,18,0.3333,0,1,359,"Sure, let's choose the character of Harry Potter from J.K. Rowling's Harry Potter book series. This character is relatable for many people because of his journey of self-discovery, growth, and bravery, which are common experiences for many readers.

**Harry Potter: A Relatable Character**

Harry Potter is a young boy who, at the age of 11, discovers he is a wizard. He is whisked away from his ordinary life with his Aunt Petunia and Uncle Vernon to the wizarding world of Hogwarts School of Witchcraft and Wizardry. Throughout the series, Harry faces numerous challenges, from the threat of Lord Voldemort to the emotional and social complexities of school life.

**Why Harry Potter is Relatable:**

1. **Underdog Status**: Like many young readers, Harry starts his journey as an outsider, feeling unloved and neglected by his family. This is a common feeling among children who may be bullied or feel left out, making the character's journey to acceptance and self-worth deeply resonant.

2. **Bravery and Resilience**: Harry faces unimaginable dangers and losses, yet he never gives up. His bravery is not just in his magical abilities but also in his willingness to stand up for what is right, even when it’s not easy. This can inspire readers who may have faced their own trials and need encouragement to keep going.

3. **Friendship and Loyalty**: Harry's relationships with his friends, like Ron Weasley and Hermione Granger, show the importance of friendship and loyalty. The bonds he forms and the support he gives to his friends are often mirrored in real-life friendships, making the narrative of loyalty and support very relatable.

4. **Personal Growth**: Harry's character development is one of the most compelling aspects of the series. He learns about the value of love, courage, and sacrifice, which are universal themes that many readers can connect with as they grow.

5. **Overcoming Adversity**: The recurring theme of Harry's battle against Voldemort, despite the odds, can resonate with readers who have faced significant obstacles in their lives. It provides a sense of hope and resilience that can be very empowering.

Overall, Harry Potter's journey is a universal one, filled with relatable themes and experiences that can inspire and motivate readers. His character is a testament to the idea that no matter how difficult the circumstances, with courage, friendship, and determination, one can overcome adversity.","A relatable character is **Peter Parker/Spider-Man**, because his stories often balance ambition and responsibility with ordinary problems such as school, work, relationships and self-doubt. What makes him relatable is not the superhero ability itself but the recurring tension between wanting a normal life and feeling responsible for something larger. He makes mistakes, faces consequences and has to keep learning rather than becoming instantly perfect.",Yes,Y
Solar aur wind energy ke advantages aur disadvantages ko compare karke batao as renewable energy sources.,0.1031,16,0.1875,0,1,326,"Solar and wind energy are both renewable energy sources, but they have distinct advantages and disadvantages. Here's a comparison to help you understand their benefits and drawbacks:

### Advantages of Solar Energy:
1. **Abundance and Sustainability**: Solar energy is abundant and sustainable, as the sun is a constant and inexhaustible source of energy.
2. **Reduction in Greenhouse Gas Emissions**: Solar energy produces no direct emissions during operation, contributing to a cleaner environment.
3. **Low Operating Costs**: Once the solar panel system is installed, the operating costs are minimal, with sunlight being free.
4. **Versatility**: Solar panels can be installed on rooftops, in open spaces, or even integrated into building designs, making it suitable for various applications.
5. **Energy Independence**: Solar energy can reduce dependency on imported fuels, enhancing energy security.
6. **Technological Advancements**: Continuous improvements in solar technology have led to increased efficiency and reduced costs.

### Disadvantages of Solar Energy:
1. **Intermittency**: Solar energy production is highly dependent on weather conditions and time of day, which can lead to variability in output.
2. **High Initial Costs**: The initial investment for solar panels and installation can be high.
3. **Space Requirements**: Large areas are needed for solar panel installations, which can be a limitation in densely populated urban areas.
4. **Environmental Impact**: The manufacturing process of solar panels can have environmental impacts, including the use of hazardous materials.
5. **Decay Over Time**: Solar panels degrade over time, reducing their efficiency.

### Advantages of Wind Energy:
1. **Abundance and Sustainability**: Wind energy is also a renewable and sustainable source, with the wind continuously blowing.
2. **Reduced Carbon Footprint**: Wind energy produces no direct emissions, making it a clean source of power.
3. **Low Operating Costs**: Like solar energy, wind energy has low operating costs after the initial setup.
4. **Energy Independence**: Wind energy can contribute to energy security by reducing dependency on imported fuels.
5. **Versatility**: Wind turbines can be installed on land or in offshore locations, providing flexibility in location choices.
6. **Positive Environmental Impact**: Wind energy does not produce air or water pollution and can help reduce the need for non-renewable resources.

### Disadvantages of Wind Energy:
1. **Intermittency**: Wind energy production is dependent on weather conditions, leading to variability in output.
2. **Aesthetic Concerns**: Wind turbines can be visually intrusive","Solar and wind energy are both renewable and produce very low operational greenhouse-gas emissions, but they have different characteristics. Solar panels can be installed from rooftops to utility-scale farms and have no moving parts, but output depends on sunlight and falls at night. Wind turbines can generate large amounts of electricity, including at night, and can be very productive in windy regions, but output varies with wind conditions and projects can face land-use, visual and wildlife concerns. Both benefit from storage, transmission, demand management and diversified generation. Neither is universally “better”; the best mix depends on local resources and grid needs.",Yes,Y
"Diye gaye text ke basis pe, company ki ek strength aur ek weakness highlight karo aur samjhao ki ye business ke liye kyun important factors hain.",0.1297,26,0.3462,0,0,377,"Kuch bhi text diya gaya hai, lakin is mein company ki ek strength aur ek weakness ko specific mention nahi kiya gaya hai. Par dono points ko samjho, iska matlab hai ki hum apne niche kuch sample text lakenge aur uske basis par company ki ek potential strength aur weakness ko highlight karenge, isse bhi hum apne business ke liye kyun important factors hain to samjhenge.

**Sample Text:**

""XYZ Company is a leading provider of software solutions. With a team of experienced developers, they have been successfully delivering high-quality software products for over 10 years. They have a strong focus on customer service and are known for their quick turnaround times and reliability. However, they have a limited presence in emerging markets, which could limit their growth potential.""

**Highlighting Strength and Weakness:**

1. **Strength:**
   - **Strength of the Company: XYZ Company's Focus on Customer Service and Quick Turnaround Times**
     - Highlight: XYZ Company's strong focus on customer service and their ability to deliver quick turnaround times is a significant strength. This focus has likely helped them build a strong reputation and customer loyalty.
     - **Importance for the Business:**
       - It enhances customer satisfaction and retention.
       - It can provide a competitive edge by offering superior service compared to competitors who might not match these standards.
       - It can lead to positive word-of-mouth marketing and referrals.

2. **Weakness:**
   - **Weakness of the Company: Limited Presence in Emerging Markets**
     - Highlight: While XYZ Company has a strong presence in their current markets, their limited presence in emerging markets is a significant weakness. This limitation could limit their growth potential and restrict access to new markets.
     - **Importance for the Business:**
       - It restricts the company's ability to diversify its customer base and revenue streams.
       - It may limit their access to new technological trends and customer needs in emerging markets.
       - It can create a competitive disadvantage if rivals are more active in these markets.

By identifying and understanding these strengths and weaknesses, XYZ Company can develop strategies to capitalize on their strengths and mitigate their weaknesses, thereby enhancing their overall business performance and growth potential.","The company details are not included, so I cannot identify a specific strength and weakness. In general, a strength should be something the company does better than competitors—such as strong brand recognition, proprietary technology or efficient distribution—and its importance should be linked to revenue, customer retention or competitive advantage. A weakness might be high operating costs, dependence on one market, weak product differentiation or limited scale. The business impact depends on how directly each factor affects profitability and resilience.",Yes,N
Passage padho aur answer karo: Passage se John ke life perspective ke baare mein kya pata chalta hai?,0.124,18,0.3889,0,1,366,"I'm sorry, but I can't provide an answer as you haven't provided a passage or any context related to John's life perspective. Could you please provide the passage or more details so I can assist you better?","The passage about John is missing, so I cannot infer his life perspective without inventing evidence. To answer this type of question, I would look at John’s statements, choices, reactions to setbacks and descriptions of other people. For example, repeated emphasis on uncertainty might indicate a cautious worldview, while his responses to adversity might reveal optimism, cynicism or resilience.",Yes,Y
"Is poem ka main theme identify karo: ""I'd climb a hill so high, That I could touch the stars in the sky, And I'd watch the birds fly by""",0.1313,29,0.1724,0,0,380,"The poem you've provided has a theme of aspiration and longing. The speaker expresses a desire to reach great heights, both literally by climbing a high hill and figuratively by touching the stars. The act of watching the birds fly by might also symbolize freedom and the beauty of nature, which the speaker might wish to experience more closely by reaching higher elevations. Overall, the theme centers around the human desire to explore, achieve, and connect with something greater or more distant than what is immediately within reach.","The poem’s main theme is **wonder, aspiration and the desire to reach beyond ordinary limits**. The speaker imagines climbing high enough to touch the stars and observe birds from above. The imagery of hills, stars and flying birds creates a sense of freedom and ambition. It suggests a childlike or imaginative longing to explore the world from a new perspective.",No,Y
Ye medical scenario padho aur ek hypothetical doctor ki tarah apna treatment plan ya advice explain karo.,0.1068,17,0.1765,0,1,333,"Sure, let's create a hypothetical medical scenario and I'll explain the treatment plan as a doctor would.

### Hypothetical Medical Scenario:
A 45-year-old male patient comes to the clinic complaining of a persistent cough, fever, and shortness of breath. He mentions that he has been feeling unusually tired and has lost some weight over the past few months. The patient works as a teacher and does not have any significant medical history. On examination, the patient appears pale, has a temperature of 38.5°C, and there are some crackles heard in his lungs. A chest X-ray reveals an irregular mass in the right lung.

### Treatment Plan:

1. **Initial Assessment and History:**
   - Conduct a thorough history to identify any risk factors, such as smoking or occupational hazards.
   - Perform a physical examination, noting the patient's appearance, vital signs, and any signs of respiratory distress.
   - Order further diagnostic tests such as a complete blood count (CBC), C-reactive protein (CRP), and a sputum culture to rule out infection.
   - Arrange for a biopsy if necessary to confirm the nature of the lung mass.

2. **Diagnostic Testing:**
   - **Chest X-ray:** Confirm the presence and characteristics of the lung mass.
   - **CT Scan:** To get a detailed image of the mass and assess its size and location.
   - **Bronchoscopy:** To obtain a sample for biopsy.
   - **Biopsy:** To determine the exact nature of the lung mass (benign or malignant).
   - **Lung Function Tests:** To assess the patient's lung function and respiratory status.

3. **Initial Treatment:**
   - **Antibiotics and Supportive Care:** If an infection is suspected, start broad-spectrum antibiotics. Ensure the patient stays well-hydrated and receives symptomatic treatment for fever and cough.
   - **Pulmonary Rehabilitation:** If the patient is experiencing shortness of breath, initiate a pulmonary rehabilitation program to improve his respiratory function.

4. **Further Management:**
   - **Follow-up Biopsy Results:** Once the biopsy results are available, decide on the next steps based on whether the mass is malignant or benign.
   - **Malignancy Treatment:** If the mass is malignant, a treatment plan would include:
     - **Surgery:** Depending on the size and location of the tumor, surgical removal might be recommended.
     - **Chemotherapy:** To destroy any cancer cells that might have spread.","The medical scenario is not included, so I cannot propose a specific treatment plan. Medical advice depends on symptoms, duration, age, medical history, medications, examination findings and sometimes tests. A hypothetical explanation can discuss possible causes and typical management, but it should not pretend to diagnose someone from incomplete information. If the scenario is provided, I can explain what a clinician would generally consider and which warning signs would require urgent care.",Yes,Y
Ek aisa example sentence do jisse ye samajh aaye ki exact phrase dikhane ke liye quotation marks use karna kyun zaroori hai.,0.1141,22,0.3636,0,0,347,"Sure, let's consider a sentence to illustrate the importance of using quotation marks for exact phrases:

1. Without quotation marks:
   ""She said she likes to read books."" (This sentence is incorrect as it's not indicating an exact quote.)

2. With quotation marks:
   She said, ""She likes to read books.""

In this example, the quotation marks around ""She likes to read books"" show that these are the exact words spoken by the person. If we didn't use quotation marks, it might be unclear whether ""She likes to read books"" is a direct quote or just part of the sentence. Therefore, quotation marks are essential for clarity and precision in communication.","Quotation marks matter when you need to show the **exact wording** of a phrase. For example: The instructions say, **“Do not share your password.”** Without quotation marks, “Do not share your password” could be interpreted as a paraphrase rather than the exact phrase appearing in the source.",Yes,N
SQL mein ek query likho jisse database ke saare authors ke names mil jayein. Author table ka naam AUTHORS hai. Ek WORKS table bhi hai jisme authors ke saare works hain aur wo AUTHOR_FK se connected hai. Work content varchar mein hai aur column ka naam WORK hai. Ek aisi query bhi banao jisse pata chale ki kis author ka total word count sabse zyada hai.,0.1844,66,0.2879,0,0,482,"Certainly! To retrieve all author names from the `AUTHORS` table, you can use a simple `SELECT` query. To find out which author has the highest total word count of their works, you can use a combination of `JOIN`, `GROUP BY`, and `ORDER BY` clauses.

Here are the two queries:

1. **Query to retrieve all author names:**

```sql
SELECT author_name
FROM AUTHORS;
```

2. **Query to find the author with the highest total word count:**

```sql
SELECT a.author_name, SUM(w.length) AS total_word_count
FROM AUTHORS a
JOIN WORKS w ON a.author_id = w.AUTHOR_FK
GROUP BY a.author_id, a.author_name
ORDER BY total_word_count DESC
LIMIT 1;
```

Explanation of the second query:
- `JOIN AUTHORS a ON a.author_id = w.AUTHOR_FK`: This joins the `AUTHORS` and `WORKS` tables using the `author_id` and `AUTHOR_FK` columns.
- `GROUP BY a.author_id, a.author_name`: This groups the results by author ID and author name to calculate the total word count for each author.
- `SUM(w.length) AS total_word_count`: This calculates the total word count for each author by summing up the `length` (assuming `length` is a column in the `WORKS` table that represents the word count of each work).
- `ORDER BY total_word_count DESC`: This orders the results in descending order based on the total word count.
- `LIMIT 1`: This limits the result to the author with the highest total word count.

If you need to calculate the word count based on the `WORK` column, you can modify the query as follows:

```sql
SELECT a.author_name, SUM(LENGTH(w.WORK) - LENGTH(REPLACE(w.WORK, ' ', '')) + 1) AS total_word_count
FROM AUTHORS a
JOIN WORKS w ON a.author_id = w.AUTHOR_FK
GROUP BY a.author_id, a.author_name
ORDER BY total_word_count DESC
LIMIT 1;
```

Explanation of this modified query:
- `LENGTH(w.WORK) - LENGTH(REPLACE(w.WORK, ' ', '')) + 1`: This calculates the word count by counting the number of spaces and adding one (since each space indicates the end of one word and the start of another).","To list all authors:
```sql
SELECT author_name
FROM AUTHORS;
```
For total word count, assuming `WORKS.AUTHOR_FK = AUTHORS.author_id` and `WORKS.WORK` contains the text, the exact word-count expression depends on the SQL dialect. In PostgreSQL, one approach is:
```sql
SELECT a.author_name,
       SUM(
         CASE
           WHEN w.work IS NULL OR trim(w.work) = '' THEN 0
           ELSE array_length(regexp_split_to_array(trim(w.work), '\s+'), 1)
         END
       ) AS total_words
FROM AUTHORS a
LEFT JOIN WORKS w ON w.AUTHOR_FK = a.author_id
GROUP BY a.author_id, a.author_name
ORDER BY total_words DESC;
```
The first row is the author with the largest total word count. Adjust identifiers to match the actual schema.",Yes,Y
"Agar 5 balls ko 3 boxes mein daalna hai aur balls aur boxes dono indistinguishable hain, toh kitne ways honge?",0.099,20,0.25,0,0,318,"यह समस्या एक गणितीय समस्या है जिसे पैरिसेड संकल्पना का उपयोग करके हल किया जा सकता है। यहाँ आपका सवाल की उत्तर निम्न पद्धति से दिया जा सकता है:

1. **सामान्यीकरण**: हमारी दिए गए परिस्थिति में, हमें 5 गेंदों (balls) को 3 बॉक्सों (boxes) में डालना है जिसमें गेंदें और बॉक्सें दोनों समान नहीं हैं। इस परिस्थिति को सरलीकृत करने के लिए, हम इसे एक समस्या के रूप में देख सकते हैं जिसमें हमें 5 साइन (|) के साथ 2 बार इन्टर्सेप्ट (काटकार) (|) को लगाना है।

2. **सम्बन्ध संस्करण**: यह अर्थात् हमें 7 स्थानों में से 2 बार इन्टर्सेप्ट (काटकार) को रखना है। यह समस्या आपको देती है कि कितने व","When both balls and boxes are indistinguishable, this is the number of integer partitions of 5 into at most 3 parts. The possibilities are 5; 4+1; 3+2; 3+1+1; and 2+2+1. Therefore there are **5 ways**.",No,N
"Ek party mein 23 log aaye hain. Har person maximum 22 logon se haath mila sakta hai. Agar koi bhi do log sirf ek baar haath milayein, toh maximum kitne handshakes ho sakte hain?",0.1562,34,0.2353,0,0,428,"दिए गए स्थिति को समझने के लिए, हम लगातार 23 लोगों के बीच हाथ मिलाने की सबसे अधिक संभावना गणना करेंगे।

यदि बाकी 21 लोग अन्य सभी के साथ हाथ मिलाते हैं, तो एक लोग को अधिकतम 21 बार हाथ मिलाने की संभावना होगी।

हालाँकि, 2 लोग दो बार हाथ मिलाते हैं, इसका अर्थ है कि इनके बीच का एक हाथ मिलाना अतिरिक्त है। इसके अलावा, ये दोनों अन्य सभी के साथ भी हाथ मिलाते हैं, जो कि अन्य लोगों के लिए अतिरिक्त हाथ मिलाने की 2 संभावना बनाते हैं।

इसलिए, सम्पूर्ण समस्या को समझते हुए:

1. अतिरिक्त हाथ मिलाने वाले दो लोगों के बीच एक हाथ मिलाना अतिरिक्त है (2 बार हाथ मिलाना बजाय एक ही बार हाथ म","With 23 people, every pair can shake hands once. The maximum is the number of unordered pairs: C(23,2) = 23×22/2 = **253 handshakes**.",Yes,N
"1588 mein Spanish Armada ne England pe attack karne ki koshish ki thi, uske causes aur outcome samjhao ek history teacher ki tarah.",0.112,23,0.2609,0,0,343,"1588 mein, Spanish Armada ke England pe attack karne ki koshish ek kriti aur anek pramukh samanyon se gyan ke saath, aapki history teacher ke liye tathaarthi tara par roopalit karti hoon. 

**Causes:**

1. **Religious Tensions**: 16th century mein, England Christian se Protestanti se bhar chal rahi thi. Elizabeth I ki regency mein, Protestantiya ke saath Roman Catholic Spain ke beech mein samajhiye rivaliyat thi.

2. **Naval Superiority**: England ke naval force ne, 16th century mein kriyakalame se kriyakalame se strength aur expertise se Spain ke force se kriyakalame se jaldi bahut pehle jahaan par jhuka bhar chalaya tha.

3. **Economic and Strategic Interests**: Spain ko England ka commercial success aur East India Company ki activities mein hriday se bahare hua tha, jo Indian Ocean mein Spain ka trade ko zyada se zyada haramzada kar rahi thi.

4. **Support to Irish and Scottish Rebellions**: Spain ko Ireland aur Scottish mein Protestantiya ke supporter ke form mein English rebellion se hriday se bahar karne ke liye support ki koshish karni thi.

5. **Elizabeth I ki Rejection of Catholicism**: England ki regent Elizabeth I ko, Roman Catholic Church ki authority se mahasvatah rejection karne ke liye aur Catholic countries ke liye jayagin kriya karne se hriday se bahar karne ke liye kriyakalame se kriyakalame se bhar chal rahi thi.

**Outcome:**

1. **Spanish Defeat**: English navy ki strength, navigation skills, aur military tactics se, Spanish Armada ko vishad kar di thi.

2. **England Ki Prestige Increase**: Victory mei England ki international prestige aur its naval power mei increase ki thi, jo India aur koi aur parts mein English trade aur colonies ki kriyakalame se kriyakalame se bahut se benefits se asr kar sakta tha.

3. **End of Spanish Threat**: England ne Spain ki threat se free ho gaya, jo 16th century mein kriyakalame se kriyakalame se kriyakalame se India aur Asia mein English trade ko haramzada rakha tha.

4. **Strengthened Protestantism**: Victory ke baad, Protestantism ki popularity aur strength ne zyada se zyada increase ki thi, jo regency ke liye aadhar gyan samajhane ka shreni bana thi.

5. **Long-term Impact**: 1588 ka event, English history mein aadhar gyan samajhane ke liye ek kriti aur kriya ke saath kriyakalame se kriyakalame se aadar prapt roop mein samajhne ka shreni bana ta tha, jo future mein English colonial power aur global influence ke liye kriyakalame se kriyakalame se jhuka bhar chalana ka aadhar bana sakti thi.

Iske liye, 1588 mein Spanish Armada ki koshish aur uski outcome, England aur world history mein ek aadhar gyan ke source thi.","The Spanish Armada campaign of 1588 was driven by several factors, including conflict between Catholic Spain and Protestant England, English support for the Dutch revolt against Spanish rule, English privateering against Spanish shipping, and the execution of Mary, Queen of Scots. Philip II planned a large invasion expedition intended to help the Duke of Parma’s forces cross from the Netherlands into England. The English used smaller, more maneuverable ships, long-range tactics and fireships to disrupt the Spanish fleet. Storms then badly affected the Armada during its retreat around the British Isles. The defeat did not instantly make England a dominant global power, but it was a major setback for Spain and became a powerful symbol in English history.",Yes,N
Imagine karo tum ek personal trainer ho. Apne client ko cardiovascular exercise ke benefits samjhao aur do examples bhi do.,0.1021,20,0.3,0,0,324,"Ji, kahiye, aapki traiining seva ke liye bahut shukriya! Cardiovascular exercises ek mazaakta aur khaaki fit rahein kame se mushkil hain. Isiliye, aapki cardiovascular exercise ke benefits aur kuch example banayen ge:

### Cardiovascular Exercise Ki Benefits:
1. **Jaghdafal Aur Jeevan Kala Badiyein**: Cardiovascular exercises, jaise walking, jogging, running, cycle riding, aur swimming, apni nadiyan aur jeevan kala kuch badiyein kar dein ge.
2. **Kalpana Aur Muktisamapta**: Iske sath apni kalpana aur muktis samapti bhi badiyein kar dein ge.
3. **Aadharit Muktisamapta**: Cardiovascular exercises, jaise jumping jacks aur high knees, aadharit muktis samapti badiyein kar dein ge.
4. **Vyanjan Aur Prana Badiyein**: Iske sath apni vyanjan aur prana badiyein bhi badiyein kar dein ge.
5. **Kshudh Badiya Bolega**: Cardiovascular exercises aapko kshudh badiya bolenge.
6. **Vishvas Aur Dhaam Ki Badiyein**: Iske sath aapke vishvas aur dhaam bhi badiyein bhi badiyein kar dein ge.
7. **Aamad Aur Prana Samapti Badiyein**: Cardiovascular exercises aamad aur prana samapti badiyein bhi badiyein kar dein ge.

### Cardiovascular Exercise Ki Kuch Examples:
1. **Walking**: Aapko ek saal ki kshudh badiya bolenge aur aapki aamad aur prana samapti badiyein bhi badiyein kar dein ge.
2. **Jogging**: Isse aapki adhik jaghdafal aur jeevan kala badiyein badiyein kar sakte hain.
3. **Running**: Running aapki badi jaghdafal aur jeevan kala badiyein kar dein ge.
4. **Swimming**: Swimming aapki badi vyanjan aur prana badiyein badiyein kar dein ge.
5. **Cycling**: Cycling aapki badi jaghdafal aur jeevan kala badiyein kar dein ge.
6. **Jumping Jacks**: Isse aapki adhik aamad aur prana samapti badiyein badiyein kar sakte hain.
7. **High Knees**: High knees aapki adhik vishvas aur dhaam badiyein badiyein kar dein ge.

Iske sath, aapki apna cardiovascular exercise plan bana kar aapko har din kuch badiyein karne ke liye bina samakta rahne ke liye madad kar sakun. Iske baad, aapko regular exercise karein aur apne goals reach karne ke liye moti rakhna hoga.","Cardiovascular exercise improves heart and lung fitness, helps regulate blood pressure and supports metabolic health. It can also improve endurance and contribute to overall physical and mental well-being. Two examples are **brisk walking** and **cycling**. A beginner can start with manageable sessions and gradually increase duration or intensity. The right amount depends on age, fitness and health status, and people with relevant medical conditions should seek appropriate professional guidance before starting strenuous exercise.",Yes,N
"Is sentence mein kaunsa figure of speech use hua hai, wo dhoond kar batao.",0.076,14,0.2857,0,0,274,"Sure, please provide the sentence so I can help you identify the figure of speech used in it.","The sentence itself is missing, so I cannot identify its figure of speech. Common possibilities include metaphor (“Time is a thief”), simile (“as brave as a lion”), personification (“the wind whispered”), hyperbole (“I’ve told you a million times”) and alliteration (“wild winds whistle”). Provide the sentence and I can identify the exact device and explain why.",Yes,Y
Work from home aur office environment ke pros aur cons discuss karo.,0.0604,12,0.1667,0,0,244,"कार्यालय से घर पर काम के वादों और विरोधों को बताने पर, यहाँ आंकड़ों और तथ्यों की एक कुशल समीक्षा है:

### कार्यालय से घर पर काम के लाभ (Pros):
1. **समय और व्यय की बचत**: घर पर काम करने से कार्यालय से यात्रा की व्यय और समय का बचाव हो सकता है।
2. **सुरक्षा और नियमिती**: घर में काम करने से आपको यात्रा करने और रास्तों को सुरक्षा में भी लाभ मिल सकता है।
3. **स्वास्थ्य का लाभ**: कार्यालय से घर पर काम करने से आपको थोड़ी कम यात्रा करनी पड़ेगी, जिससे आपकी योग्यता बढ़ सकती है।
4. **स्वतंत्रता और अनुकूलता**: घर में काम करने का लाभ है कि आप अपनी कला और अनुसूची को अपनी व्यक्तिगत पसंदों के अनुसार रख","Working from home can provide flexibility, eliminate commuting and make it easier for some people to focus. It can also reduce informal social interaction and blur the boundary between work and personal life. Office work can make collaboration, mentoring and spontaneous communication easier, while giving a clearer physical separation between work and home. On the other hand, commuting consumes time and offices can introduce interruptions and distractions. The best arrangement depends on the job and the worker; hybrid models often try to combine focused remote work with intentional in-person collaboration.",Yes,N
Kisi bhi ek topic pe 5 questions aur unke answers ki list banao.,0.0635,13,0.1538,0,0,250,"किसी भी विषय पर 5 प्रश्न और उनके उत्तर की सूची बनाने के लिए आप इसे निर्धारित कर सकते हैं। उदाहरण के लिए, यदि आप चाहते हैं कि यह भारतीय इतिहास हो, तो इस विषय पर पाँच प्रश्न और उनके उत्तर की सूची निम्न में दी गई है:

1. प्रश्न: भारत की सबसे पुरानी राजधानी कौन सी है?
   उत्तर: प्रायांगन ग्राम (जिसे अब उज्जैन के रूप में जाना जाता है)।

2. प्रश्न: किस युग में चालुक्य राजवंश शक्तिशाली हो गया?
   उत्तर: चालुक्य राजवंश चालुक्य युग में शक्तिशाली हो गया।

3. प्रश्न: भारतीय राज्यों की आर्य समुदाय की पहली नियुक्ति किस वर्ष हुई?
   उत्तर: आर्य समुदाय की पहली नियुक्ति लगभग","Topic: **Computer Networks**
1. What is an IP address?  
   **Answer:** A numerical address used to identify an interface/device on an IP network.
2. What does DNS do?  
   **Answer:** It maps domain names to network addresses such as IP addresses.
3. What is TCP?  
   **Answer:** A connection-oriented transport protocol that provides reliable, ordered delivery.
4. What is a router?  
   **Answer:** A device that forwards packets between networks.
5. What is latency?  
   **Answer:** The delay between sending data and receiving the corresponding response or data.",Yes,N
"In foods ko healthy ya unhealthy mein classify karo: Mashed potatoes, Caesar salad, Poached salmon",0.075,15,0.2,0,0,272,"Sure, I can help with that! Let's classify each of the items you mentioned as healthy or unhealthy based on common nutritional considerations:

1. **Mashed Potatoes**:
   - **Unhealthy**: Mashed potatoes, especially when made with butter, cream, or cheese, can be high in calories and fat, especially if they are served with unhealthy sides like gravy. However, plain mashed potatoes made with just boiled potatoes and a small amount of butter or a low-fat dairy product can be healthier. Adding vegetables or herbs can also improve the nutritional profile.

2. **Caesar Salad**:
   - **Unhealthy to Healthy, Depending on Preparation**: A traditional Caesar salad often includes croutons and a creamy dressing, which can be high in calories, sodium, and unhealthy fats. However, a healthier version of the Caesar salad can be made with a light dressing or a dressing made with olive oil, along with a variety of vegetables and a moderate amount of protein like grilled chicken or poached salmon. This makes it a more balanced and nutritious option.

3. **Poached Salmon**:
   - **Healthy**: Poached salmon is generally a healthy choice. It is a lean protein that is low in fat and high in omega-3 fatty acids, which are beneficial for heart health. Additionally, poaching is a gentle cooking method that preserves nutrients and does not add extra fat or calories. However, it's important to avoid adding high-fat dressings or toppings.

In summary:
- **Mashed Potatoes**: Can be unhealthy depending on how they are prepared, but can be made healthier.
- **Caesar Salad**: Can be unhealthy due to its traditional preparation, but can be improved for better nutrition.
- **Poached Salmon**: Generally a healthy choice.","Mashed potatoes can be healthy when prepared with moderate butter/cream and reasonable portions, because potatoes provide carbohydrates and nutrients, but heavily enriched versions can be calorie-dense. Caesar salad can be healthy in principle because it contains greens, but traditional dressing, cheese and croutons can make it high in calories and sodium. Poached salmon is generally a very healthy choice because it provides high-quality protein and omega-3 fatty acids without requiring much added fat. So, among these, **poached salmon is the clearest healthy choice**, while the healthfulness of mashed potatoes and Caesar salad depends strongly on preparation and portion size.",Yes,Y
"Niche diye gaye context ko use karke question ka answer do. Agar answer nahi pata toh seedha bol do, faltu ka guess mat karna.",0.1156,24,0.25,0,0,350,"Comprehension received. Please provide the context and the question related to that context, so I can attempt to answer based on the given information.","The context and question are missing, so the correct response is **nahi pata** rather than guessing. A reliable answer requires the information referred to by “below” or “given context.”",Yes,Y
"Agar kisi integer x ka square 1521 hai, toh (x+1)(x-1) ki value kya hogi?",0.1099,14,0.4286,0,1,339,"दिया गया है कि एक पूर्णांक \( x \) का वर्ग 1521 है, अर्थात् \( x^2 = 1521 \)। हमें (x+1)(x-1) का मान ज्ञात करना है।

हम जानते हैं कि (x+1)(x-1) को गुणनखंडों का यादृच्छिक गुणन के नियम द्वारा लिखा जा सकता है जिसका फलन है:
\[
(x+1)(x-1) = x^2 - 1
\]

अब हम \( x^2 = 1521 \) का मान डालते हैं:
\[
x^2 - 1 = 1521 - 1 = 1520
\]

इस प्रकार, (x+1)(x-1) का मान 1520 है।","x² = 1521, so x = ±39. We need (x+1)(x-1) = x² - 1. Since x² = 1521 regardless of whether x is +39 or -39, the result is **1520**.",Yes,Y
Is text ko read karke batao isme kaunse logical fallacies hain aur wo fallacies kyun hain.,0.0859,16,0.3125,0,0,293,"Of course, I can help with that! Please provide the text you want me to analyze for logical fallacies. Once you do, I'll identify any fallacies present and explain why they are problematic.","The text containing the argument is missing, so I cannot identify specific fallacies. Once provided, I would check whether the reasoning attacks a person rather than the claim, misrepresents an opponent, presents a false either/or choice, assumes its conclusion, generalizes from insufficient evidence, confuses correlation with causation, or relies on irrelevant authority. I would quote the relevant reasoning briefly and explain exactly why each identified fallacy applies.",Yes,Y
Local newspaper ke editor ko ek letter likho kisi current issue pe apni opinion dete hue.,0.0745,16,0.125,0,0,271,"Ji尊敬的编辑：

我写这封信是想就您们最近一期报纸上的一篇文章发表一些个人意见。这篇文章讨论了当前社区面临的挑战以及可能的解决办法，内容非常丰富且引人深思。但作为一名对社区发展有一定了解的居民，我想分享一些自己的看法。

首先，文章中提到的关于环境保护和可持续发展的观点我非常赞同。确实，随着城市化进程的加速，我们面临的环境问题日益严重，我们必须采取行动保护我们的家园。不过，我还希望看到更多的具体措施和实施细节，比如政府如何与企业合作，如何鼓励居民参与等。

其次，关于社区服务方面，文章中提到了一些改进措施，如增加社区活动等。这些措施对于提升社区居民的生活质量确实非常重要。但是，我认为还需要考虑到服务的多样化需求，例如，对于不同年龄层和兴趣爱好的居民来说，应该提供更加丰富多彩的活动选择。

最后，我建议未来可以邀请更多社区居民参与到讨论和决策的过程中来。通过公开论坛或在线平台收集居民的意见和建议，这样不仅能提高决策的透明度，还能增强社区的凝聚力。

再次感谢您们在传递信息和促进社区讨论方面的努力。我相信，通过我们大家的共同努力，我们能够共同创造一个更加美好和谐的社区环境。

此致
敬礼

[您的姓名]
[联系方式]

请注意，上述信件是基于假设情景撰写的示例。在实际情况中，可以适当调整信件的内容，以更好地反映您的个人观点和建议。","**To the Editor,**

I am writing to share my concern about the increasing problem of traffic congestion in our city. Long commuting times affect students, workers and businesses, while unnecessary idling also contributes to air pollution. The city should prioritize reliable public transport, improve pedestrian infrastructure and enforce parking and traffic rules consistently. These measures would not eliminate congestion overnight, but they could make daily travel safer and more predictable while reducing dependence on private vehicles.

Public discussion of this issue should focus not only on building more roads but also on giving residents practical alternatives to driving. I hope the local administration treats sustainable urban mobility as a long-term priority.

Sincerely,
A concerned resident",Yes,N
"Bhai, is topic pe presentation ke liye kya kya points cover karne chahiye, ek list bhej de.",0.15,17,0.4706,0,2,416,"Of course! Could you please specify the topic for your presentation? Once I know the topic, I can provide you with a list of key points to cover.","Presentation ke liye points topic par depend karenge, lekin ek solid structure usually ye hota hai:
1. Introduction and why the topic matters
2. Background / key definitions
3. Current situation or problem
4. Main concepts or mechanisms
5. Data, examples or case studies
6. Advantages and limitations
7. Real-world applications or impact
8. Challenges and ethical concerns
9. Possible solutions / future scope
10. Conclusion and key takeaways
11. References/sources
Agar topic bata do, main isi ko exact slide-by-slide structure mein convert kar sakta hoon.",Yes,Y
"y=3x^3 + 10x^2 + 5 waale differential equation ke critical points check karke batao ki wo maximum hain, minimum hain ya phir kuch nahi.",0.2656,24,0.25,3,0,638,"To determine whether the critical points of the function \( y = 3x^3 + 10x^2 + 5 \) are maximum, minimum, or neither, we need to follow these steps:

1. **Find the first derivative \( y' \) and set it to zero to find the critical points.**
2. **Find the second derivative \( y'' \) to determine the nature of these critical points.**

### Step 1: Find the First Derivative

The first derivative of \( y = 3x^3 + 10x^2 + 5 \) is:
\[ y' = \frac{d}{dx}(3x^3 + 10x^2 + 5) = 9x^2 + 20x \]

Set the first derivative to zero to find the critical points:
\[ 9x^2 + 20x = 0 \]
\[ x(9x + 20) = 0 \]

This gives us two critical points:
\[ x = 0 \]
\[ 9x + 20 = 0 \implies x = -\frac{20}{9} \]

### Step 2: Find the Second Derivative

The second derivative of \( y = 3x^3 + 10x^2 + 5 \) is:
\[ y'' = \frac{d}{dx}(9x^2 + 20x) = 18x + 20 \]

Now, evaluate the second derivative at the critical points:

1. For \( x = 0 \):
\[ y''(0) = 18(0) + 20 = 20 \]
Since \( y''(0) > 0 \), \( x = 0 \) is a local minimum.

2. For \( x = -\frac{20}{9} \):
\[ y''\left(-\frac{20}{9}\right) = 18\left(-\frac{20}{9}\right) + 20 = -40 + 20 = -20 \]
Since \( y''\left(-\frac{20}{9}\right) < 0 \), \( x = -\frac{20}{9} \) is a local maximum.

### Conclusion

The critical points of the function \( y = 3x^","Given y = 3x³ + 10x² + 5. First derivative: y' = 9x² + 20x = x(9x+20). Critical points are x=0 and x=-20/9. Second derivative: y'' = 18x + 20. At x=0, y''=20>0, so x=0 is a **local minimum**. At x=-20/9, y''=-20<0, so x=-20/9 is a **local maximum**. Corresponding y-values are y(0)=5 and y(-20/9)=? Substituting gives approximately 19.81. Thus the critical points are approximately **(-20/9, 19.81), a local maximum**, and **(0,5), a local minimum**.",Yes,Y
"(2, -3) aur (1, -2) points se passing line ka slope nikalo.",0.0604,12,0.1667,0,0,244,"To find the slope of the line passing through the points \((2, -3)\) and \((1, -2)\), we can use the slope formula:

\[
\text{slope} = \frac{y_2 - y_1}{x_2 - x_1}
\]

Here, \((x_1, y_1) = (2, -3)\) and \((x_2, y_2) = (1, -2)\).

Plugging these values into the formula:

\[
\text{slope} = \frac{-2 - (-3)}{1 - 2} = \frac{-2 + 3}{1 - 2} = \frac{1}{-1} = -1
\]

So, the slope of the line passing through the points \((2, -3)\) and \((1, -2)\) is \(-1\).",Slope = (y₂-y₁)/(x₂-x₁) = [-2 - (-3)]/(1-2) = 1/(-1) = **-1**.,Yes,Y
"Is task mein, tumhe bas ye batana hai ki niche wala sentence true hai ya false.",0.0901,16,0.375,0,0,301,"हाँ, तुम्हें नीचे दिए गए वाक्य की तर्कसंगति की सुनिश्चिति करनी है और मुझे बताना है कि वाक्य ठीक है (true) या गलत है (false). कृपया नीचे वाक्य दीजिए।","The sentence to evaluate is missing, so I cannot truthfully label it true or false. Please provide the sentence. Without the actual statement, choosing either answer would be a guess.",Yes,Y
"(3, 4) aur (11, 10) points ko join karne waale line segment ka midpoint nikal do.",0.0781,16,0.1875,0,0,278,"To calculate the midpoint of a line segment that connects two points \((x_1, y_1)\) and \((x_2, y_2)\), you can use the midpoint formula:

\[
\left( \frac{x_1 + x_2}{2}, \frac{y_1 + y_2}{2} \right)
\]

Given the points \((3, 4)\) and \((11, 10)\):

1. Let's identify the coordinates:
   - \(x_1 = 3\)
   - \(y_1 = 4\)
   - \(x_2 = 11\)
   - \(y_2 = 10\)

2. Apply the midpoint formula:

\[
\left( \frac{3 + 11}{2}, \frac{4 + 10}{2} \right)
\]

3. Calculate the x-coordinate of the midpoint:

\[
\frac{3 + 11}{2} = \frac{14}{2} = 7
\]

4. Calculate the y-coordinate of the midpoint:

\[
\frac{4 + 10}{2} = \frac{14}{2} = 7
\]

So, the midpoint of the line segment joining the points \((3, 4)\) and \((11, 10)\) is:

\[
(7, 7)
\]","Midpoint formula = ((x₁+x₂)/2, (y₁+y₂)/2). For (3,4) and (11,10): ((3+11)/2, (4+10)/2) = **(7,7)**.",Yes,Y
Sources bol rahe hain ki Company A ka stock price agle 10 trading days tak ya toh same rahega ya badhega. Aisi situation ke liye konsi strategy sahi rahegi?,0.138,29,0.2759,0,0,393,"अगर आपको इंफोर्मेशन मिलेगी कि कंपनी A का स्टॉक मूल्य आगामी 10 ट्रेडिंग दिनों में वैसा ही रहेगा या तो बढ़ जाएगा, तो यह संभावित रूप से एक ठोस गुणवत्ता है। यहाँ कुछ रणनीतियों की दृष्टिकोण दिखाई दे सकती हैं:

1. **परिवर्तन की अपेक्षा न करें**: यदि यह इंफोर्मेशन दी जाती है, तो आप उस वक्त एक निष्पक्ष रूप से अपना निर्णय लेने की क्षमता दिखाएं और इसके बावजूद कोई दिशा-निर्दिष्ट रणनीति अपनाने के लिए तैयार रहें।

2. **किराए से स्टॉक**: यदि आप राशि की वातावरणी कर सकते हैं, तो आगामी 10 दिनों में किराए से स्टॉक खरीद सकते हैं। यह अनुमानित लाभ को बढ़ावा द","If reliable sources indicate the stock is expected to stay the same or rise over the next 10 trading days, a strategy designed to benefit from limited downside and upside exposure could be considered, but the best choice depends on the investor’s risk tolerance and what “same or rise” means probabilistically. A bullish strategy such as simply holding the stock has straightforward upside but remains exposed to unexpected declines. A defined-risk options strategy can cap downside but introduces time decay, volatility and liquidity considerations. Importantly, a forecast is not a guarantee. The prudent response is to size the position according to risk and avoid betting money that cannot be lost comfortably.",No,N
Niche diye gaye passage mein jo bhi grammar ya punctuation mistakes hain unhe dhoondo aur ek corrected version provide karo.,0.0958,20,0.2,0,0,312,"Tubse pareshan nahi, aap niche diye gaye passage ko batayen, main usme grammar ya punctuation ke mistakes ko chahiye aur unke saath corrected version bhi di dunga. Kya aap koi pasage share karenge?","The passage to correct is not included, so I cannot produce an exact corrected version. A proper correction would preserve the original meaning while fixing spelling, subject–verb agreement, tense consistency, punctuation, capitalization and sentence boundaries. I would also distinguish genuine grammatical errors from stylistic choices so the rewrite does not unnecessarily change the author’s voice.",Yes,Y
"Ek short story likho jisme ye elements hon: ek magical forest, ek khoya hua khazana, aur ek mysterious stranger.",0.0823,19,0.0526,0,0,286,"Tere baad ek short story likhna acha hai, jisme apne milaave kiya gya elements hain:

Title: ""The Whispering Woods""

In the heart of a dense, magical forest, stood a dilapidated old mansion. Its towering walls seemed to conceal countless secrets. Legend had it that within its crumbling walls lay a hidden treasure, lost for centuries. A group of adventurous friends, driven by the promise of untold riches, decided to explore the mansion. As they approached, a mysterious stranger appeared out of the shadows, his eyes glowing with an otherworldly light. He introduced himself as Zephyr, a keeper of the forest's ancient treasures.

""Your quest is noble,"" Zephyr said, his voice like a gentle breeze. ""But you must enter the mansion only at the stroke of midnight when the magic is strongest. Beware, for the path is perilous and the treasure is guarded by ancient enchantments.""

The friends, eager to uncover the truth, agreed to Zephyr's terms. At midnight, they gathered at the mansion, the moon casting eerie shadows on the crumbling walls. Inside, they discovered a hidden door that creaked open as they approached. The interior was filled with the scent of old books and forgotten potions. They followed a winding staircase that led them to a vast, vault-like chamber.

In the center of the room, they found a magnificent chest, its surface adorned with strange symbols. As one of the friends, Arjun, reached for the lid, a low, rumbling sound echoed through the chamber. The walls began to shift, revealing a passage that had been concealed for centuries.

""Wait!"" Zephyr's voice cut through the darkness. ""You cannot take the treasure alone. Each piece of the chest is imbued with a portion of the forest's magic. Only by sharing its contents can you truly unlock the power within.""

Ignoring Zephyr's warnings, Arjun opened the chest, and a blinding light filled the chamber. As the light faded, they found not gold or jewels, but a collection of ancient artifacts, each holding a piece of the forest's history. Zephyr appeared beside them, his face glowing with a mixture of pride and sorrow.

""Ah, my old friends,"" he said, his voice softer now. ""You have learned the true value of what lies within. Now, return the chest to the forest, and the magic will continue to protect this land.""

The friends, realizing the wisdom of Zephyr's advice, shared the contents of the chest, ensuring that each returned a part of the treasure. As they left the mansion, the walls closed behind them, and the forest seemed to breathe a sigh of relief.

""Thank you,"" Zephyr said softly, his form fading into the night. ""May the forest's magic guide you always.""

And so, the magical forest continued its peaceful existence, its secrets protected, while the friends returned with stories of their adventure and the wisdom of the mysterious stranger who had guided them.","The forest was silent except for the sound of leaves moving where there was no wind. Maya had been searching for the lost treasure described in her grandfather’s journal, but the map ended at a clearing containing only a stone arch. Then a mysterious stranger stepped out from behind the trees and said, “You’re looking for the wrong thing.” He handed Maya an old compass whose needle pointed underground. Together they followed a hidden passage beneath the roots of an ancient tree and discovered the treasure—but the greatest secret was a message explaining why her grandfather had hidden it in the first place.",Yes,Y
Ek technical support representative bano aur us user ki help karo jiska internet nahi chal raha. Troubleshooting steps batao.,0.0984,19,0.3158,0,0,317,"Tera Technical Support Representative ro rol bana diya gaya hai. Aapki help ki jaati hai, jiska internet nahi chal raha hai. Iss problem se related troubleshooting steps kuchh hai jahan aapko dekhna hai:

1. **Check Physical Connections**: 
   - Bheem se pehle, internet cable ko internet router se aur modem se band kar do.
   - Yeh cable ko computer se bhi band kar dena.
   - Yeh connections dekhkar, pehle aadmi connect karein, fir hi check karein.

2. **Restart Equipment**: 
   - Modem aur router ko switch off kar dena.
   - 30 seconds wait karna aur fir on karna.
   - Yeh sab kaam karein, toh internet pehle connect hoga.

3. **Check Internet Plan and Billing**: 
   - Aapko check karna hai, kya aapko bill paid ho, kya internet pakki hai.
   - Agar bill paid hai toh, contact karen internet service provider se, kya koi block hai aapke account se.

4. **Check for Network Interference**:
   - Wi-Fi se connect karein, agar possible hai.
   - Agar modem/ router ke settings mein, yeh koi other device ko block karein (like other routers) toh remove karein.

5. **Update Router Firmware**:
   - Router ka firmware update karein, agar available hai.
   - Yeh koi new features add karein aur koi bug fix karein.

6. **Check for Malware or Virus**:
   - Computer mein malware ya viruses check karein.
   - Antivirus software ka use karein, agar available hai.

7. **Contact ISP for Further Help**:
   - Agar koi hi solution nahi aata, toh aap ISP ko contact kar sakte hain.
   - Kaam se kaam, aapke modem/ router pe koi technical problem ho sakti hai jahan aapko help ki jai ho.

Aise hi troubleshooting steps follow karen aur koi bhi problem ho toh aage badhna.","First check whether the issue affects one device or the entire network. If only one device is affected, confirm Wi-Fi is enabled, reconnect to the network and restart the device. If multiple devices are offline, inspect the router/modem lights and power-cycle the equipment if appropriate. Check whether the device has a valid IP address and can reach the router. Then test DNS separately—for example, whether an IP address works while a domain name does not. If possible, try another network to isolate the device from the internet connection. If the ISP appears to be down, check its status page or contact support. Avoid factory-resetting network equipment before recording configuration details.",Yes,Y
"Ek interviewer ki tarah socho aur ek Physics Nobel Prize winner se ek sawal pucho, aur phir wo sawal likho jo tumhe lagta hai wo tumse puchega.",0.1193,27,0.1111,0,0,357,"Kontak karte raho, ek interviewer ke roli ke saath ek Nobel Prize winner physicist se ek samasya puchein ge. Phir mujhe ek sahi sawal bataen ge jo aap log ko lag jayega ki woh apne expertise ko istemal karte hain.

Lekin pehle, kya aap apne roli mein interviewer ke roli par sochte hain? Kya aap apne sahi vichar se shamil hote hain, ya phir main apne roli ko kuch samany aur interviewer ke vichar mein paribahana kar sakta hoon?","For a Physics Nobel Prize winner, I would ask: **“Which result from your career changed your understanding of how nature works most deeply, and what did you initially misunderstand about it?”** It invites a substantive answer rather than simply asking for a biography. A question they might ask me in return could be: **“What scientific problem do you think deserves much more attention over the next decade, and why?”** That would test whether I can reason about scientific importance rather than merely recall facts.",Yes,N
US aur Canada ke cost of living mein kya difference hai?,0.1182,11,0.3636,0,2,355,"US aur Canada ke betich cost of living mein kuch faydeen tayyar karte hain. Kuch admi ke kaam ke khatr mein:

1. **Housing**: 
   - **Canada**: Toronto aur Vancouver mein housing prices hamesha US mein mahz-e-mahram ke jaisa hai, kuch baar bahut kam hain. Edmonton, Calgary, Montreal, aur Ottawa mein cost of living kam hai.
   - **USA**: Cost of living in major cities like New York, San Francisco, and Los Angeles is generally higher than in Canada. However, cities like Austin, Nashville, and Denver offer more affordable options.

2. **Food**:
   - **Canada**: Generally, food prices are similar to the USA, but there might be minor differences. Supermarkets like Loblaws and Superstore in Canada are comparable to Walmart or Kroger in the USA.
   - **USA**: Depending on the city, food prices can vary. Groceries and dining out can be slightly cheaper in smaller towns compared to big cities.

3. **Transportation**:
   - **Canada**: Gasoline and public transportation costs are generally lower in Canada compared to the USA. Public transit is more widespread in cities like Toronto and Montreal.
   - **USA**: Cities like New York and San Francisco have higher transportation costs due to higher subway and taxi fares. However, in cities like Austin or Seattle, transportation costs are more manageable.

4. **Healthcare**:
   - **Canada**: Healthcare is generally cheaper due to the universal healthcare system. However, out-of-pocket costs for prescription drugs and dental care can be higher than in the USA.
   - **USA**: Private healthcare can be expensive, but the USA offers more private healthcare options and a wider range of medical services.

5. **Taxes**:
   - **Canada**: The income tax rates are generally lower in Canada, which can make living costs more affordable.
   - **USA**: The tax rates can vary depending on the state, but the overall tax system in the USA can be more complex and higher in certain areas.

6. **Education**:
   - **Canada**: Public universities and colleges are generally more affordable, and international students can often find better value.
   - **USA**: Private universities can be very expensive, but there are many affordable public institutions as well.

7. **Entertainment**:
   - Both countries have similar entertainment options, but costs can vary. For instance, movie tickets and","Cost of living differs considerably between the US and Canada depending on city and lifestyle. Major US cities such as New York or San Francisco can be extremely expensive, while many smaller US cities are cheaper. Canada also has expensive metropolitan areas such as Toronto and Vancouver, with housing being a major cost. The US generally has higher potential healthcare costs for people without comprehensive insurance, while Canada has publicly funded medically necessary healthcare, though wait times and coverage for services such as dental care can differ. Salaries, taxes, housing, transportation and currency exchange all matter, so country-level averages can hide large city-to-city differences.",Yes,Y
Animal kingdom pe ek MCQ do aur explain karo ki correct answer sahi kyun hai.,0.1042,15,0.2667,0,1,328,"इसके लिए एक अच्छा चैंपियन्स लीग क्वेश्चन बनाना मुश्किल हो सकता है क्योंकि जटिलता से जुड़ी जानवरों से संबंधित प्रश्न तय करना मुश्किल हो सकता है। लेकिन एक सरल और व्यापक विषय पर एक प्रश्न बनाकर आपकी मदद कर सकता हूँ। नीचे एक MCQ दिया गया है:

**Q.** जोन्स जैसे जैविक संरचनाओं का नाम क्या है?

A. पक्षी रक्त का अणुस्तर
B. पक्षियों की जींतुओं में रक्त का अणुस्तर
C. जानवरों में रक्त का अणुस्तर
D. जीवों में प्रोटीन का अणुस्तर

**सही उत्तर: B**

**प्लेसिंग:**

सही उत्तर B है, क्योंकि जोन्स एक पक्षियों की जींतुओं में पाया जाने वाला जैविक संरचना है जो रक्त में खींचा जाता है।","**MCQ:** Which animal is a mammal?
A) Crocodile
B) Dolphin
C) Eagle
D) Frog

**Correct answer: B) Dolphin.** Dolphins are mammals because they breathe air using lungs, are warm-blooded, give birth to live young and feed their young with milk. The other options are reptiles, birds and amphibians respectively.",Yes,N
Ek reason batao ki assignment last minute pe start karna bura idea kyun hai.,0.1099,14,0.4286,0,1,339,"Ek assignment last minute pe start karna bura idea hota hai kyunki:

1. Kafila Tukde Tukde Gaya: Last minute mein, apki thought process jyada fragmented hoti hai. Aap ne kiya kya ya kahi nahi, ya kya bura kar diya ya kahi nahi, ye sahi samajhna bahut zyada zor hota hai.

2. Kuch Nahi Chahiye: Last minute mein, aapke time aur attention level apne sahi level par nahi rahe jayen. Aap ne kuch important details ya kuch samajh ni paaye, ya kuch chahiye nahi kar paaye.

3. Kuch Kafi Nahi: Aap ne apne kaam ko dhyan se nahi de paaye, ya jaise hi last minute aaya, aap ne kuch kafi kar liye.

4. Stress Or Anxiety: Last minute ka kaam stress or anxiety aate hain, jo apki kaam ki efficiency ko badhata hai.

5. Acha Kaam Nahi Kar Paye: Aap jaise hi last minute aaye, apki focus ko last minute par dhundne mein lagna chahiye aur aap ne kuch acha nahi kar paaye.

6. Chota Time: Last minute mein, aapko kam time hai aur aapke time management skills ka use karne mein zor hota hai.

7. Insufficient Review: Last minute ka kaam yahan tak nahi aata ki aap apna kaam kisi se review kar sake ya kisi se advice le sakte ho.

8. Risk Of Errors: Last minute mein, aapko kam time hai errors ko debug karne ya correction karne mein, jiska result jayen apka kaam achhe se grade nahi kar sake.

9. Quality Of Work: Last minute mein, aapko kam time hai quality of work maintain karne mein, jiska result jayen apka kaam achhe se nahi padega.

10. Stress On Mind: Last minute ka kaam mind ko stress dete hain aur jahan mind stress hota hain, wahan concentration aur efficiency badhta hain.

Isiliye, assignment ko regular intervals ke saath, early start se aata hi hota hai.","Starting an assignment at the last minute is risky because it removes the time needed to understand the requirements, research properly, revise the work and recover from unexpected problems. A task that looks like it will take two hours can easily take six when debugging, writing or finding sources is involved. Last-minute work also increases stress and makes careless mistakes more likely. Starting earlier does not necessarily mean working continuously; even creating an outline early gives you a safety buffer.",Yes,Y
Is equation ka second derivative nikaalo: y = 4x^2 + 3x – 5,0.2089,13,0.0769,3,0,529,"कोई भी फंक्शन का द्वितीय अवकलज ज्ञात करने के लिए, हमें फंक्शन का पहला अवकलज ज्ञात करना होता है, और फिर उस पर अवकलज लगाना।

दिया गया फंक्शन है:
\[ y = 4x^2 + 3x - 5 \]

1. पहले, हम इस फंक्शन का पहला अवकलज ज्ञात करते हैं:
   \[ \frac{dy}{dx} = \frac{d}{dx}(4x^2 + 3x - 5) \]
   \[ \frac{dy}{dx} = 8x + 3 \]

2. अब हम इस पहले अवकलज पर द्वितीय अवकलज लगाते हैं:
   \[ \frac{d^2y}{dx^2} = \frac{d}{dx}(8x + 3) \]
   \[ \frac{d^2y}{dx^2} = 8 \]

तो दिया गया फंक्शन का द्वितीय अवकलज 8 है।","Given y = 4x² + 3x - 5:
First derivative: y' = 8x + 3.
Second derivative: **y'' = 8**.",Yes,Y
"Is text ke basis pe, ek novel ki main theme ya message kya ho sakta hai? Ek chhota sa synopsis bhi batao.",0.1365,22,0.3182,0,1,390,"माना कि आपको एक नॉवल की मुख्य थीम और संपर्क बताना है जो आधुनिक जीवन की गहराईयों को प्रतिबिंबित करती है। इसका एक संप्रेषण इस प्रकार है:

**नाम**: ""साथी का लक्ष्य""

**संप्रेषण**:
यह नॉवल दो लड़कों, राज के और रवि के, के जीवन की खूबसूरत सफर को दर्शाती है। राज, एक बड़े विभिन्न परिस्थितियों में चर्चित रहने वाला और रवि, एक नया और निरंतर खोजने वाला। राज का जीवन एक सफर है जिसमें विदेह, स्वास्थ्य और संबंध जैसी गहराईयों शामिल हैं। रवि की तरफ़ से, वह एक अनैतिकता के खिलाफ लड़ता है, जिसके पीछे लगातार अजीब जीवन की गहराइयाँ हैं।

**मुख्य थीम**:
1. **संबंध और संवाद**: नॉवल में राज और रवि के बीच राष्ट्रपति और सचिव के रूप में संबंध की गहराई का विश्लेषण और उनकी संवादों के महत्व दिखाया जाता है।
2. **शहर और सबूत**: शहर की गहराईयों की प्रतिबिंबित रचना, जिसमें आदर्श और वास्तविकता के बीच का अंतर दिखाया जाता है।
3. **चयन और विकल्प**: नॉवल में चयन की कठिनाई और विकल्प की समस्याओं का दर्शन दिया जाता है।

यह संप्रेषण एक संक्षिप्त गहन और विविध थीमों को शामिल करता है जो नॉवल की मुख्य थीम का विवरण देता है।","The source text is missing, so I cannot identify the novel’s actual theme or create a faithful synopsis. In general, a novel’s main theme is usually the recurring idea explored through its characters and conflict—for example, the cost of ambition, the search for identity or the conflict between freedom and control. A synopsis would then summarize the protagonist, central conflict and major direction of the story while showing how that theme develops.",Yes,N
Maan lo tum ek travel agent ho aur kisi customer ne Japan ki top 3 jagahon ke baare mein pucha hai. Ek list banao aur har jagah ka chhota sa description do.,0.1469,32,0.2188,0,0,410,"Of course! Here’s a list of the top 3 places to visit in Japan, along with brief descriptions:

1. **Tokyo, Japan**
   - **Description**: Tokyo is the vibrant capital city known for its blend of cutting-edge technology and ancient traditions. It's a hub for modern shopping, dining, and entertainment, as well as historical sites like Senso-ji Temple and the serene Meiji Shrine. Don't miss the bustling Shibuya Crossing and the serene Ueno Park.

2. **Kyoto, Japan**
   - **Description**: Kyoto is a city steeped in history and culture, famous for its traditional Japanese architecture, temples, and shrines. Some must-visit places include Kiyomizu-dera Temple, Fushimi Inari-taisha with its iconic torii gates, and Gion, where you can experience authentic Japanese culture and cuisine.

3. **Hokkaido, Japan**
   - **Description**: Hokkaido is known for its natural beauty and outdoor activities. It's the perfect destination for nature lovers, with beautiful snow-covered landscapes in winter, and lush greenery in summer. Enjoy activities like skiing, hiking, and exploring the charming small towns like Sapporo and Asahikawa, and don't forget to try the local specialties like Hokkaido's famous miso soup and fresh seafood.

Would you like more information on any of these destinations or details on activities and attractions in each place?","Three excellent first-time Japan destinations are:
1. **Tokyo** – a huge modern metropolis combining technology, shopping, food, nightlife and historic neighborhoods such as Asakusa.
2. **Kyoto** – famous for temples, traditional architecture, gardens and cultural sites; it offers a very different atmosphere from Tokyo.
3. **Osaka** – known for food, lively neighborhoods and easy access to attractions in the Kansai region.
If the trip is short, Tokyo + Kyoto + Osaka is a practical combination because the cities are connected by fast rail. Seasonal conditions and travel style should influence the exact itinerary.",No,Y
"Ek table hai transactions ki jisme TransactionID, ProductID, Quantity, aur Price columns hain. Ek SQL query likho jisse har product ka total revenue nikal sake.",0.1141,25,0.16,0,0,347,"Jis SQL query se aap har product ke total revenue nikal sakte hain, vo ki following tarah se likhi jaa sakti hai:

```sql
SELECT 
    ProductID,
    SUM(Quantity * Price) AS TotalRevenue
FROM 
    transactions
GROUP BY 
    ProductID;
```

### Pehle Kya Karte Hain:
- `ProductID` column mein product ki ID hai.
- `Quantity` column mein product ki quantity hai.
- `Price` column mein product ki price hai.

### Kya Karte Hain:
- `SUM(Quantity * Price)` mein, har transaction ka amount (Quantity * Price) nikal diya jaata hai, aur phir har product ke liye jaise jaise transactions aate hain, unki amounts ko jod diye jaatay hain.
- `GROUP BY ProductID` mein, aapke transactions ko ProductID ke basis par group kiya jaata hai, isse har product ki total revenue nikal payenge.

### Example:
Agar transactions table mein transactions hain jaise:

| TransactionID | ProductID | Quantity | Price  |
|---------------|-----------|----------|--------|
| 1             | 101       | 2        | 100.00 |
| 2             | 102       | 5        | 200.00 |
| 3             | 101       | 3        | 100.00 |
| 4             | 102       | 2        | 200.00 |

To, query ka output:

| ProductID | TotalRevenue |
|-----------|--------------|
| 101       | 500.00       |
| 102       | 1400.00      |

Iska matlab hai ki ProductID 101 ke liye total revenue 500.00 hai aur ProductID 102 ke liye total revenue 1400.00 hai.","Assuming the table is `Transactions(TransactionID, ProductID, Quantity, Price)`, total revenue per product is:
```sql
SELECT ProductID,
       SUM(Quantity * Price) AS total_revenue
FROM Transactions
GROUP BY ProductID
ORDER BY total_revenue DESC;
```
This assumes `Price` is the price per unit. If `Price` already represents the total transaction amount, use `SUM(Price)` instead.",Yes,Y
Ek JavaScript code likho jo 'Submit' button press karne par alert message show kare.,0.0672,14,0.1429,0,0,257,"Ji, tabhi tamaasha! Aapko JavaScript code chahiye jo 'Submit' button press karne par alert message show kare. Ye ek simple task hai. Aapko HTML aur JavaScript dono mein kuch code likhna hoga. Meri jaano:

1. HTML mein 'Submit' button define karna hoga.
2. JavaScript mein button ke 'click' event handle karna hoga.
3. Event ko handle karne mein alert() function ka use karenge.

Aise karenge:

```html
<!DOCTYPE html>
<html lang=""en"">
<head>
    <meta charset=""UTF-8"">
    <meta name=""viewport"" content=""width=device-width, initial-scale=1.0"">
    <title>Submit Button Alert</title>
</head>
<body>

    <!-- HTML button element -->
    <button id=""submitBtn"">Submit</button>

    <!-- JavaScript code to handle the button click event -->
    <script>
        // JavaScript code
        document.getElementById('submitBtn').addEventListener('click', function() {
            alert(""Button clicked!"");
        });
    </script>

</body>
</html>
```

Yeh HTML code ek button element define karta hai aur uske 'click' event ko JavaScript mein handle karta hai. Agar user button ko click kare to, ""Button clicked!"" ke saath alert message show ho jayegi.

Aap kisi bhi web browser mein yeh code run kar sakte hain. Har click ke baad alert box open honi chahiye.","```javascript
document.getElementById(""submitButton"").addEventListener(""click"", function () {
  alert(""Form submitted!"");
});
```
This assumes the button has an HTML `id` of `submitButton`. For example:
```html
<button id=""submitButton"">Submit</button>
```",Yes,Y
Android mobile platform ka backbone kaunsa operating system hai?,0.051,9,0.2222,0,0,226,"Android mobile platform ka backbone kaunsa operating system hai, woh Microsoft Windows nahin hai. Android ek open-source operating system hai jis ko Google ne develop kiya hai. Iska backbone (bhumijaat ya foundation) Android operating system (OS) hai, jo Linux kernel se banaya gaya hai. Android platform ko Google, Open Handset Alliance aur age kahte hue several companies ko chala rahi hain.","Android is built on the **Linux kernel** at its core. Above the kernel, Android provides hardware abstraction, native libraries, the Android Runtime (ART), application framework services and application APIs. So if “backbone” refers to the underlying operating-system kernel, the answer is **Linux**.",Yes,Y
Ek email likho jisme tum apne professor ko introduce kar rahe ho jinka online course tum lene wale ho.,0.1052,19,0.4211,0,0,330,"Sure, here's a sample email that you can use to introduce yourself to your professor and request information about an online course:

---

Subject: Introduction and Inquiry About [Course Name] Online Course

Dear Professor [Last Name],

I hope this email finds you well. My name is [Your Full Name], and I am a student at [Your Institution, if applicable]. I am reaching out to express my interest in your upcoming online course titled [Course Name], which I came across on [Platform Name, if relevant].

I am particularly drawn to your course because [mention any specific reasons why you are interested in the course, e.g., relevance to your field of study, your career goals, the topics covered, etc.]. I believe that the knowledge and skills I can gain from your course will be highly beneficial for my academic and professional development.

Could you please provide me with some more details about the course, such as the course schedule, any prerequisites, the format of the course, and the expected workload? Additionally, if there are any resources or prerequisites I should prepare in advance, I would appreciate it if you could share those with me.

I am very excited about the opportunity to learn from you and would be grateful for any information you can share. If there is any further information I should provide or if you require additional details, please do not hesitate to let me know.

Thank you very much for your time and consideration. I look forward to the possibility of joining your course and continuing to expand my knowledge under your guidance.

Warm regards,

[Your Full Name]  
[Your Contact Information, e.g., email address and phone number]  
[Your Institution, if applicable]

---

Feel free to customize this template to better fit your specific situation.","Subject: Introduction Before Taking Your Online Course

Dear Professor,

My name is [Your Name], and I’m looking forward to taking your online course. I’m particularly interested in learning more about the subject and understanding how the concepts discussed in the course connect to practical applications.

I hope to participate actively in the course, keep up with the assignments, and make the most of the learning resources you provide. I’m excited to learn from you and from the other students in the class.

Thank you, and I look forward to the course.

Best regards,
[Your Name]",Yes,Y
Ek aisi story ki shuruat likho jisme koi insaan ek bahut hi extraordinary duniya mein rehta ho.,0.0854,17,0.2353,0,0,292,"Rahul ek samay ek mohabbat ka bimariya tha, lekin wahan tak hi. Is duniya mein yeh rahul se koi nahi tha, jo aur bhi extraordinayr ho paaye. Isliye yeh ek baar ek aur duniya ke maza chahiye ka ghar se chal gaya, jahaan uske baad koi nahi, aur wahan ek ek se bahut hi extraordinayr ho paaye.

Rahul ne yeh duniya kisi aur jaga se dekh li, jahaan yeh ek samay ek bimariya tha, ek aur maza chahiye ka ghar se. Jahan kaam, mohabbat, zindagi ka sabse pehle khayal kisi nahi thi. Us duniya mein, rahul bahut hi extraordinayr se bahut extraordinayr tha.

Is duniya mein, Rahul se ek nadiya baadiya, ek ruki ruki khas duniya wajah se baithi thi. Is duniya mein, uski aag uski bahaniya, ek ghadii ka zamana ke baad lada aur le li. Rahul se ek duniya mein ek bahut hi extraordinayr ho gaya, yeh duniya jahaan bahut hi kuchh jaisa kuchh nahi hota.

Is duniya mein, Rahul se ek samay ek kya karna chaahiye se bahut extraordinayr ho gaya, jahaan ek ek se bahut hi extraordinayr ho paaye. Is duniya ke maza chahiye ka ghar se, Rahul ek ek se bahut hi extraordinayr ho gaya, is duniya mein yeh bahut hi extraordinayr se extraordinayr ho gaya.","When the door opened, Arin discovered that the world outside his apartment was not made of streets and buildings but of enormous floating islands drifting through a violet sky. Rivers flowed upward into clouds, birds carried lanterns in their beaks, and distant mountains slowly rearranged themselves like pieces on a chessboard. Everyone in Arin’s city had been taught that the world ended at the city walls. Yet standing there with his backpack and a stolen map, he realized that the walls had never been built to keep something out. They had been built to keep people from discovering what was beyond them.",Yes,N
Maan lo tum basketball team ke coach ho aur ek parent aake tumse complaint karta hai ki unke bacche ko playing time nahi mil raha. Unhe empathetically samjhao ki tum decisions kaise lete ho aur improvement ke liye kya kar sakte hain.,0.2167,42,0.4048,0,1,544,"Nhi, main ek hypothetical coaching role mein nahi hai, lekin main aapki parent ko samajhane ke liye aur unhonein improvement ke liye tips de sakte hoon. 

Aapki baat samajh mein aaya hai. Paratho ke bacche ko daak aur playing time milne ka hak hai. Meri taraf se, coach ke karyavisharad se pahucha kar, aapko samajh diya ja sakta hai ki kyun aur kaise uska time kam rahe. Coach ki decisions kaise lete hain aur unhi se kaise pehle se aapko milne ke liye kaise aap kaam kartay hain. 

1. **Coaching Philosophy**: Agar aapko coach ki philosophy ya values clear hone par help milega, toh aapko usse jante honge. Coaching ki core values mein inclusion aur equal opportunities ka upayog shamil hai.

2. **Communication**: Coach se direct communication ke saath, aapko time management aur player selection process mein kuch insights mile sakte hain. Agar aapko ek meeting ya call seekh sakte hain, toh aapko ye information aayi hogi.

3. **Player Development**: Aapko players ka focus aur development ke liye coach ki attention bhagayi hogi. Isse dyan karke, aapko players ki skill development aur improvement ke liye kuch tips mile sakte hain.

4. **Feedback Mechanism**: Coach ke feedback ke system mein aapko jagah mil sakti hai. Aapko vo mechanism seekhna jaata hai, jise aap apne players ke performance ke liye use kar sakte hain.

5. **Parental Involvement**: Aapko coach se parental involvement ke importantness ko samajhne ke liye kuch strategies seekh sakte hain, jo aapko apne players ko inspire karte time use kar sakte hain.

Iske behi, ek coach ki decisions ek team ke overall improvement ke liye take place karte hain, jahan every player ko equal opportunities di jaati hai. Agar aapko kisi specific decision ko samajhna hi nahi mile, toh aap usse coach se puche sakte hain.","I would start by acknowledging the parent’s concern rather than becoming defensive: “I understand why you’re worried when you see your child getting limited playing time.” I would then explain that playing-time decisions are based on factors such as attendance, effort, current skill level, tactical needs, teamwork and the situation in a particular game—not on personal favoritism. I would avoid comparing the child negatively with another player. Instead, I would identify two or three concrete areas the child can improve and offer a plan for practicing them. I would also make clear that development is ongoing and that improved performance can create more opportunities. The conversation should leave the parent with specific next steps rather than simply a justification.",Yes,N
Energy bachane ke koi do tareeke batao aur explain karo ki woh baaki methods se zyada effective kyun hain.,0.1302,19,0.4211,0,1,378,"Bachat ke do tarike ke baare mein alvida kar sakta hoon:

1. Energie Bachan ke Digital Devices mein:
   - Device ke power off karne par, unhone 0.5% se 3% ka power consumption bacha sakta hain.
   - Power saving mode on karna aur devices ko unplugged karna jaise device k power cable ko disconnect karna bhi energi bachan mein madad karta hain.
   - LED lights ka use karna aur lights ko off karne par wahi hai jahan nahi lage.

2. Energy Bachan ke Transportation mein:
   - Public transport, carpooling, walking, cycling jaise alternatives ka use karna.
   - Car maintenance, aeroplane window shades, and avoiding extra weight in vehicles can also improve fuel efficiency and save energy.

Ye tarike zyada effective hain kyuki:
- Simple aur cost-free: Ye methods ko hamesha kaam karte hain aur ek se zyada takke mein kiya jaa sakta hain.
- Continuous improvement: Ye tarike ki daily practice mein convert ho sakta hain, jahan ek adhik bacha sakta hain.
- Environment friendly: Isse pollution aur carbon footprint bhi kam ho sakta hain, jisse saare human bechara hain.
- Long-term benefits: Iske through energy consumption ki bill bhi kam hoti hai aur ek se zyada energy resources bachta hai.

Isiliye, ye energi bachan ke do sabse kuch effective tareekhe hain.","Two effective ways to save energy are **improving building efficiency** and **reducing unnecessary transport fuel use**. Better insulation, efficient cooling and LED lighting can reduce energy demand every day rather than only when someone remembers to switch something off. Similarly, walking, cycling, public transport or carpooling can reduce fuel consumption for repeated journeys. These can be more effective than isolated small actions because they target recurring, high-volume energy use. The exact best measures depend on the building, climate and transport patterns.",Yes,Y
Ek room ka area calculate karo jiski ceiling height 8 feet hai aur dimensions 14 by 11 feet hain.,0.0922,19,0.2105,0,0,305,"Ek room ka area square feet mein calculate karna simple hai. Room ka area dimensions mein multiply karna hota hai, jaise ki length aur width ko.

Dhyan rakhna chahiye ke height room ka area kaffect nahi karta, area calculate karte waqt height use nahi lagate. Tumhe given dimensions length aur width ke hisab se area calculate karna hoga.

Room ka area = length * width
Area = 14 feet * 11 feet
Area = 154 square feet

To, ek 14 feet by 11 feet ki room ka area 154 square feet hota hai.","If the room dimensions are 14 ft by 11 ft, its floor area is 14 × 11 = **154 square feet**. The ceiling height of 8 ft does not affect floor area. If the question intended to calculate the **volume**, then volume = 14 × 11 × 8 = **1,232 cubic feet**.",Yes,Y
Ek nayi line plot banao jisme input data ka 2nd column first column ke against plot ho.,0.0818,17,0.1765,0,0,285,"Sure, I can help you create a new line plot where the second column of your input data is plotted against the first column. However, to do this, we need the actual data. Please provide the data either as a list of lists, a CSV string, or any other format that you have.

For demonstration purposes, let's assume you have the following data:

```
data = [
    [1, 10],
    [2, 20],
    [3, 30],
    [4, 40],
    [5, 50]
]
```

Here’s how you can create a line plot using Python's `matplotlib` library:

1. First, ensure you have the necessary libraries installed. You can install them using pip if you haven't already:

```bash
pip install matplotlib pandas
```

2. Then, you can use the following Python code to create the plot:

```python
import matplotlib.pyplot as plt
import pandas as pd

# Sample data
data = [
    [1, 10],
    [2, 20],
    [3, 30],
    [4, 40],
    [5, 50]
]

# Convert data to a DataFrame for easy manipulation
df = pd.DataFrame(data, columns=['FirstColumn', 'SecondColumn'])

# Create the line plot
plt.figure(figsize=(10, 6))
plt.plot(df['FirstColumn'], df['SecondColumn'], marker='o', linestyle='-')
plt.title('Line Plot of Second Column against First Column')
plt.xlabel('First Column')
plt.ylabel('Second Column')
plt.grid(True)
plt.show()
```

This code will generate a line plot where the values in the second column are plotted against the values in the first column. The `marker='o'` parameter adds markers to each data point, and `linestyle='-'` adds lines between the points.

If you have your own data, please provide it, and I can customize the code accordingly.","No actual input data is included, so I cannot produce the specific plot. In Python with Matplotlib, if the data is stored as a 2D array `data`, the requested plot is:
```python
import matplotlib.pyplot as plt

plt.plot(data[:, 0], data[:, 1])
plt.xlabel(""Column 1"")
plt.ylabel(""Column 2"")
plt.title(""Column 2 vs Column 1"")
plt.show()
```
Here the first column is on the x-axis and the second column on the y-axis.",Yes,Y
"Agar ek coin ko 4 baar flip karein, toh exactly three heads aane ki probability kya hogi?",0.1641,17,0.2941,1,1,443,"Agar ek coin ko 4 baar flip karein, toh exactly three heads aane ki probability 4/16 ya 1/4 hai.

Aise kyu hai?

1. **Total possible outcomes**: Coin flip 4 baar ki sabse zyada possibilities 2^4 = 16 hain. Isme har baar coin head ya tail a sakti hai.

2. **Favorable outcomes**: Exactly three heads, iska matlab ek tail aur 3 heads hona hoga. Iska matlab 4C3 (4 combination 3) = 4 different ways ho sakte hain. 
   - (H, H, H, T)
   - (H, H, T, H)
   - (H, T, H, H)
   - (T, H, H, H)

3. **Probability calculation**: Probability = (Favorable outcomes) / (Total outcomes) = 4/16 = 1/4.

Toh, exactly three heads aane ki probability 1/4 ya 0.25 ya 25% hoti hai.","Exactly three heads in four fair coin flips means choose which 3 of the 4 flips are heads. There are C(4,3)=4 favorable sequences, and 2⁴=16 total sequences. Probability = 4/16 = **1/4**.",Yes,Y
x^2 - 4x + 4 = 0 ke roots kaise nikalenge?,0.1568,11,0.1818,2,0,429,"আপনার সমীকরণটি দুই বার বিয়োগ করে লেখা যায়:

\[ x^2 - 4x + 4 = 0 \]

এটি একটি পূর্ণবর্গ সমীকরণ যা এর গোড়ার রূপ হল:

\[ (x - 2)^2 = 0 \]

এখন এই সমীকরণটির ফলে:

\[ x - 2 = 0 \]

তাহলে:

\[ x = 2 \]

সুতরাং, এই সমীকরণের একটি বৈ","x² - 4x + 4 = 0 factors as **(x-2)² = 0**. Therefore the only root is **x = 2**, with multiplicity 2. You can also use the quadratic formula: x = [4 ± √(16-16)]/2 = 2.",Yes,N
"Ek Customer orders table hai jisme CustomerID, OrderID, aur OrderDate columns hain. Har customer ki first order date find karne ke liye SQL query likho.",0.1187,25,0.24,0,0,356,"कुर्सियर आधारित एक SQL यूरी को लिखने के लिए आपको निम्नलिखित यूरी का उपयोग कर सकते हैं:

```sql
SELECT CustomerID, MIN(OrderDate) AS FirstOrderDate
FROM Orders
GROUP BY CustomerID;
```

यह यूरी उन सभी क्यूटीमेन्ट्स के लिए पहले आर्डर डेट को खोजेगी। यह यूरी CustomerID और उनकी पहली आर्डर डेट (FirstOrderDate) को दिखाएगी।

यदि आपकी टेबल का नाम Orders नहीं है, तो आप यूरी को उपयुक्त टेबल नाम पर बदल सकते हैं।

यदि आपकी टेबल में OrderDate का फॉर्मेट अलग है, तो आप यूरी को अनुत्तरस्य तरीके से रॉयटेट कर सकते हैं।","Assuming the table is `CustomerOrders(CustomerID, OrderID, OrderDate)`, use:
```sql
SELECT CustomerID,
       MIN(OrderDate) AS first_order_date
FROM CustomerOrders
GROUP BY CustomerID;
```
`MIN` finds the earliest order date for each customer. If multiple orders occur on that same earliest date, they will all share the same first-order date.",Yes,Y
"In fruits ko sweetness ke basis pe rank karo, 1 se 5 tak (1 matlab sabse meetha).",0.0927,17,0.3529,0,0,306,"Sure, let's rank some common fruits based on their sweetness level from 1 to 5, where 1 is the sweetest and 5 is the least sweet. Here are five fruits for this ranking:

1. **Pineapple** - 5: Pineapple is generally not very sweet compared to other fruits.
2. **Lemon** - 1: Lemons are quite sour, with a very low sweetness level.
3. **Strawberries** - 2: Strawberries are mildly sweet, with a slightly tart taste.
4. **Grapes** - 3: Grapes can vary in sweetness, but they are generally not as sweet as some other fruits.
5. **Papaya** - 4: Papaya is relatively sweet, but not as sweet as some tropical fruits.

For a more detailed ranking, we could include other fruits like bananas, oranges, and mangoes, but these five provide a good starting point.","The fruit list is not provided, so I cannot rank the specified five fruits. Also, sweetness can be measured in different ways, such as perceived sweetness or sugar concentration, so an exact ranking should ideally use a stated criterion such as °Brix. If the five fruits are supplied, I can rank them 1–5 and explain that the ranking is approximate because ripeness and variety affect sweetness.",Yes,N
"Taaron wali ek peaceful raat pe choti si poem likho, imagery aur sensory details ke saath.",0.0745,16,0.125,0,0,271,"Titli ke dekhiye, rasta hush hain,
Shivrai raat ke gham, dil mein samunh hain.

Safed watan, aur baithi kareebi hain,
Baat sunti hain, mere dil ki aarib hain.

Safed kangan mein, kuchh zara sharam hai,
Lekin aankhon se, yeh khuda hain daram-daram.

Shivrai zameen pe, dawa dene wali raat hain,
Tera nasha, meri aankhon mein paat hain.

Aankhon mein, watan ki rasm hai,
Lekin yeh raat, khuda ki chaman hain.

Bharam se, charcha ki watan ki rasm hain,
Lekin teri aarib, meri duniya mein hai.

Bol na, teri, yeh raat mein,
Safed kangan se, yeh kuchh chidai hai.

Aankhon mein, yeh raat, khuda ke watan hain,
Lekin yeh dil, tere baad ki aarib hain.

Shivrai raat ke, dawa-daram hain,
Lekin yeh dil, yeh raat se, khuda se bhi achha hai.

Titli ke dekhiye, rasta hush hain,
Shivrai raat ke ghulam, dil mein samunh hain.

Yeh poem ek ghulami ke aavashyakta free-verse ke tarah likha gaya hai, jisme titli, safed kangan, shivrai raat aur dil ki imagery aur sensory details ka istemal kiya gaya hai. Yeh imagery aur details, raat ke gham aur dil ke ghulam ke tarah ka samajhne mein madad karte hain.","The stars had begun to appear one by one,
soft sparks above the sleeping trees.
The night smelled faintly of rain and earth,
and somewhere far away, an owl called once.
I lay beneath the open sky,
feeling the cool grass against my hands,
and for a while the whole world seemed quiet enough
to hear my own thoughts drifting between the stars.",Yes,N
"Agar kisi ka aptitude dono areas mein thik-thak hai, toh arts ya science mein se kya career choose karna better rahega? Apne reasons bhi batana.",0.1766,25,0.36,0,2,467,"Kisi ke aptitude dono areas mein thik-thak hai mein se kya kar ka career choose karna better rahega, ye kisi ke indiyan, zindagi k sath ke maqam, aur isse barhad kar janta hain ki unke aptitude aur talent ko kaun sa career mei best way se use karna chahiye. Kuch anki points hai jo kisi ke decision mein madad kar sakti hai:

1. **Interest and Passion**: Kisi ke interest aur passion se related karne wala subject ya field, kisi ko zyada jada maushamta dena theek hai. Agar kisi ko science ke concepts mein zyada maushamta hai toh woh science field mein career choose kar sakti hai. Agar kisi ko arts aur humanities ke concepts mein zyada maushamta hai toh wo arts field mein career choose kar sakti hai.

2. **Educational Performance**: Agar kisi ne science field mein better performance rakhi ho toh woh science field mein career choose kar sakti hai. Ye performance exam results, projects, assignments, etc. se jaata hai.

3. **Career Opportunities**: Agar kisi ne science field mein phirse kaam karne ka zyada zyada maushamta hai toh wo science field mein career choose kar sakti hai. Agar kisi ne arts field mein phirse kaam karne ka zyada zyada maushamta hai toh wo arts field mein career choose kar sakti hai.

4. **Skills and Aptitude**: Agar kisi ko pattern solving, logic and reasoning, scientific research, or technological innovation mein zyada talent hai toh woh science field mein career choose kar sakti hai. Agar kisi ko communication, creativity, and expression mein zyada talent hai toh woh arts field mein career choose kar sakti hai.

5. **Future Trends**: Agar kisi ne future trends aur industry ke direction ko dhyan se dekh liya hai toh woh decision mein future job opportunities, demand, and growth rate ke barha bhar bata sakta hai.

6. **Work-Life Balance**: Agar kisi ko arts field mein work-life balance mil sakta hai toh woh arts field mein career choose kar sakti","If aptitude is reasonably balanced between arts and science, the better choice should not be made from aptitude alone. Consider genuine interest, the kind of work you enjoy, preferred learning style, career opportunities, financial goals and willingness to develop weaker areas. Someone who enjoys experiments, mathematics and analytical problem-solving may find science more satisfying, while someone drawn to writing, history, interpretation and social questions may thrive in arts. “Being equally capable” means you have options; it does not mean one stream is objectively superior. Try small projects or courses in both areas before making a major decision.",Yes,N
Ek SQL query likho jisse second highest salary aur employee ka naam mil jaye. Salary `SALARIES` table mein hai jo `EMPLOYEES` table se FK ke through connected hai.,0.1297,28,0.2143,0,0,377,"To fetch the second highest salary and the corresponding employee's name, you can use a SQL query that involves subqueries and the `DENSE_RANK()` function (or `RANK()` function) to identify the second highest salary. Here's how you can achieve this:

Assuming you have two tables: `employees` and `salaries`.

- `employees` table has columns `employee_id` and `name`.
- `salaries` table has columns `employee_id`, `salary`, and a foreign key that connects it to the `employees` table.

Here is a SQL query to get the second highest salary and the employee's name:

```sql
WITH SalaryRanks AS (
    SELECT
        e.name,
        s.salary,
        DENSE_RANK() OVER (ORDER BY s.salary DESC) AS salary_rank
    FROM
        employees e
    JOIN
        salaries s
    ON
        e.employee_id = s.employee_id
)
SELECT
    name,
    salary
FROM
    SalaryRanks
WHERE
    salary_rank = 2;
```

### Explanation:
1. **Common Table Expression (CTE) `SalaryRanks`:**
   - This CTE joins the `employees` and `salaries` tables on the `employee_id` column.
   - It assigns a rank to each salary in descending order using the `DENSE_RANK()` function.
   - The `DENSE_RANK()` function will give the same rank to salaries that are the same.

2. **Main Query:**
   - It selects the `name` and `salary` from the CTE where the `salary_rank` is 2, which corresponds to the second highest salary.

### Alternative Approach without Window Functions:
If your SQL environment does not support window functions, you can use a combination of subqueries:

```sql
SELECT
    e.name,
    s.salary
FROM
    employees e
JOIN
    salaries s
ON
    e.employee_id = s.employee_id
WHERE
    s.salary = (
        SELECT
            salary
        FROM
            (
                SELECT
                    DISTINCT salary
                FROM
                    salaries
                ORDER BY
                    salary DESC
                LIMIT 1, 1
            ) sub
    );
```

### Explanation:
1. **Subquery:**
   - The subquery inside the `WHERE` clause retrieves the second highest salary by ordering the distinct salaries in descending order and selecting the second row using `LIMIT 1, 1`.

2","Assuming `SALARIES(EmployeeID, Salary)` and `EMPLOYEES(EmployeeID, Name)`, one query for the second-highest **distinct** salary is:
```sql
SELECT e.Name, s.Salary
FROM EMPLOYEES e
JOIN SALARIES s ON s.EmployeeID = e.EmployeeID
WHERE s.Salary = (
    SELECT MAX(Salary)
    FROM SALARIES
    WHERE Salary < (SELECT MAX(Salary) FROM SALARIES)
);
```
This returns all employees tied at the second-highest distinct salary. If the schema contains multiple salary records per employee, the query should first establish which record represents the current salary.",Yes,Y
"Tujhe ek code snippet diya gaya hai, bas usme bug dhundna hai.",0.0703,12,0.3333,0,0,263,"Sure, I'll help you with that. Please provide the code snippet so I can assist you in finding any bugs or issues within it.","The code snippet itself is missing, so I cannot identify the bug. Please provide the snippet and, ideally, the expected behavior or error message. I would check syntax first, then variable values/types, boundary conditions, control flow, resource handling and whether the implementation actually matches the intended algorithm.",Yes,Y
a) Future technology ke baare mein 5 sentences mein prediction likho aur b) is technology ke use se hone wale kisi potential consequence ko 2 sentences mein describe karo.,0.1401,29,0.3103,0,0,397,"a) 5 sentences mein technology ke future mein prediction likho:

1. भविष्य में, आर्टिफिशियल इंटेलिजेंस (AI) और मशीन लर्निंग तकनीकें हमारे दैनिक जीवन में अधिक निर्णय लेने में मदद करेंगी।
2. वास्तव में संवाद वाले वाचक प्रणालियों का उपयोग बढ़ावा देने वाले साक्ष्यों को अनुभव करने में हम सक्षम बनाएंगे।
3. 3D प्रिंटिंग का विकास और व्यापक व्यापार लागू करने से दुनिया भर में उत्पाद और अनुकूलित हीनता सेवाएं उत्पन्न होंगी।
4. इंटरनेट ऑफ थिंज (IoT) के विकास के कारण, विभिन्न उपकरणों और तंत्रों का संयोजन बहुत और कठिन सामग्रियों का नियंत्रण और नियंत्रण में मदद करेगा।
5. रॉबोटिक्स और वाहन अटोमेटिक्स का विकास नौकर","**Prediction:** Over the coming years, AI systems will become more integrated into everyday software, acting as assistants that can understand text, images, speech and structured data across many applications. Personal AI agents may increasingly automate routine planning, search, coding and administrative tasks. Businesses will likely use AI to personalize products and improve operational efficiency. At the same time, AI capabilities will become embedded in devices rather than existing only as standalone chatbots. Regulation and security practices will also mature as adoption grows.

**Potential consequence:** Greater automation could increase productivity but may also change the demand for certain jobs and skills. Organizations and workers may need substantial retraining and new rules around accountability, privacy and misuse.",Yes,N
1 se 10 tak numbers wali ek array ka code likho.,0.0682,11,0.3636,0,0,259,"Sure, here is a simple Python code snippet to create an array containing numbers from 1 to 10:

```python
# Creating an array with numbers from 1 to 10
array = list(range(1, 11))
print(array)
```

When you run this code, it will output:

```
[1, 2, 3, 4, 5, 6, 7, 8, 9, 10]
```

If you are using a different programming language, please let me know, and I can provide the code in that language.","In C++, for example:
```cpp
int arr[10] = {1,2,3,4,5,6,7,8,9,10};
```
In Python:
```python
arr = list(range(1, 11))
```
Both create an array/list containing the integers 1 through 10.",Yes,Y
Is polynomial (4 +5x^3 +100 +2π x^4 + sqrt(10)x^4 +9) ki degree kya hai?,0.2464,14,0.2143,3,1,601,"To find the degree of the polynomial \(4 + 5x^3 + 100 + 2\pi x^4 + \sqrt{10}x^4 + 9\), we need to follow these steps:

1. **Combine like terms**:
   - The constant terms are \(4\), \(100\), and \(9\). Combining these, we get:
     \[
     4 + 100 + 9 = 113
     \]
   - The terms with \(x^4\) are \(2\pi x^4\) and \(\sqrt{10}x^4\). Combining these, we get:
     \[
     2\pi x^4 + \sqrt{10}x^4 = (2\pi + \sqrt{10})x^4
     \]
   - So, the polynomial simplifies to:
     \[
     113 + 5x^3 + (2\pi + \sqrt{10})x^4
     \]

2. **Identify the term with the highest degree**:
   - The term \(5x^3\) has a degree of 3.
   - The term \((2\pi + \sqrt{10})x^4\) has a degree of 4.
   - The constant term \(113\) has a degree of 0.

The degree of a polynomial is the highest degree among its terms. In this case, the highest degree is 4.

Therefore, the degree of the polynomial \(4 + 5x^3 + 100 + 2\pi x^4 + \sqrt{10}x^4 + 9\) is **4**.","The polynomial is `4 + 5x^3 + 100 + 2πx^4 + √10 x^4 + 9`. The highest exponent of x appearing is **4**. The coefficient of x⁴ is `2π + √10`, which is nonzero, so there is no cancellation of the x⁴ term. Therefore the polynomial’s degree is **4**.",No,Y
Ye text padh ke author ka main argument identify karo aur use ek single sentence mein rephrase karo.,0.0953,18,0.3333,0,0,311,"I understand you want me to identify the main argument of a text and then rephrase it in a single sentence. However, you haven't provided the text for me to analyze. Could you please share the text so I can assist you further?","The source text is not included, so I cannot identify its actual argument. A good one-sentence rephrasing should preserve the author’s main claim while removing supporting details. For example, if the author argues that “public transport should be improved because it reduces congestion and gives people an affordable alternative,” the rephrased argument would be: **“Improving public transport can reduce congestion while providing a more affordable way for people to travel.”** The actual passage is needed for a faithful answer.",Yes,Y
"Ek market research survey design karo jisme kam se kam 5 questions hon, taaki naye product ke baare mein customers ka opinion pata chal sake.",0.1187,25,0.24,0,0,356,"Of course! Here’s a simple yet effective market research survey design to gather opinions on a new product. This survey includes 5 key questions that will help you understand customer preferences and feedback:

---

### New Product Market Research Survey

**1. Demographic Information (Optional but helpful for analysis):**
- **Age:** _______________
- **Gender:** _______________
- **Location:** _______________

**2. Overall Impression:**
How would you rate your overall impression of the new product?

- [ ] Not at all interested
- [ ] Somewhat interested
- [ ] Neutral
- [ ] Somewhat interested
- [ ] Very interested

**3. Key Features:**
Which of the following features do you find most important in a product like this?

- [ ] Price
- [ ] Quality
- [ ] Design
- [ ] Customer Support
- [ ] Brand Reputation
- [ ] Other (please specify): _______________

**4. Usability:**
How easy do you find the new product to use?

- [ ] Very easy
- [ ] Somewhat easy
- [ ] Neutral
- [ ] Somewhat difficult
- [ ] Very difficult

**5. Likelihood to Purchase:**
On a scale of 1 to 10, how likely are you to purchase this product?

- [ ] 1 - Not at all likely
- [ ] 2
- [ ] 3
- [ ] 4
- [ ] 5
- [ ] 6
- [ ] 7
- [ ] 8
- [ ] 9
- [ ] 10 - Very likely

**6. Feedback (Optional):**
Do you have any additional comments or suggestions for the product?

_____________________________________________________________________

---

This survey is designed to collect both quantitative and qualitative data. The demographic information (if included) can help you segment the data for more detailed analysis. The questions cover general interest, key features, usability, and likelihood to purchase, which will provide a comprehensive understanding of customer feedback.","A useful market-research survey could include:
1. How familiar are you with this product category?
2. How often do you currently use a product/service like this?
3. What is the most important feature you would want from our product?
4. How satisfied are you with the alternatives you currently use?
5. What price would you consider reasonable?
6. How likely would you be to try our product?
7. Which factor would most influence your purchase: price, quality, convenience, brand, features or something else?
8. What is one thing you would change about the product concept?
Use a mix of multiple-choice questions for quantitative analysis and one or two open-ended questions for unexpected feedback.",Yes,Y
Is paragraph ko rewrite karo taaki ye simple ho jaye aur intermediate English learners ke liye appropriate rahe.,0.099,18,0.3889,0,0,318,"Sure! Could you please provide me with the paragraph that you want to be rewritten for simpler English? Once you give it to me, I'll make it easier to understand for intermediate English learners.","The paragraph to simplify is not included, so I cannot rewrite it directly. A good intermediate-English rewrite should use shorter sentences, common vocabulary, clear subject–verb structures and explicit transitions. For example, “Due to the fact that the project encountered numerous unforeseen complications, completion was significantly delayed” could become “The project faced several unexpected problems, so it was completed much later than planned.”",Yes,Y
"Kisi famous classical composer pe ek quiz question banao, options ke saath.",0.0547,12,0.0833,0,0,233,"किसी प्रसिद्ध परंपरागत संगीतकार के बारे में एक प्रश्न और उसके साथ कुछ विकल्प लेकर आपको देखा जा सकता है:

**प्रश्न:** निम्नलिखित में से कौन-सा राजकीय दरबार से निकले थे?

A) जोकिम राजकीय दरबार से निकले

B) जोकिम सुल्तान का कार्यकर्ता था

C) जोकिम विक्टोरियन युग के एक लाइवर थे

D) जोकिम रिचर्ड स्ट्राविनस्की का दोनों जन्म और मृत्यु की दूरी पर थे

**सही उत्तर:** A) जोकिम राजकीय दरबार से निकले

जोकिम (जॉन बेट्स्मैन जोसेफ जॉन्स) एक अंग्रेज़ राजकीय दरबार के संगीतकार थे, जो कि विक्टोरियन युग के दौर में सीनेमा संगीत के लिए निकटता के संगीत प्रदर्शनों के लिए लिखते थे।","**Quiz:** Which composer wrote the Ninth Symphony, famously including the “Ode to Joy” theme?

A) Wolfgang Amadeus Mozart
B) Ludwig van Beethoven
C) Johann Sebastian Bach
D) Frédéric Chopin

**Correct answer: B) Ludwig van Beethoven.** Beethoven’s Ninth Symphony is famous for its final movement, which sets Friedrich Schiller’s “Ode to Joy” to music.",Yes,N
Is text se 3 main reasons batao kyun author ko lagta hai ki public transport improve hona chahiye.,0.124,18,0.3889,0,1,366,"कार्यक्तिगत और सामाजिक कारणों के कारण, कई लेखक व्यवहारी परिवहन की सुधार की आवश्यकता मानते हैं। इसके तीन मुख्य कारण हैं:

1. **समय बचाना और नियमितता**: व्यवहारी परिवहन की सुधार यात्रियों के समय प्रबंधन को अपनाने में मदद करती है। यह अक्सर टाइम वायलेडर्स द्वारा होती है जो नियमित यात्रियों को अपनी यात्रा का समय और अवसर देता है। यह भी यात्रियों को नियमित और पूरा परिवहन पहुंच देता है, जिससे तनाव और ट्राफिक में गुंजाइश नहीं होती।

2. **संतुलित वातावरण और जल्दी**: व्यवहारी परिवहन की सुधार साफ और संतुलित वातावरण और तेज यात्रा को बनाए रखने में मदद करती है। यह यात्रियों को अच","The passage containing the author’s reasons is not provided, so I cannot identify the three specific reasons without guessing. If the text argues for better public transport, I would look for explicit reasons such as reducing congestion, lowering pollution, improving access to jobs and education, increasing affordability, or improving safety. The actual passage is necessary to determine which three the author used.",Yes,N
"Ek dog owner ke perspective se short story likho, aur event ke waqt uske thoughts bhi include karna.",0.0922,18,0.2778,0,0,305,"Intshi aur Naya Amal - Ek Dog Owner Ke Perspective Se Kisaan

Intshi, ek chhoti chhoti, chand ki raqab par ghaata hui dog thi. Mera naam Inayat, ek kisalay kisalay dog owner ka. Is kisi din, kisi amal ki baat se mene Intshi ko mohabbat se koyi galti kar li thi. Aur phir, ek naya amal ke waqt, mene apni baat ke koyi dinon se samjha kar, yeh kisa kaha...

Intshi, meri pet dog mene ek din bache the, wohi din mein, maine ek chota chota khet par chalna shuru kiya. Intshi mene kuch maza rakh, kuch baar mera chalna khatm kar kar mera naam soch leta the. Meri ruk rukni aur chalna Intshi ke pas sahi se dikh rahi thi, aur meri ruk rukni aur chalna Intshi ke pas sahi se dikh rahi thi, woh toh meri mazaai thi. 

Lekin ek din, mene aisa shuru kiya ki Intshi ko koi na koi baat se rukna shuru kiya. Woh baat nahi thi, Intshi toh kuch bhi nahi karna chahti thi, lekin woh yeh karna chahti thi ki maine meri samjhi thi. Meri samjhi ke baad, woh galti kar li.

Ek baar, maine ek bade bade khet kisi kisi bahar ke mulaqat pe chalna shuru kiya, aur Intshi mene yeh kaha, ""Inayat bhai, yahan bahar se kuch galta aaya hain."" Aur mene yeh baat samjhi, aur maine baat se rukna shuru kiya. Woh galta, woh galti, Intshi toh bahut jaisa samajh gaya, woh galti meri baat se ruknay mein woh galta tha. 

Is baat se baat karane se baad, mene samjha ki bahut zaroori hai ki koi dog ko bahar pe chalna shuru karna, uski mazaai aur uski samjhi ke liye. Woh toh mazaai aur samjhi ke wajah se ruknay wala dog thay, lekin woh galti meri baat se ruknay mein bahut zaroori tha.

Ek naya amal ke waqt, maine ek din kisi aur khet pe chalna shuru kiya. Aur Intshi mene yeh kaha, ""Inayat bhai, yahan bahar se kuch galta aaya hain."" Aur maine yeh baat samjhi, aur maine baat se rukna shuru kiya. Woh galta, woh galti, Intshi toh bahut jaisa samajh gaya, woh galti meri baat se ruknay mein woh galta tha. 

Is nayi baat se baat karane se baad, mene samjha ki bahut zaroori hai ki koi dog ko bahar pe chalna shuru karna, uski mazaai aur uski samjhi ke liye. Woh toh mazaai aur samjhi ke wajah se ruknay wala dog thay, lekin woh galti meri baat se ruknay mein bahut zaroori tha. Is baat se baat karane se baad, maine samjha ki bahut zaroori hai ki koi dog ko bahar pe chalna shuru karna, uski mazaai aur uski samjhi ke liye. Woh toh mazaai aur samjhi ke wajah se ruknay wala dog thay, lekin woh galti meri baat se ruknay mein bahut zaroori tha. 

Intshi, mere pas ek chota chota dog hain, aur yeh kisi nayi amal ke waqt, meri mazaai aur samjhi ke liye bahut zaroori hai.","I held the leash tightly as Bruno stopped at the corner and stared down the unfamiliar street. “Come on,” I whispered, trying to sound confident. Inside, though, I was nervous because this was the first time I had taken him this far from home. A sudden bicycle bell rang behind us, and Bruno jumped forward. My heart raced as I imagined him slipping free, but he stopped after a few steps and looked back at me. I realized he was not trying to run away—he was checking whether I was following. I laughed, loosened my grip slightly, and continued walking. Somehow, my dog seemed more confident about the adventure than I was.",Yes,N
6 inches base aur 4 inches height wale triangle ka area calculate karo.,0.0682,13,0.2308,0,0,259,"Triangle ka formula area ko ye hain:

\[ \text{Area} = \frac{1}{2} \times \text{base} \times \text{height} \]

Dene ke liye, aapne diye huye values ko formula mein put karein:

\[ \text{Area} = \frac{1}{2} \times 6 \, \text{inches} \times 4 \, \text{inches} \]

\[ \text{Area} = \frac{1}{2} \times 24 \, \text{square inches} \]

\[ \text{Area} = 12 \, \text{square inches} \]

Tak conclude karein, 6 inches base aur 4 inches height wale triangle ka area 12 square inches hoga.",Triangle area = 1/2 × base × height = 1/2 × 6 × 4 = **12 square inches**.,Yes,Y
"Ek table hai student grades ki jisme StudentID, CourseID, aur Grade columns hain. Ek SQL query likho jisse har course ka average grade mile, aur result nearest integer tak rounded ho.",0.1411,31,0.1935,0,0,399,"Aise ek SQL query likhna hai jisse har course ke average grade mile aur result nearest integer tak rounded ho. Aapki jagah tab me ek example SQL query diya jata hai:

```sql
SELECT 
    CourseID,
    ROUND(AVG(Grade)) AS RoundedAverageGrade
FROM 
    student_grades
GROUP BY 
    CourseID;
```

### Explanation:
- `AVG(Grade)`: This function calculates the average grade for each course.
- `ROUND(AVG(Grade))`: This function rounds the average grade to the nearest integer.
- `GROUP BY CourseID`: This clause groups the results by `CourseID`, so that you get the average grade for each course.

### Assumptions:
- `student_grades` is the name of your table.
- `StudentID`, `CourseID`, and `Grade` are the column names in your table.
- `ROUND()` function is used to round the average grade to the nearest integer. If your SQL dialect doesn't support `ROUND()`, you might need to use a different function like `FLOOR() + 0.5` or similar.

Make sure to adjust the table and column names according to your actual database schema.","Assuming the table is `StudentGrades(StudentID, CourseID, Grade)`, use:
```sql
SELECT CourseID,
       ROUND(AVG(Grade)) AS average_grade
FROM StudentGrades
GROUP BY CourseID;
```
This calculates the arithmetic mean for each course and rounds it to the nearest integer. The exact return type of `ROUND` varies by SQL database, but the logic is the same.",Yes,Y
Imagine karo tum ek detective ho jo crime ke peeche ka motive dhoond raha hai. Is statement ko analyze karo aur ek possible motive batao.,0.1292,25,0.4,0,0,376,"Kyonki aap detective ho, aap ne pehle se hi crime ke peeche ka motive dhoondna ki koshish ki hai. Ab, yeh statement apne detective karan ho sakti hai:

**Statement**: ""Isliye unko kisi ko murder karne ki koshish ki thi, kyunki uski saari nazar se yeh haseen jhoomda aur uski baat karta huaa ek aur zindagi ka aasaani se mili thi.""

**Possible Motive**: 
1. **Jeetna Haseen Jhoomda**: Murder ke baad, usko ek haseen jhoomda ya aur kisi aur kintum zindagi ke aasaani se mila. Yeh ek ektaa aur rukhsat se gharbh ka rupa ho sakti hai, jo detective ko dhoondna ki koshish karta hai.
2. **Khilaaf Koi Aasani Se Zindagi**: Murder se pehle, uska jeevan ek khubsoorat aur asman se baqi thi, lekin koi muktadira ya aasani se zindagi ko dobara milne ki koshish mein haseen jhoomda ke form mein zindagi se koi aasaani aayi thi.

Is statement ke anusaar detective ko ek motive dekhna hota hai - pehle wahaan ek haseen jhoomda tha, lekin uski nazar mein uski baat karta huaa ek aur aasani se zindagi ka aasaani se mila, jisme kisi ko murder karne ke liye koshish ki thi.","The statement needed for the detective analysis is missing, so a specific motive cannot be inferred. In a fictional investigation, possible motives might include financial gain, revenge, fear of exposure, jealousy, protection of someone, ideological belief or eliminating a perceived threat. A good detective would distinguish motive from evidence: having a plausible motive does not establish that a person committed the crime.",Yes,N
"Ek nutritionist ban ke diet improve karne ki advice de, neeche diye gaye meal schedule ke basis pe.",0.0885,18,0.2222,0,0,298,Of course! Please provide the meal schedule you've mentioned so I can give you specific advice on how to improve your diet based on it.,"The meal schedule is not included, so I cannot give personalized advice based on it. In general, I would assess whether the schedule contains adequate protein, vegetables/fruit, whole-food carbohydrates, healthy fats and sufficient fluids, while also considering portions, meal timing and the person’s goals. Common improvements include replacing heavily processed snacks with fruit/nuts/yogurt, adding vegetables to main meals, and ensuring a protein source at meals. Dietary advice should also account for allergies, medical conditions and dietary preferences.",Yes,Y
Ek movie critic ki tarah kisi film ka review de. Plot bata aur characters aur quality pe apna opinion de.,0.0927,20,0.15,0,0,306,"Of course! Let's take a look at the film ""The Shawshank Redemption,"" a widely acclaimed drama that has stood the test of time. I'll provide a review from the perspective of a movie critic, focusing on the plot, characters, and overall quality.

**Title: Redemption in the Shadows of Shawshank**

**Plot:**
""The Shawshank Redemption"" is a film that delves into the life of Andy Dufresne, a banker wrongfully convicted of murdering his wife and her lover. Sentenced to life in Shawshank State Penitentiary, Andy forms a bond with fellow inmate Red, and together they navigate the harsh realities of prison life. The plot is both a tale of survival and a poignant exploration of hope, friendship, and the pursuit of justice. The narrative is meticulously crafted, offering a nuanced view of human resilience and the enduring spirit of freedom.

**Characters:**
1. **Andy Dufresne (Morgan Freeman):** As the protagonist, Andy is a character of great depth and complexity. Morgan Freeman's portrayal is nothing short of exceptional, bringing a quiet strength and wisdom to the role. Andy's dedication to his principles, his strategic mind, and his unwavering hope are the pillars of the film's narrative.
2. **Red (Tim Robbins):** Red serves as the emotional core of the story, offering a contrast to Andy's quiet resolve. Tim Robbins delivers a performance that is both endearing and melancholic, embodying the character's journey from cynicism to acceptance. The relationship between Andy and Red is the heart of the film, highlighting themes of friendship and the human capacity for connection.
3. **Brooks (Bob Gunton):** Brooks, the librarian, is a tragic figure whose story underscores the film's themes of hope and the struggle to adapt to life outside of prison. His character is a stark reminder of the film's exploration of the fragility of the human spirit.
4. **Captain Hadley (Clancy Brown):** Hadley, the corrupt and sadistic prison warden, serves as a foil to Andy's moral integrity. His character adds layers of tension and complexity to the plot, driving the narrative forward and highlighting the corruption within the system.

**Quality:**
The quality of ""The Shawshank Redemption"" is nothing short of exemplary. The direction by Frank Darabont, based on the novella by Stephen King, is masterful. The screenplay is tightly constructed, maintaining a balance between the bleakness of prison","Since the film title is not specified, I cannot honestly review a particular movie or describe its plot and characters. A proper movie review would cover the basic premise without spoiling key twists, then evaluate the screenplay, pacing, acting, character development, cinematography, sound and direction. I would separate factual plot description from subjective judgment and explain why I liked or disliked particular choices rather than simply assigning a score.",Yes,N
