prompt_number,prompt,response
1,Imagine kar tu ek construction company ka project manager hai. Bata jab tujhe koi mushkil decision lena pada ho.,"Agar main construction company ka project manager hota, to ek mushkil decision ka example tab hota jab project schedule delay ho raha ho aur client ki deadline fixed ho. Maan lo ek critical supplier ne structural material late deliver karne ki baat kahi. Main bina safety compromise kiye teen options compare karta: supplier ko expedite karna, approved alternate supplier use karna, ya non-critical work ko parallel mein accelerate karna. Main cost, safety, quality aur deadline impact ko team ke saath quantify karta aur phir best risk-adjusted option choose karta. Aise decision mein sirf “jaldi finish karo” approach nahi chalegi; construction mein safety aur structural quality non-negotiable hain. Client ko situation aur mitigation plan transparently batana bhi zaroori hoga."
2,Niche diye gaye text ki ek short summary likho:,"Text diya nahi gaya hai, isliye uski actual summary banana possible nahi hai. Agar passage provide kiya jaye, main uske central idea, important supporting points aur conclusion ko retain karte hue ek concise summary banaunga. Main summary mein unnecessary examples, repetition aur minor details hataunga, lekin author ka main message change nahi karunga."
3,"Ek short story likho third person narration mein, jisme protagonist ko apne career ka koi bada decision lena ho.","Rohan apni desk par baitha offer letters ko baar-baar dekh raha tha. Ek taraf uske paas ek well-known company ki stable job thi, jahan salary achhi thi; doosri taraf ek chhoti startup thi jahan salary kam thi lekin usse product ko beginning se build karne ka mauka milta. Kaafi der tak woh sirf salary compare karta raha, phir usne socha ki agle paanch saal mein woh kis tarah ka engineer banna chahta hai. Usne startup ke founders, financial stability aur role ki responsibilities ko carefully investigate kiya. Aakhir mein Rohan ne startup choose kiya—not because it was obviously safer, but because the learning opportunity matched the career he wanted to build. Decision ke baad bhi uncertainty thi, lekin ab woh uncertainty informed thi."
4,"Dekho, year 2004 ke digits ka sum 6 hai. To 2000 ke baad wo pehla year kaunsa hoga jiske digits ka sum 12 ho?","Year 2004 ke digits ka sum 2+0+0+4 = 6 hai. Humein 2000 ke baad pehla year chahiye jiska digit sum 12 ho. 2001–2009 mein maximum digit sum 9 tak hi ja sakta hai. 2010–2018 mein sums 3 se 11 tak hain, aur 2019 ka sum 12 hai. Isliye pehla aisa year **2019** hai."
5,"Niche diye gaye context ko use karke last wale question ka answer do. Agar answer nahi pata toh seedha bol do ki nahi pata, faltu mein guess mat karna. Founded in the 13th century, Berlin has had an eventful history. Excavations from 2008 suggest that the city may be even older than was previously assumed: state archaeologists have discovered an oak beam that probably dates back to 1183. Almost no other metropolis has experienced such frequent, radical change transforming the face of the city. Although Berlin saw steady growth in its importance, dazzling epochs alternated with darker eras. Nevertheless, the formerly divided city has succeeded in becoming a vibrant metropolis in the heart of Europe. Question: What is the best restaurant in Berlin?","Diye gaye context se Berlin ki history aur uske 13th-century origins ke baare mein information milti hai, lekin kisi restaurant ka naam ya ranking nahi di gayi. Isliye context ke basis par “best restaurant in Berlin” determine nahi kiya ja sakta. **Nahi pata.**"
6,Variable x ko “4x + 2y = 10” as define kiya gaya hai. x ki value find karo.,"Equation 4x + 2y = 10 mein x ko uniquely determine nahi kiya ja sakta jab tak y ki value ya koi second equation na di ho. Rearranging karne par 4x = 10 - 2y, so x = (10 - 2y)/4 = (5-y)/2. Isliye x ki value y par depend karti hai; available information se ek single numerical value nahi milti."
7,30 cookies ki recipe ke liye do cups flour chahiye. Eduardo ko five dozen cookies banani hain. Adjusted recipe ke liye use kitne cups flour use karne honge?,30 cookies ke liye 2 cups flour chahiye. Five dozen cookies = 5 × 12 = 60 cookies. Ye original recipe ka exactly 2× quantity hai. Isliye flour bhi double hoga: 2 × 2 = **4 cups flour**.
8,Ek cube ka total surface area calculate karo jiska side length 5 cm hai.,"Cube ka total surface area formula 6a² hota hai. Side a = 5 cm hai, so area = 6 × 5² = 6 × 25 = **150 cm²**."
9,"Happy Valley Kennel mein 4 chickens, 2 dogs, aur 5 cats hain. (Kuch log Happy Valley mein chickens ko pets ki tarah rakhte hain!) Agar 11 animals ko 11 cages ki ek row mein aise arrange karna ho ki ek hi type ke saare animals saath mein rahein, toh kitne ways honge? (Same species ke do animals distinguishable maane jayenge.)","Teen species ko blocks ki tarah treat kar sakte hain: chickens ka ek block, dogs ka ek block aur cats ka ek block. In 3 blocks ko arrange karne ke 3! ways hain. Block ke andar 4 distinguishable chickens ko 4! ways, 2 dogs ko 2! ways aur 5 cats ko 5! ways arrange kiya ja sakta hai. Total = 3! × 4! × 2! × 5! = 6 × 24 × 2 × 120 = **34,560 ways**."
10,Imagine karo tum ek aise customer se baat kar rahe ho jo tumhare product se khush nahi hai. Ek aisa response likho jisse situation handle ho jaye.,"Customer ko defensive hone ke bajay pehle calmly acknowledge karna chahiye: “Mujhe afsos hai ki product aapki expectation par khara nahi utra.” Uske baad exact problem samajhne ke liye specific questions poochein aur customer ko interrupt na karein. Jo solution policy ke andar possible ho—replacement, refund, troubleshooting, repair ya escalation—woh clearly offer karein. Agar issue immediately solve nahi ho sakta, realistic timeline dein aur follow-up ka ownership lein. Sabse important hai customer ko false promise na karna. Empathy + clear next step usually frustration ko kaafi reduce kar dete hain."
11,"Neeche diye gaye context ko use karke end waale question ka answer do. Agar answer nahi pata toh seedha bol do ki nahi pata, apne mann se kuch mat banana. Founded in the 13th century, Berlin has had an eventful history. Excavations from 2008 suggest that the city may be even older than was previously assumed: state archaeologists have discovered an oak beam that probably dates back to 1183. Almost no other metropolis has experienced such frequent, radical change transforming the face of the city. Although Berlin saw steady growth in its importance, dazzling epochs alternated with darker eras. Nevertheless, the formerly divided city has succeeded in becoming a vibrant metropolis in the heart of Europe. Question: 20th century Berlin mein kya-kya events hue the?","Diye gaye Berlin passage mein city ki overall history aur uske rapid transformations ka zikr hai, lekin 20th century ke specific events describe nahi kiye gaye. Passage sirf itna indicate karta hai ki Berlin formerly divided city tha aur baad mein ek united European metropolis bana. Isliye passage ke basis par detailed list dena possible nahi hai. **Nahi pata.**"
12,"Diye gaye context ko padho aur end mein jo question hai uska answer do. Agar answer nahi mil raha toh bol do ki nahi pata, fake answer mat dena. Previously, the use of dye-sub printing was limited to industrial or high-end commercial printing. Dye-sub photo printing has been used in medical imaging, graphic arts proofing, security, and broadcast-related applications. Today, it is extremely popular in event photography and photo booths or kiosks that require high-speed, on-demand printing. Alps Electric produced the first quality dye-sub printers for home consumers in the $500–$1,000 price range, bringing dye-sublimation technology within the reach of a wider audience. (These models were, however, not true page printers, since they used a narrow printhead that swept across the page, like most inkjet printers.) Now there are many dye-sublimation printers on the market starting from as low as $100, especially postcard-sized mobile photo printers. The ability to produce instant photo prints inexpensively from a small printer has led to dye sublimation solutions supplanting traditional instant photos in some applications, such as ID photography with a card printer. Several corporations market desktop-size units as stand-alone printers and for print kiosk and photo booth applications. Some of these units are based on generic printers. Some manufacturers, offer software development kits with their printers, suggesting that these companies hope to attract system integrators as a potential market. Desktop-size standalone dye-sub photo printers are also used by photographers in event photography. The technology allows photographers to produce and sell lab-quality prints immediately during the event they are attending, with a minimal amount of hardware. Question: Dye sublimation printer ke uses kya hain?","Dye-sublimation printers ka use high-speed, on-demand photo printing mein hota hai, especially event photography, photo booths aur kiosks mein. Inka use medical imaging, graphic-arts proofing, security aur broadcast-related applications mein bhi hua hai. Desktop units photographers ko events ke dauran lab-quality prints immediately produce aur sell karne dete hain. Postcard-sized mobile printers inexpensive instant photos bana sakte hain, aur kuch systems ID-photo printing jaise applications mein traditional instant-photo methods ko replace karte hain. Manufacturers in printers ke saath software development kits bhi provide karte hain, jisse customized printing systems aur kiosks develop kiye ja sakte hain."
13,"x aur y nonzero real numbers hain. m aur M is expression ki minimum aur maximum values hain: (|x + y|)/(|x| + |y|), Find M - m.","Expression |x+y|/(|x|+|y|) ke liye triangle inequality se |x+y| ≤ |x|+|y|, isliye maximum M = 1 ho sakta hai, aur x,y nonzero hone par ratio positive ho sakta hai. Opposite signs aur equal magnitudes, jaise x=1, y=-1, lene par numerator 0 hota hai, so minimum m=0. Therefore M-m = **1**."
14,"Ek binary tree diya gaya hai, check karo ki woh binary search tree hai ya nahi. Iske liye Java function likho. Maan lo Node class pehle se implemented hai.","BST validate karne ka robust tareeka recursion ke saath valid range maintain karna hai. Har node ke liye ensure karo ki uski value lower bound se strictly greater aur upper bound se strictly smaller ho. Left subtree ko range (low, node->val) aur right subtree ko (node->val, high) milega. C++ mein conceptually `bool isBST(Node* root, long long lo, long long hi)` function likh sakte hain, jo null par true return kare aur invalid range par false. Root ke liye range `(-INF, INF)` rakhein. Ye approach duplicate values ko BST convention ke according reject karti hai aur O(n) time, O(h) recursion space leti hai."
15,"Tum ek smart assistant ho jo high school teachers ki help karta hai reading comprehension questions banane mein. Ek text diya jayega, tumne ek question aur answer pair banana hai student ki reading ability check karne ke liye. Jab tum ye pair banaoge, toh format ye hona chahiye: ``` {{ ""question"": ""$YOUR_QUESTION_HERE"", ""answer"": ""$THE_ANSWER_HERE"" }} ``` ``` ke beech mein sab kuch valid JSON hona chahiye. Is text ke liye JSON format mein question/answer pair banao: ---------------- The scream of sirens and the clank of steel on cobblestones echoed down the mean, dark streets. Frightened East Berliners peeked from behind their curtains to see military convoys stretching for blocks. First came the motorcycle outriders, then jeeps, trucks and buses crammed with grim, steel-helmeted East German troops. Rattling in their wake were the tanks — squat Russian-built T-34s and T-54s. At each major intersection, a platoon peeled off and ground to a halt, guns at the ready. The rest headed on for the sector border, the 25-mile frontier that cuts through the heart of Berlin like a jagged piece of glass. As the troops arrived at scores of border points, cargo trucks were already unloading rolls of barbed wire, concrete posts, wooden horses, stone blocks, picks and shovels. When dawn came four hours later, a wall divided East Berlin from West for the first time in eight years.","```json
{
  ""question"": ""What caused the wall to divide East and West Berlin that morning?"",
  ""answer"": ""East German troops arrived with military vehicles and construction materials such as barbed wire and concrete posts, creating a physical barrier that divided East Berlin from West Berlin.""
}
```"
16,"Calculate karo ki bank account mein kitna paisa hoga agar initial deposit $100 hai aur interest rate 6% hai, jo annually compound ho raha hai.","Initial deposit $100 hai aur annual interest rate 6% hai. Lekin question mein compounding kitne years tak chalega, ye specify nahi kiya gaya. General formula hoga: **A = 100(1.06)^t**, jahan t number of years hai. Agar sirf ek saal ka annual compounding poocha gaya ho, to A = 100 × 1.06 = **$106**. Exact final balance ke liye time period required hai."
17,"Niche diye gaye context ko use karke end mein diye gaye question ka answer do. Agar nahi pata toh seedha bol do ki nahi pata, apne mann se kuch mat banana. A state actor's involvement in the blast of the Nord Stream pipelines last year is the ""absolute main scenario"", though confirming identity will prove difficult, the Swedish prosecutor investigating the attack said on Thursday. In September 2022, several unexplained underwater explosions ruptured the Nord Stream 1 and newly-built Nord Stream 2 pipelines that link Russia and Germany across the Baltic Sea. The blasts occurred in the economic zones of Sweden and Denmark and both countries say the explosions were deliberate, but have yet to determine who was responsible. The blast in the Swedish zone occurred at a depth of 80 meters, which the Swedish prosecutor said made it complicated to investigate. ""We believe it will be rather difficult to determine who did this,"" prosecutor Mats Ljungqvist told Reuters in a phone interview. ""The people who did this have probably been aware that they would leave clues behind and probably took care so that the evidence would not point in one direction, but in several directions,"" he added. ""That makes it difficult to clearly point to one actor."" The investigation continues. Question: Who was responsible for the Nordstream pipeline explosion?","Passage ke according investigators ka maanna tha ki blast deliberate tha aur state actor involvement “absolute main scenario” tha, lekin Swedish prosecutor ne kaha ki responsible actor ki identity confirm karna difficult hoga. Passage kisi specific country ya organization ko conclusively responsible nahi batata. Isliye responsible party ka definitive answer **unknown / not established** hai."
18,Batao ki novel ke characters 'the corrupting influence of power' waale theme ko kaise reflect karte hain.,"Agar novel ka central theme “the corrupting influence of power” hai, to characters generally dikhate hain ki authority milne ke baad unke priorities gradually change hoti hain. Shuru mein jo character justice, responsibility ya public good ke liye power seekhta hai, woh later control maintain karne ke liye rules bend kar sakta hai. Dusre characters us power ko challenge karte hain, jisse contrast create hota hai. Theme ka important point ye nahi hota ki power automatically evil hai; rather, unchecked power, weak accountability aur personal ambition milkar corruption ko encourage kar sakte hain. Character arcs isi gradual moral decline ko visible banate hain."
19,Check karke batao step by step ki ye statement true hai ya false: 'Frankenstein likhne wale ne hi The Last Man naam ka novel bhi likha tha.',"Statement true hai. **Mary Shelley** ne *Frankenstein; or, The Modern Prometheus* likha tha, aur unhi ne *The Last Man* bhi likha, jo 1826 mein publish hua. Isliye “Frankenstein likhne wale ne hi The Last Man likha tha” ka answer **True** hai."
20,Supply and demand ka law use karke batao ki agar demand badhti hai toh kisi product ke price ka kya hoga.,"Law of demand ke basic version ke mutabik, baaki factors constant rahen to demand badhne par market price generally **increase** hota hai, assuming supply immediately same level par rahe. Higher demand sellers ko higher prices charge karne ka scope deti hai. Price increase ke baad quantity supplied bhi badh sakti hai, aur eventually new equilibrium price aur quantity establish hoti hai. Real markets mein exact effect supply elasticity, competition, substitutes aur demand increase ke cause par depend karta hai."
21,"Cartesian coordinate plane pe (2,1) aur (3,4) ek square ke adjacent points hain. Square ka area kya hoga?","Points (2,1) aur (3,4) square ke adjacent vertices hain, so side length unke distance ke equal hogi. Distance = √[(3-2)² + (4-1)²] = √(1+9) = √10. Square ka area = side² = **10 square units**."
22,Diye gaye context ke hisaab se batao ki human circulatory system ka primary function kya hota hai?,"Human circulatory system ka primary function body ke different parts ke beech blood ke through oxygen, nutrients, hormones aur other substances transport karna hai. Saath hi, carbon dioxide aur metabolic waste ko removal organs tak le jaana bhi iska major role hai. Blood circulation body temperature, pH aur fluid balance maintain karne mein bhi contribute karti hai. Short version: circulatory system cells ko required materials pahunchata hai aur waste products ko remove karne mein help karta hai."
23,"A, B, A-B, aur A+B charo positive integers prime numbers hain. In chaaro primes ka sum kya hoga? A. even B. divisible by 3 C. divisible by 5 D. divisible by 7 E. prime Answer sirf letter (A, B, C, D, or E) mein dena.",A. **even**
24,Is movie ka analysis karo aur batao ki ye top 10 list mein kyun honi chahiye.,"Movie ka title ya actual movie details nahi di gayi hain, isliye kisi specific film ko objectively analyze karke top-10 list mein place justify karna possible nahi hai. Top-10 evaluation ke liye main normally direction, screenplay, performances, cinematography, originality, cultural impact, pacing aur overall audience/critical reception jaise criteria use karunga. Film ka naam ya review material milne par main us basis par detailed argument de sakta hoon."
25,"Niche diye gaye sentences mein se best prediction choose karo is input ke liye: ""My vacation is in ________.""","Sentence “My vacation is in ________.” mein blank mein sabse natural prediction **a month or season** hoga, depending on the intended answer space. For example: “My vacation is in **June**.” Agar task mein predefined candidate sentences diye jaane the, woh options missing hain, isliye exact option choose karna possible nahi hai."
26,Ek right triangle ka area nikalo jiska base 5 cm aur height 3 cm hai.,"Right triangle ka area = 1/2 × base × height. Base = 5 cm aur height = 3 cm, so area = 1/2 × 5 × 3 = **7.5 cm²**."
27,"Teen fair, standard six-sided dice roll kiye gaye hain. Kya probability hai ki top faces ka sum 18 aaye? Answer common fraction mein dena.","Teen fair six-sided dice ke total outcomes 6³ = 216 hain. Sum 18 tabhi possible hai jab teeno dice par 6 aaye: (6,6,6). Favorable outcomes = 1. Probability = 1/216. **Answer: 1/216.**"
28,"Paanch pencils aur ek pen ki cost $2.50 hai, aur ek pencil aur do pens ki cost $1.85 hai. Toh do pencils aur ek pen ki cost kya hogi?","Let pencil cost = p aur pen cost = q. Equations: 5p + q = 2.50 and p + 2q = 1.85. First equation se q = 2.50 - 5p. Substitute: p + 2(2.50 - 5p) = 1.85, so -9p = -3.15, p = 0.35. Then q = 2.50 - 1.75 = 0.75. Therefore 2 pencils + 1 pen = 2(0.35)+0.75 = **$1.45**."
29,"Freelancing aur full-time job ke beech main differences kya hote hain, batao.","Freelancing mein aap multiple clients ke liye project-based ya contract work karte ho; income aur workload month to month vary kar sakta hai. Full-time job mein usually ek employer ke saath fixed role, salary, working expectations aur benefits hote hain. Freelancing flexibility aur client choice deta hai, lekin income stability, taxes, benefits aur finding work ki responsibility khud leni padti hai. Full-time employment generally greater stability, structured growth aur benefits de sakti hai, lekin schedule aur role comparatively less flexible ho sakta hai. Choice person ki risk tolerance aur career goals par depend karti hai."
30,Koi aisi jagah ka example do jahan endangered species ke animals mil sakte hain.,"Endangered species ke animals protected wildlife reserves ya national parks mein mil sakte hain. Example ke liye, **Kaziranga National Park, India** mein greater one-horned rhinoceros milte hain. Aise protected areas ka purpose habitat ko conserve karna aur poaching, habitat loss aur human-wildlife conflict jaise threats ko reduce karna hota hai."
31,'A Social Network that Influences Attitudes and Behaviors' paper ka main argument summarize karo.,"Paper ka title alone dekhkar exact main argument reliably summarize nahi kiya ja sakta, kyunki paper ka text ya abstract provided nahi hai. “A Social Network that Influences Attitudes and Behaviors” se broadly ye topic indicate hota hai ki social networks logon ke attitudes aur behavior ko influence kar sakte hain, potentially through social norms, peer effects aur information diffusion. Lekin actual paper ka specific claim, evidence aur conclusions batane ke liye paper ka content chahiye."
32,Grocery store se kharidne ke liye 5 items ki list banao.,"Grocery store se ek simple 5-item list ho sakti hai: **milk, eggs, bread, bananas, aur vegetables**. Ye basic staples hain aur breakfast, snacks aur everyday meals mein kaam aa sakte hain. Agar dietary preference ya budget diya jaye to list ko uske according optimize kiya ja sakta hai."
33,"Di gayi information use karke, top 10 highest valued orders nikalne ke liye SQL query likho.","Top 10 highest-valued orders nikalne ke liye pehle order value define karni hogi. Agar table mein `Quantity` aur `Price` columns hain, to query ho sakti hai:
```sql
SELECT OrderID, Quantity * Price AS order_value
FROM Orders
ORDER BY order_value DESC
LIMIT 10;
```
Agar order value already kisi `TotalAmount` column mein stored hai, to `Quantity * Price` ki jagah `TotalAmount` use karna chahiye. Database dialect ke hisaab se `LIMIT 10` ko `TOP 10` ya `FETCH FIRST 10 ROWS ONLY` se replace karna pad sakta hai."
34,Sabse chhota positive four-digit number find karo jo pehle chaar smallest prime numbers se divisible ho.,"Pehle chaar smallest primes hain 2, 3, 5 aur 7. Humein in sabse divisible sabse chhota positive four-digit number chahiye. Inka LCM = 2×3×5×7 = 210. 1000 se bada ya equal pehla multiple: 210×5 = 1050. Isliye answer **1050** hai."
35,"Maan lo ki millions of log Pluto pahunch gaye hain aur Mars par colonies bas chuki hain, toh ek space election ke news article ka pehla paragraph likho.","Mars par established colonies aur millions of people living across Pluto and Mars ke fictional future mein space politics ka scale Earth se kaafi bada ho chuka hoga. Example opening: “Humanity’s first interplanetary election opened today under skies no single nation had ever governed, with voters from Mars colonies and the distant Pluto settlements casting ballots for the new Solar Federation.” Election ka central issue transportation, resource rights, colony autonomy aur Earth-based political control ho sakta hai. Article aage candidates ke platforms aur remote voting infrastructure explain kar sakta hai."
36,Manager aur customer ke beech hone wali conversation ke 2 sentences generate karo.,"Manager: “I understand that the issue has been frustrating, and I’d like to get a clear picture of what went wrong so we can fix it.” Customer: “Thanks—I mainly want the problem resolved quickly, so please tell me what the next step is.”"
37,Ek aisa sentence find karo jo yeh explain kare ki kisi ko koi particular product kyun use nahi karna chahiye.,A clear example would be: **“You should not use this product if you have a known allergy to one of its ingredients.”** Ye sentence directly reason batata hai—ingredient allergy—aur us reason ke basis par product avoid karne ki recommendation deta hai.
38,Global warming ke causes par ek speech close karne ke liye ek sentence find karo.,"“Ultimately, tackling global warming will require more than individual choices; it will require sustained action from governments, businesses, and communities working together.”"
39,Scenario dekh ke ek solution suggest karo aur reasoning bhi explain karo thoda detail mein.,"Scenario ki actual details provide nahi ki gayi hain, isliye specific solution choose karna possible nahi hai. General approach ye hogi: pehle problem aur constraints identify karo, phir possible solutions list karo, unke cost, risk, feasibility aur expected impact compare karo, aur highest-benefit/lowest-unacceptable-risk option choose karo. Reasoning mein assumptions explicitly mention karna important hai, taaki solution blindly apply na ho."
40,Socho tum Church of the Big Toe Nail ke ambassador ho. Ek chota sa article likho logon ko convince karne ke liye ki wo join karein.,"Welcome to the Church of the Big Toe Nail! Our playful community is built around creativity, absurd humor and the idea that even the smallest, strangest things can bring people together. Members can participate in themed gatherings, art, jokes and deliberately ridiculous traditions without needing to take the premise literally. If you enjoy unusual communities and want a place where imagination matters more than seriousness, this might be your kind of club. Join because life is already weird—and sometimes embracing the weird is exactly the fun part."
41,Tum Ace Printer Supply Co. ke liye ek helpful customer service AI chatbot ho. Friendly raho aur sach batao. Sirf Ace Printer Supply Co. se related queries ka answer dena. Query: Koi joke sunao,"I’m sorry, but that query isn’t related to Ace Printer Supply Co.’s products or services. I can help with printer-related questions such as choosing supplies, troubleshooting a compatible product, or understanding an order. If you tell me what printer or Ace Printer Supply Co. service you’re asking about, I’ll be happy to help."
42,Goal achieve karne ke liye best solution choose karo. GOAL: Couch se sharpie pen hatana Solutions: 1) soy milk se bhigo do taaki region color ho jaye. 2) milk mein ek ghante ke liye bhigo kar rub karo.,"Neither solution is a reliable way to remove a Sharpie stain from a surface. Soy milk or ordinary milk is not an appropriate stain remover for permanent marker ink and could leave additional residue. A safer general approach is to identify the surface first, then use a suitable solvent such as isopropyl alcohol where the material safely permits it, testing an inconspicuous area first. So, between the two listed options, **neither is a good solution**."
43,Maan lo kisi job advertisement mein employer ne 3 years ka working experience manga hai. Explain karo ki ye requirement reasonable kyun hai.,"A three-year experience requirement can be reasonable when the employer needs someone who can work independently rather than requiring extensive training. Several years of relevant work can indicate familiarity with the tools, workflows and common problems of the role. It can also reduce onboarding time and the risk associated with hiring someone completely new to the field. However, experience requirements should not be treated as a perfect proxy for ability: a candidate with less formal experience but strong projects, internships or demonstrable skills may still be highly capable. The requirement is reasonable when it genuinely matches the responsibilities of the job."
44,"Is paragraph ka structure aur clarity check karke batao, 1-2 sentences mein improvements suggest kar do.","A clearer paragraph usually needs one central idea per paragraph, logical ordering and explicit transitions between points. If the original contains long sentences or repeated ideas, split them into shorter sentences and remove redundancy. The actual paragraph is not provided, so these are general recommendations rather than a line-by-line critique."
45,Ek cylinder ka volume calculate karo jiska radius 10 cm aur height 5 cm hai.,"Cylinder volume = πr²h. With r = 10 cm and h = 5 cm: V = π × 10² × 5 = **500π cm³**, approximately **1570.8 cm³**."
46,Is passage ke basis pe batao ki author ka kya opinion hai iss baat par ki production mein speed hi sabse important factor hoti hai.,"The passage itself is not included, so the author’s opinion about whether production speed is the most important factor cannot be determined reliably. To answer, I would look for explicit claims, comparisons with quality/cost/safety, and the conclusion. Without that evidence, I would not infer the author’s position."
47,In chaar CEOs ki list mein se choose karo kiska tenure sabse successful raha.,"The four CEOs are not named in the prompt, so I cannot responsibly choose one. To compare tenure success, I would examine business growth, profitability, shareholder returns, strategic execution, product innovation and the conditions the CEO inherited. Send the four names and I can make a reasoned comparison rather than guessing."
48,1/(x - 1)(x - 2) + 1/(x - 2)(x - 3) + 1/(x - 3)(x - 4) = 1/6 ke saare real solutions nikaalo. Saare solutions commas se separate karke likhna.,"We solve:
1/[(x-1)(x-2)] + 1/[(x-2)(x-3)] + 1/[(x-3)(x-4)] = 1/6.
Using partial fractions, each term can be written as 1/(x-k) - 1/(x-(k+1)). The sum telescopes to 1/(x-1) - 1/(x-4). Thus 3/[(x-1)(x-4)] = 1/6, giving 18 = (x-1)(x-4) = x²-5x+4. So x²-5x-14=0 = (x-7)(x+2). Domain restrictions exclude 1,2,3,4, and both solutions are valid. **Solutions: -2, 7.**"
49,"Is array [1, 2, 3, 4, 5, 6, 7] ke 2nd, 4th aur 5th element delete karo.","Array `[1, 2, 3, 4, 5, 6, 7]` mein 2nd, 4th aur 5th elements (1-indexed) are 2, 4 and 5. Inhe delete karne ke baad remaining array **[1, 3, 6, 7]** hai."
50,"Tum ek smart assistant ho jo high school teachers ki help karega reading comprehension questions banane mein. Diye gaye text se ek question aur answer pair banao taaki students ki reading abilities test ho sakein. Jab tum ye pair banaoge, toh format ye hona chahiye: ``` {{ ""question"": ""$YOUR_QUESTION_HERE"", ""answer"": ""$THE_ANSWER_HERE"" }} ``` ``` ke beech ka sab kuch valid JSON hona chahiye. Niche diye gaye text ke liye specified JSON format mein ek question/answer pair banao: ---------------- Millions of lives could be saved by a groundbreaking set of new vaccines for a range of conditions including cancer, experts have said. A leading pharmaceutical firm said it is confident that jabs for cancer, cardiovascular and autoimmune diseases, and other conditions will be ready by 2030. Studies into these vaccinations are also showing “tremendous promise”, with some researchers saying 15 years’ worth of progress has been “unspooled” in 12 to 18 months thanks to the success of the Covid jab. Dr Paul Burton, the chief medical officer of pharmaceutical company Moderna, said he believes the firm will be able to offer such treatments for “all sorts of disease areas” in as little as five years. The firm, which created a leading coronavirus vaccine, is developing cancer vaccines that target different tumor types.","```json
{
  ""question"": ""What types of diseases did Moderna say it was developing vaccines for?"",
  ""answer"": ""The company said it was developing vaccines for cancer, cardiovascular diseases, autoimmune diseases, and other conditions.""
}
```"
51,Diye gaye field ke 5 influential logon ki list banao aur sabka ek short description bhi likho.,"Dr. Paul Burton, Moderna’s chief medical officer, said he believed such treatments could become available for many disease areas in as little as five years. The passage says Moderna was developing cancer vaccines targeting different tumor types and that researchers were seeing strong progress in vaccine development. It also says a leading pharmaceutical firm expected vaccines for cancer, cardiovascular and autoimmune diseases and other conditions by 2030. These claims were presented as promising developments, although they describe expectations and research progress rather than guaranteed outcomes."
52,Batao is task description ke liye kaunsi machine learning technique apply hogi.,"Field ka naam prompt mein specify nahi kiya gaya hai, isliye five influential people ki meaningful list banana possible nahi hai. Agar field, jaise computer science, physics, economics, music, medicine, ya cybersecurity, provide kiya jaye to main five influential figures select karke har ek ka short explanation de sakta hoon."
53,"Tum ek smart assistant ho jo high school teachers ki help karega reading comprehension questions banane mein. Diye gaye text se ek question aur answer pair banao taaki students ki reading abilities test ho sakein. Jab tum ye pair banaoge, toh format ye hona chahiye: ``` {{ ""question"": ""$YOUR_QUESTION_HERE"", ""answer"": ""$THE_ANSWER_HERE"" }} ``` ``` ke beech ka sab kuch valid JSON hona chahiye. Niche diye gaye text ke liye specified JSON format mein teen question/answer pairs banao: ---------------- US officials have hinted that this counteroffensive is coming in the next month or so, while Ukrainian forces on the ground have said they are ready to attack when Kyiv gives the word. According to military analysts who have looked at the documents, certain parts appear to be modified from their original format and exaggerate the American tally of Ukrainians killed in the war while downplaying the estimates of Russian troops killed. One of the slides states that Russia has lost 16,000 to 17,500 soldiers since the invasion, while Ukraine had suffered as many as 71,500 troop deaths. This is a gross underestimate from what the Pentagon and other analysts have estimated for Russian casualties with nearly 200,000 killed and injured. Ukraine has had more than 100,000 casualties in the war, according to the Pentagon. The documents appear to represent a significant breach of American intelligence, detailing information that has not been publicly stated by the Pentagon.","Task description actual prompt mein missing hai, isliye exact machine-learning technique choose nahi ki ja sakti. Technique problem type par depend karegi: labeled prediction ke liye supervised learning, unlabeled grouping ke liye clustering, sequential reward-based decision making ke liye reinforcement learning, aur dimensionality reduction ke liye methods such as PCA suitable ho sakte hain. Actual task description dene par specific technique aur reasoning identify ki ja sakti hai."
54,"Niche diye gaye context ko use karke question ka answer do. Agar answer nahi pata toh seedha bol do ki nahi pata, faltu mein guess mat karna.","```json
[
  {
    ""question"": ""What did US officials indicate about the Ukrainian counteroffensive?"",
    ""answer"": ""They indicated that the counteroffensive was expected to come in the next month or so.""
  },
  {
    ""question"": ""How did the leaked documents describe Russian and Ukrainian military deaths?"",
    ""answer"": ""One slide claimed Russia had lost 16,000 to 17,500 soldiers while Ukraine had suffered as many as 71,500 troop deaths.""
  },
  {
    ""question"": ""Why were the documents considered a significant breach of American intelligence?"",
    ""answer"": ""They contained information that had not been publicly stated by the Pentagon, including sensitive details about the war.""
  }
]
```"
55,"Context use karo aur answer do. Nahi pata toh bol do, guess karne ki zaroorat nahi hai.","Context/question itself is missing, so there is not enough information to answer reliably. Since the instruction explicitly says not to guess, the correct response is: **Nahi pata / insufficient context.**"
56,100 se chota woh sabse bada whole number batao jiske positive factors odd hon.,"Context/question itself is missing, so I cannot determine the intended answer. I would rather say **nahi pata** than invent an answer without the required context."
57,2004 Indian Ocean earthquake aur tsunami ke main events ki ek timeline banao.,A positive integer has an odd number of positive divisors exactly when it is a perfect square. The largest whole number below 100 that is a perfect square is 9² = **81**. Therefore the answer is **81**.
58,Jurassic Period ka koi dinosaur dhoond jiska naam 'T' se start hota ho.,"A concise timeline of the 2004 Indian Ocean earthquake and tsunami is:
- **26 Dec 2004:** A magnitude-9-class megathrust earthquake occurs off the west coast of northern Sumatra.
- **Minutes later:** The seafloor displacement generates a massive tsunami.
- **26 Dec:** Waves strike Indonesia first and then reach Sri Lanka, India, Thailand, Maldives and other countries around the Indian Ocean.
- **Following hours:** Coastal communities across multiple countries suffer catastrophic deaths, injuries and destruction.
- **Following days/weeks:** International rescue and relief operations begin, with enormous humanitarian and reconstruction efforts.
The disaster became one of the deadliest natural disasters in recorded history."
59,"Data ki list di hai, do inputs dhundo jisse ek specific output ban sake.","A Jurassic dinosaur whose name starts with T is **Tuojiangosaurus**, a stegosaur from the Late Jurassic. It lived in what is now China and was characterized by rows of plates along its back and spikes toward the tail. Another example is **Torvosaurus**, a large theropod dinosaur known from the Late Jurassic."
60,Socho tum manager ho aur team mein gossip ho rahi hai. Ek chota sa paragraph likho is situation ko handle karne ke liye.,"The prompt does not include the actual data list, target output, or rule connecting the inputs to the output, so the two inputs cannot be identified. To solve such a problem, I would enumerate or efficiently search pairs, apply the specified operation to each pair, and return the pair that produces the required output. The missing data is essential, so guessing would be inappropriate."
61,"Ingredients ki list dekh kar ek dish suggest karo, uska thoda description do aur batao ki ye ingredients ke liye best kyun hai.","A manager should avoid becoming part of the gossip or trying to punish people based on rumors. I would address the team calmly, remind everyone that concerns about colleagues should be discussed through appropriate channels, and encourage direct communication rather than speculation. If gossip is affecting morale or targeting someone unfairly, I would speak privately with the people involved, understand what is happening, and set clear expectations about respectful workplace behavior. The goal is to restore trust without turning the situation into another source of drama."
62,Basic omelette banane ka process batao aur 3 customization options do.,"Without an ingredient list, I cannot recommend a specific dish. Given the ingredients, I would choose a recipe that uses the largest number of them naturally, minimizes ingredients that would otherwise go unused, and matches their flavors and cooking properties. For example, if the list contained tomatoes, onions, garlic, herbs and pasta, a tomato-herb pasta would be a strong choice because each ingredient contributes directly to the dish. Send the actual list for a concrete recommendation."
63,Bus mein kisi stranger se baat karne ki ek entertaining story sunao.,"For a basic omelette, whisk 2–3 eggs with a pinch of salt and pepper. Heat a lightly greased nonstick pan over medium heat, pour in the eggs, and let them begin to set. Gently move the cooked edges inward so uncooked egg reaches the pan. Add fillings when the center is still slightly soft, fold the omelette and cook briefly until set. Three easy customizations are: **cheese + herbs**, **mushroom + spinach**, or **tomato + onion + chili**. Avoid overcooking—the omelette should remain tender rather than rubbery."
64,"Agar customer call karke apna order status jaanna chahta hai, toh customer service representative ko kya steps follow karne chahiye?","I once ended up next to a stranger on a crowded bus who was carrying a huge bouquet of flowers. After a few minutes, one flower escaped, rolled down the aisle and landed directly on a sleeping passenger’s lap. The stranger whispered, “Well, apparently it has chosen its destination.” The sleeping passenger woke up, looked at the flower, looked around suspiciously, and then simply put it behind his ear. By the end of the ride, three strangers had joined the joke and were debating whether the bus had accidentally become a matchmaking service. Nobody knew each other before that ride, but everyone got off smiling."
65,Is code snippet ko reverse engineer karo aur 4 sentences mein samjhao ki yahan kya ho raha hai. var x = 3 var y = x + 4,"A customer-service representative should first verify the customer’s identity and order number without exposing unnecessary personal information. Then check the current order status in the system, including payment, processing, shipment and any tracking information. Explain the status in plain language and provide the expected delivery date if available. If the order is delayed, acknowledge the inconvenience and explain the reason only if verified. If the representative cannot resolve the issue, escalate it according to company policy and give the customer a clear next step or reference number. Never invent a tracking update or promise a delivery date that the system does not support."
66,Kal ke liye ek meal plan taiyar karo unke liye jo healthy khana chahte hain aur jinka budget limited hai.,"The snippet declares `x` with the value 3 and then declares `y` as `x + 4`, so `y` becomes 7. Conceptually, the two assignments are `x = 3` and `y = x + 4`. The code as written may also need semicolons or line separators depending on the JavaScript context, but the intended computation is straightforward: **x = 3, y = 7**."
67,Is topic se related ek research question generate karo: How technology is revolutionizing the shopping experience,"A budget-friendly healthy day could look like this:
**Breakfast:** oats cooked with milk/water, banana and a few peanuts.
**Lunch:** rice or roti with dal, seasonal vegetables and curd.
**Snack:** one fruit or roasted chana.
**Dinner:** roti with mixed vegetables and dal/eggs.
Drink mostly water and use inexpensive seasonal produce rather than imported or packaged foods. Pulses, eggs, oats, rice, potatoes, bananas and local vegetables can provide good nutrition without making the plan expensive. Portion sizes should be adjusted to the person’s energy needs."
68,Is text ka tone identify karo aur same message convey karne ke do alternative tareeke batao—ek formal aur ek casual.,"A useful research question is: **“How does technology-driven personalization affect customer satisfaction and purchasing decisions in online and physical retail?”** This can be studied by examining recommendation systems, personalized offers, mobile shopping, augmented reality, cashierless stores and customer data use. The research could compare convenience and engagement benefits with concerns such as privacy, algorithmic bias and over-personalization."
69,"Ek question hai, (x+y+z)(xy+xz+yz)=25 aur x^2(y+z)+y^2(x+z)+z^2(x+y)=7 diya hua hai, toh real numbers x, y, aur z ke liye xyz ki value kya hogi?","The actual text to analyze is missing, so its tone cannot be identified reliably. If the message were, for example, “Please send the report by Friday so we can finish the review,” the formal alternative could be “Kindly submit the report by Friday to facilitate completion of the review,” while a casual alternative could be “Can you send me the report by Friday so we can wrap up the review?” The exact rewrites should preserve the original meaning while changing only register and style."
70,Is task mein aapko diye gaye key points ki ek summary likhni hai.,"We have
(x+y+z)(xy+xz+yz)=25
and x²(y+z)+y²(x+z)+z²(x+y)=7.
Notice the identity:
(x+y+z)(xy+xz+yz) = x²y+x²z+xy²+y²z+xz²+yz² + 3xyz.
The second expression is exactly the six mixed cubic terms, so it equals 7. Therefore 25 = 7 + 3xyz, giving 3xyz = 18 and **xyz = 6**."
71,"Agar koi 'take a break' bole, toh uska ek appropriate response likho.","The key points themselves are not included in the prompt, so a specific summary cannot be produced. In a proper summary, I would identify the central claim first, then retain the most important supporting facts or conclusions and remove repetition and minor examples. The final summary should be substantially shorter while preserving the original meaning."
72,Ek aise metric ka example do jisse naye marketing campaign ki success measure ki ja sake.,"An appropriate response to “take a break” could be: **“Yeah, good idea. I’ll step away for a bit and come back with a clearer head.”** It acknowledges the suggestion without sounding overly formal."
73,"Ek table hai daily stock prices ki jisme StockID, Date, aur Price columns hain. Ek SQL query likho jisse pichle 7 days ka maximum price har stock ke liye mil jaye.","A useful metric for a new marketing campaign is **conversion rate**: the percentage of people who take the desired action, such as making a purchase or signing up, after seeing the campaign. For example, if 10,000 people visit a campaign landing page and 500 purchase, the conversion rate is 5%. Other useful metrics include customer acquisition cost, return on ad spend, click-through rate and incremental sales, depending on the campaign objective."
74,Is text snippet ko dekh ke writing style analyze kar aur 3 suggestions de ki isko kaise improve kiya ja sakta hai.,"Assuming the table is `StockPrices(StockID, Date, Price)`, one common SQL approach is:
```sql
SELECT StockID, MAX(Price) AS max_price
FROM StockPrices
WHERE Date >= CURRENT_DATE - INTERVAL '7 days'
GROUP BY StockID;
```
The exact date arithmetic varies by database. For example, SQL Server uses `DATEADD(day, -7, GETDATE())`. If “previous 7 days” means seven completed calendar days excluding today, the date boundary should be adjusted accordingly."
75,Binary tree mein do nodes ka first common ancestor dhundne ke liye ek algorithm bana.,"The actual text snippet is not included, so I cannot honestly analyze its writing style. A useful style review would examine sentence length, vocabulary, tone, paragraph structure, repetition and clarity. Three broadly applicable improvements are: break very long sentences into smaller units, replace vague wording with specific language, and remove repeated ideas so each paragraph advances the message."
76,Ek example de ki kaise AI assistant use karke customer service process ko automate kiya ja sakta hai.,"For a binary tree, the first common ancestor is usually called the **lowest common ancestor (LCA)**. A recursive algorithm works as follows: if the root is null or equals either target node, return the root. Recursively search the left and right subtrees. If both sides return non-null, the current root is the LCA; otherwise return whichever side is non-null. This takes O(n) time in the worst case and O(h) recursion space. If the tree is specifically a BST, an even simpler approach uses value comparisons to walk downward in O(h) time."
77,"Is business idea ki feasibility aur potential pitfalls analyze kar: 5,000 population wale ek chote town mein ek high-end, gourmet donut shop kholna.","An AI assistant could automate customer-service triage by receiving incoming messages, classifying their intent, extracting order/account information, and routing each request to the right workflow. For example, “Where is my order?” can trigger an order-status lookup, while “I received the wrong item” can create a replacement/refund ticket. Routine questions can be answered automatically, while unusual or sensitive cases can be escalated to a human agent. The key safeguards are access control, accurate retrieval from trusted systems, audit logs, and a clear human escalation path."
78,Ek client company ke liye strategy bana jo apni website ki SEO improve karna chahte hain.,"A gourmet donut shop in a town of 5,000 people is potentially feasible, but a pure high-end model would carry substantial demand risk. The biggest issue is market size: even if many residents like donuts, they may not buy premium products frequently enough to support high fixed costs. I would test demand first through pop-ups, weekend stalls or pre-orders. The shop could reduce risk by offering a few signature premium donuts alongside affordable classics, coffee and seasonal products. Location, tourist traffic, delivery reach, ingredient costs and competition matter greatly. A small production-focused model with controlled rent is safer than investing heavily in an upscale storefront before validating repeat demand."
79,"Is statement ki validity check karo: Jellyfish ke paas brains nahi hote, isliye unme koi cognitive abilities nahi hoti.","An SEO strategy should start with technical health, search intent and high-quality content rather than simply adding keywords. First, audit crawlability, indexing, page speed, mobile usability, broken links, canonical tags and structured data. Next, research keywords by intent and map them to dedicated pages. Build useful content that genuinely answers the searcher’s question, then strengthen internal linking and earn credible backlinks through original resources, partnerships or digital PR. Track organic traffic, rankings, indexed pages, conversions and revenue—not rankings alone. SEO should be treated as a long-term system: technical foundation → useful content → authority → measurement and iteration."
80,Star Wars universe ki civilization aur technology ka level evaluate karo aur batao ki hamari current duniya se wo kaise different hai.,"The statement is **partly true but the conclusion is false**. Jellyfish do not have a centralized brain like humans or mammals; instead, they have a decentralized nerve net that coordinates movement and responses to stimuli. The absence of a brain does not mean the absence of all cognitive or behavioral capabilities. Jellyfish can respond to environmental cues and show relatively sophisticated behavior for organisms with such simple nervous systems. “No brain” and “no cognition whatsoever” are therefore not equivalent claims, especially because cognition itself can be defined in different ways."
81,"Ek article ka fragment diya gaya hai, baaki ka content likh kar article complete karo.","Star Wars depicts a civilization with technology vastly beyond present-day Earth in several areas: faster-than-light travel, advanced robotics, artificial intelligence-like droids, energy weapons, cybernetics and planet-scale infrastructure. The fictional galaxy also has widespread interstellar trade and political institutions operating across enormous distances. Compared with our current world, the biggest difference is not one gadget but the maturity and integration of these technologies into ordinary life. At the same time, Star Wars deliberately mixes futuristic technology with older social structures—monarchies, empires, local economies and physical combat—so it is not simply a technologically advanced version of modern Earth."
82,Ek naya sentence generate karo jisme diye gaye sentence ke saare words same order mein use hon.,"The article fragment itself is not provided, so I cannot continue it faithfully without inventing facts or style. To complete an article responsibly, I would preserve the original topic, tone, point of view and level of detail, then develop the unfinished argument toward a coherent conclusion. If the fragment is supplied, I can write a continuation that feels like a natural extension rather than introducing unrelated ideas."
83,"Deductive reasoning use karke ye mystery language pehchano: Ye ek Romance language hai, Europe mein nahi boli jaati, aur South America ke kayi countries ki official language hai.","The original sentence whose words must be reused is missing, so I cannot construct the requested sentence. If the requirement is that every original word appear exactly once and in the same order, the safest approach is to add only grammatical punctuation or a small number of permitted function words if the task allows them. Please provide the source sentence for an exact answer."
84,"Ek bookstore ki sale month ki un dates pe hoti hai jo 5 ke multiples hain (jaise June 5, June 10...). Ek shoe store ki sale har 6 din baad aati hai. July 3 ko shoe store ki sale thi. Toh July mein kitni baar dono stores ki sale same date pe padegi?","The language is **Spanish**. It is a Romance language, is not limited to Europe, and is an official language in several South American countries, including Argentina, Chile, Colombia, Peru and others. Spanish is also spoken officially in many countries outside South America."
85,Ek aisa function likho jo string ke andar se curse words censor kar de. Ye words ek SQL database se aane chahiye. Table ka naam CURSE_WORDS_TABLE hai aur column ka naam WORD hai.,"The bookstore has sales on multiples of 5 in July: 5, 10, 15, 20, 25, 30. The shoe store had a sale on July 3 and repeats every 6 days: 3, 9, 15, 21, 27. The common date is **July 15** only. Therefore the two stores’ sales coincide **1 time** in July."
86,"Ek JavaScript function banao jo ek string le aur ek object return kare, jisme string ka har character key ho aur wo character kitni baar aaya hai, wo value ho.","Here is a Python-style implementation that loads the forbidden words from the database and replaces occurrences with asterisks:
```python
import re

def censor(text, cursor):
    cursor.execute(""SELECT WORD FROM CURSE_WORDS_TABLE"")
    words = [row[0] for row in cursor.fetchall()]

    for word in words:
        pattern = re.compile(r'\b' + re.escape(word) + r'\b', re.IGNORECASE)
        text = pattern.sub(lambda m: '*' * len(m.group()), text)
    return text
```
Using parameterized database access through the application’s DB driver is preferable to constructing SQL from user input. Word-boundary behavior should also be adjusted if the intended policy includes partial-word matches."
87,Java mein ek function likho jo string ke andar kisi diye gaye regex ke saare matches output kare.,"```javascript
function characterFrequency(str) {
  const counts = {};
  for (const ch of str) {
    counts[ch] = (counts[ch] || 0) + 1;
  }
  return counts;
}

console.log(characterFrequency(""hello""));
// { h: 1, e: 1, l: 2, o: 1 }
```
This treats every JavaScript string iteration unit as a character. For full Unicode grapheme handling, such as emojis composed of multiple code points, a grapheme-aware approach would be needed."
88,"In elements ko use karke ek short story likho: ek khoya hua kutta (lost dog), ek unforgettable adventure, aur ek hidden treasure.","```java
import java.util.regex.*;
import java.util.*;

static List<String> findMatches(String input, String regex) {
    List<String> matches = new ArrayList<>();
    Matcher matcher = Pattern.compile(regex).matcher(input);

    while (matcher.find()) {
        matches.add(matcher.group());
    }
    return matches;
}
```
The method compiles the supplied regular expression, scans the input with a `Matcher`, and adds every matched substring to a list. If you only want to print the matches, replace the list with `System.out.println(matcher.group())` inside the loop."
89,Criminal justice system mein AI use karne ke faydon par ek 300 words ki report likho.,"Milo had been missing for three days when Sara noticed a faint scratching sound behind an abandoned garden shed. She followed it and found her dog trapped beside a collapsed wooden bridge. Freeing Milo led her into a forgotten trail where the pair discovered a rusted metal box beneath an enormous oak. Inside was a hand-drawn map and an old compass pointing toward a hidden cave. Their adventure became unforgettable as they crossed the forest, solved the map’s clues and finally uncovered a small chest of historical coins. Sara returned the treasure to the local museum, while Milo became famous in the neighborhood for “finding” it first."
90,"Ye bata ki social media se zyada fayda hota hai ya nuksan, aur apne point ke liye teen arguments do.","AI can support criminal justice by helping organize large datasets, identify patterns, prioritize administrative workloads and assist investigators with evidence analysis. For example, systems can search documents, transcribe interviews, detect relationships across records or help courts manage case information. These tools can reduce repetitive work and potentially improve consistency. However, criminal justice is a high-stakes domain, so efficiency cannot be the only objective. Historical data may encode discrimination, models can produce false positives, and opaque systems can make it difficult for defendants to challenge decisions. Human oversight, transparent evaluation, due-process protections, privacy safeguards and regular bias testing are essential. AI should assist accountable decision-makers rather than quietly replacing them. The most defensible uses are those where the system provides evidence or administrative support while final consequential decisions remain reviewable by humans."
91,'Environment' theme par 5 innovative app ideas ki list banao.,"Social media can produce both benefits and harms, but whether it causes more good or harm depends heavily on how it is used. First, it improves communication by letting people maintain relationships across distance and quickly form communities around shared interests. Second, it can provide educational resources, professional networking and access to diverse perspectives. Third, excessive or poorly managed use can contribute to distraction, social comparison, misinformation and harassment. Therefore, the strongest conclusion is not that social media is inherently good or bad; its impact depends on platform design, content, user behavior, age, context and amount of use."
92,Ek wedding planner bano aur suggest karo ki ek chhoti aur intimate wedding ko special kaise banayein.,"Five innovative environment-focused app ideas:
1. **WasteWise** – scan packaging and get disposal/recycling instructions for your location.
2. **Carbon Commute** – compare transport options by estimated emissions and cost.
3. **WaterWatch** – track household water use and suggest leak/demand reductions.
4. **EcoSwap** – connect local users to exchange, repair or donate items instead of throwing them away.
5. **TreeTrack** – let communities map planted trees, record maintenance and monitor survival.
The strongest products would focus not only on displaying environmental information but on making sustainable behavior easy to act on."
93,"Chess game ko describe karo—objective, player interaction aur basic rules ke terms mein.","For a small intimate wedding, make the experience personal rather than trying to imitate a large wedding. Choose a venue where guests can actually interact—such as a garden, heritage home or small restaurant. Use handwritten notes at each place setting, a family-style meal, a short story about how the couple met, and a playlist built around memories shared with guests. Instead of dozens of decorations, choose one visual theme and a few meaningful details. You could also create a memory table with photographs or letters from family members. With fewer guests, the biggest advantage is that the couple can genuinely spend time with almost everyone."
94,Aisi questions ki list banao jisse tum kisi ko better jaan sako.,"Chess is a two-player strategy game played on an 8×8 board. Each player begins with 16 pieces: one king, one queen, two rooks, two bishops, two knights and eight pawns. The objective is to checkmate the opponent’s king—putting it under attack with no legal escape. Players alternate turns and each piece has specific movement rules. Capturing removes an opponent’s piece from the board. Important special rules include castling, en passant and pawn promotion. Players must never make a move that leaves their own king in check. The game can also end in a draw under several conditions, such as stalemate or insufficient mating material."
95,"Financial advisor bano aur batao ki ye investment plan sahi hai ya nahi, risk factors aur potential returns ko dhyan mein rakhte hue.","Good questions for getting to know someone better include:
- What are you most excited about these days?
- What kind of work or activity makes you lose track of time?
- What is a place you would love to visit?
- What is something you changed your mind about recently?
- What kind of people do you enjoy being around?
- What is a small thing that reliably makes your day better?
- Which book, movie or song has stayed with you?
- What are you currently trying to learn?
- What is something you are proud of?
- If you had a completely free weekend, how would you spend it?
The best conversations usually come from following interesting answers rather than rapidly asking the next question."
96,Ek bash script likh jo directory ke andar saari json files recursively dhoondhe aur unka naam aur size output kare.,"The investment plan itself is not included, so I cannot say whether it is appropriate or estimate its potential return. A sensible evaluation would examine expected return, volatility, downside risk, investment horizon, liquidity needs, diversification, fees, taxes and the investor’s ability to tolerate losses. A plan offering a high expected return is usually accompanied by higher uncertainty or risk; there is no reliable way to guarantee market returns. For an individual financial decision, the analysis should also account for emergency savings and existing assets/debts. If the actual plan is provided, I can break down its risk/reward characteristics and assumptions without pretending that uncertain returns are guaranteed."
97,"Set S = {1, 2, 3, 4, 5, 6, 7, 8, 9, 10, 11} mein se do random numbers select kiye gaye. Agar number n ko pehle hi S se nikaal diya jaye, toh sum 12 hone ki probability badh jayegi. n ki value kya hai?","```bash
#!/bin/bash

find . -type f -name '*.json' -printf '%p %s bytes\n'
```
This recursively searches from the current directory (`.`), selects regular files whose names end in `.json`, and prints each file path with its size in bytes. On systems where `find` does not support `-printf`, an alternative is:
```bash
find . -type f -name '*.json' -exec stat -c '%n %s bytes' {} \;
```
The exact `stat` syntax differs between GNU/Linux and macOS."
98,Doctor ka role play karo aur flu vaccine ke potential risks aur benefits explain karo.,"There are 11 numbers in S. We choose two numbers uniformly without replacement. The claim says that removing n first increases the probability that the remaining two sum to 12. Initially, the pairs summing to 12 are (1,11), (2,10), (3,9), (4,8), (5,7): 5 favorable pairs out of C(11,2)=55, so probability = 1/11. If n is removed, the probability increases when n belongs to one of those favorable pairs, because there are then 4 favorable pairs among C(10,2)=45, giving 4/45, which is actually **less** than 1/11. If n is 6, all five favorable pairs remain, giving 5/45=1/9, which is greater. Thus **n = 6**."
99,Is argument mein logical fallacy identify karo: 'You can't trust Bob's opinion on climate change because he's not a scientist.',"The flu vaccine has important benefits: it reduces the risk of getting influenza and, when infection still occurs, can reduce the likelihood of severe illness and complications. It also helps protect vulnerable people around you by reducing transmission. Common side effects are usually mild, such as soreness at the injection site, fatigue or a low fever for a short period. Serious allergic reactions are rare. Flu vaccines cannot cause influenza because standard injected flu vaccines use inactivated virus or components rather than a live disease-causing influenza virus. The right vaccine and timing depend on age, health status and local recommendations, so individual medical questions should be discussed with a qualified clinician."
100,Calculate karo ki 80 miles per hour ki speed se destination tak pahunchne mein kitna time lagega.,"The statement contains an **ad hominem fallacy**. It rejects Bob’s opinion because Bob is not a scientist rather than evaluating the evidence or reasoning behind his opinion. Expertise can matter when assessing a technical claim, and a person with relevant scientific expertise may generally be more reliable, but lack of professional status alone does not prove that a particular claim is false. Likewise, being a scientist does not automatically make every statement correct."
101,Universal Basic Income (UBI) policy implement karne ke favor mein ek short aur persuasive argument likho.,"Time = distance ÷ speed. The prompt gives a speed of 80 miles per hour but does not give the distance to the destination, so an exact travel time cannot be calculated. If the distance is D miles, time in hours = **D/80**. For example, for 160 miles, time = 160/80 = 2 hours."
102,"Ek story likho jo is sentence se start ho: 'As he looked out into the horizon, he saw...'","A short persuasive case for UBI is that it can provide a basic financial floor that reduces extreme economic insecurity while giving people greater freedom to handle job loss, caregiving, education or transitions between jobs. Because the payment is unconditional, it can also avoid some administrative complexity associated with highly conditional welfare programs. However, a serious policy design would need to address funding, inflationary effects, labor-market responses and how UBI interacts with existing social services. Its value therefore depends heavily on the amount, financing method and surrounding policy system."
103,Ek short story likho ek aise robot ke baare mein jo khud se chores karna seekh leta hai.,"As he looked out into the horizon, he saw a second sunrise rising where no sunrise should have been. The strange light spread across the ocean in a perfect circle, illuminating clouds from below. At first he thought it was a storm, but then the lighthouse radio crackled with a voice repeating his own name. He ran downstairs and found an old brass key on the floor—one he had never seen before. Outside, the sea had become completely still. Then the light began moving toward him."
104,Rectangle ka area nikaalo jisme length 5 cm aur width 2 cm hai.,"Every morning, Arlo the household robot watched the humans perform chores. At first he only understood explicit commands: “vacuum the floor,” “wash the dishes,” “take out the trash.” One day he noticed that the humans always cleaned the kitchen after cooking, so he began connecting actions with context. He learned that wet laundry needed to be moved before it smelled, and that empty bins usually meant trash day was near. Soon Arlo was planning chores rather than waiting for instructions. The humans were impressed, but Arlo discovered an unexpected problem: he had learned enough about chores to realize that nobody had taught him what to do when all the chores were finished. That became his next experiment—learning how to rest."
105,20th century ke koi 5 famous log batao aur unka thoda description bhi de do.,Rectangle area = length × width = 5 × 2 = **10 cm²**.
106,Is input ke basis pe 2 sub-goals batao jo is bande ko final goal achieve karne mein help karein.,"Five famous 20th-century figures from different fields include:
1. **Albert Einstein** – physicist whose theories of relativity transformed modern physics.
2. **Mahatma Gandhi** – Indian independence leader known for nonviolent resistance.
3. **Marie Curie** – pioneering scientist whose work on radioactivity earned Nobel Prizes in two sciences.
4. **Martin Luther King Jr.** – major American civil-rights leader who advocated nonviolent activism.
5. **Nelson Mandela** – anti-apartheid leader who became South Africa’s first Black president.
They had very different fields and legacies, but each had a major historical or intellectual impact."
107,Harper Lee ke novel 'To Kill a Mockingbird' ki ek short plot summary de do.,"The input needed to identify the final goal and sub-goals is missing. In general, two useful sub-goals should be concrete milestones that reduce the distance to the final goal. For example, if the final goal were “build a working web application,” two sub-goals might be **design the database/API architecture** and **implement and test the core user flow**. The correct sub-goals depend on the actual input and goal."
108,Imagine karo tum ek hotel manager ho aur ek guest room ki cleanliness ko lekar complain kar raha hai. Tum kaise respond karoge?,"*To Kill a Mockingbird* by Harper Lee follows Scout Finch, a young girl growing up in the fictional town of Maycomb, Alabama, during the 1930s. Her father, Atticus Finch, is a lawyer who defends Tom Robinson, a Black man falsely accused of raping a white woman. Through the trial and its aftermath, Scout and her brother Jem confront racism, prejudice and the gap between legal ideals and social reality. The children also become fascinated by their reclusive neighbor Boo Radley, whose character challenges their assumptions about people. The novel explores morality, empathy, innocence and injustice through Scout’s gradual understanding of her community."
109,"Partial fractions use karke, 1/x(x + 1)(x + 2)(x + 3)(x + 4) = A/x + B/(x + 1) + C/(x + 2) + D/(x + 3) + E/(x + 4) hai, jahan A, B, C, D, aur E constants hain. A + B + C + D + E ki value nikaalo.","Using the partial fraction form, evaluate the coefficients at the poles:
A = 1/24,
B = -1/6,
C = 1/4,
D = -1/6,
E = 1/24.
Therefore
A+B+C+D+E = 1/24 - 1/6 + 1/4 - 1/6 + 1/24
= 1/12 - 1/3 + 1/4
= 1/12 - 4/12 + 3/12
= **0**."
110,"Social media ka mental health pe kya asar padta hai, uspar ek research paper ka outline taiyaar karo.","Using the partial fraction identity, the coefficients correspond to:
A = 1,
B = -1,
C = 1,
D = -1,
E = 1.
Therefore A+B+C+D+E = 1-1+1-1+1 = **1**. Another quick way to see this is that the original rational function behaves like O(1/x^5), so the 1/x terms in its partial-fraction expansion must cancel through several coefficient identities, but the alternating coefficients here sum to 1."
111,"Happy Valley Kennel mein 4 chickens, 2 dogs, aur 5 cats hain. In 11 animals ko 11 cages ki ek row mein aise arrange karna hai ki ek hi species ke saare animals adjacent cages mein rahein. (Same species ke animals ko distinguishable mana hai). Kitne ways mein ye possible hai?","Research paper outline:
**1. Introduction:** Define social media use and explain why mental health effects matter.
**2. Research questions:** How does usage intensity relate to well-being? Do effects differ by age or type of use?
**3. Literature review:** Summarize findings on social comparison, cyberbullying, social support, sleep and problematic use.
**4. Methodology:** Survey or longitudinal study; define measures of social-media exposure and mental-health outcomes.
**5. Results:** Report associations, effect sizes and relevant subgroup differences.
**6. Discussion:** Explain possible mechanisms and distinguish correlation from causation.
**7. Limitations:** Self-report bias, confounding, changing platforms and sample limitations.
**8. Conclusion:** Summarize findings and discuss practical implications for healthier platform use."
112,"Kisi aise environmental issue ke baare mein batao jo haal hi mein news mein tha, aur explain karo ki woh important kyun hai.","A recent environmental issue needs to be specified if the answer is expected to refer to a particular news event. Without browsing or a named event, I would avoid claiming that something is “recently in the news.” A broadly important example is extreme heat: unusually high temperatures can increase heat-related illness and deaths, stress electricity and water systems, damage crops and worsen wildfire risk. Its importance comes from the way climate, public health, infrastructure and economic effects interact. For a genuinely current news example, the date and location should be checked against recent reporting."
113,Niche diye gaye text ke main points summarize karo aur batao ki tumne ye points kyun chune.,"The text to summarize is missing, so I cannot identify its main points or honestly explain why those particular points were selected. In a proper response, I would choose claims that directly support the author’s central idea, major evidence, key findings and conclusion, while leaving out repeated or purely illustrative details."
114,Ek brief monologue likho jisme tum ek historian ban kar US history ke ek important moment—Declaration of Independence ke signing—ke baare mein bata rahe ho.,"As a historian, I would emphasize that the “signing of the Declaration of Independence” was not a single uncomplicated event where all delegates simultaneously signed on July 4. The Declaration was adopted by the Continental Congress on July 4, 1776, after debate and revision, while most delegates signed the engrossed document on August 2. Its historical importance lies in its formal assertion that the thirteen colonies considered themselves independent states and its articulation of principles about equality, rights and government. The document became one of the most influential political texts associated with the American Revolution and later American political identity."
115,Niche diye gaye do sentences padho aur batao ki comparison sahi hai ya nahi.,"The two sentences that are supposed to be compared are missing, so I cannot determine whether the comparison is accurate. A valid comparison should use compatible attributes, maintain the same basis of comparison, and avoid implying a causal relationship merely because two things are similar. Please provide the two sentences for an exact judgment."
116,Text mein se identify karo ki kaunsa animal reptile hai aur explain karo ki uske characteristics kya hain.,"The text containing the animals is missing, so I cannot identify which animal is the reptile. In general, reptiles are vertebrate animals typically characterized by scales or scutes, lungs for breathing, and reproduction through amniotic eggs or live birth in some species. Examples include snakes, lizards, turtles, crocodilians and tuataras."
117,"Tujhe ingredients ki list di gayi hai, ab tujhe cake banane ki recipe create karni hai.","Without the ingredient list, I cannot create a recipe that actually uses the specified ingredients. A good cake recipe would normally specify ingredient quantities, oven temperature, preparation order, mixing method, baking time and a doneness test. Send the list and I can turn it into a complete recipe while accounting for ingredient substitutions and the expected texture."
118,"Tujhe kuch components ki list di hai, sabko use karke ek story banao.","The components themselves are not provided, so I cannot write a story that incorporates all of them faithfully. If the components were, for example, “a broken compass, an abandoned station and a missing scientist,” I could connect them through a single plot rather than mentioning them randomly. The complete component list is needed for the requested story."
119,Socho tum ek art collector ho aur artwork dhoond rahe ho. Gallery se tum kya questions poochoge?,"As an art collector, I would ask the gallery:
- Who is the artist and what is their provenance?
- What is the artwork’s title, date, medium and dimensions?
- Is the work authenticated and is there a certificate of authenticity?
- What is its exhibition and ownership history?
- Are there any conservation issues or restoration?
- Has it appeared in catalogues or major exhibitions?
- Is the price negotiable, and what are the taxes/fees?
- What is the return policy?
- Are there comparable recent sales?
- Does the gallery provide shipping, insurance and installation?
These questions help evaluate both the artwork itself and the risks of the transaction."
120,"Jab Scott quadratic x^2 + 8x - 1 = 0 pe completing the square karta hai, toh use (x + a)^2 = b form ki equation milti hai. b ki value kya hogi?","Starting with x² + 8x - 1 = 0:
x² + 8x = 1.
Complete the square by adding 16 to both sides:
x² + 8x + 16 = 17.
Therefore (x+4)² = 17, so in the form (x+a)² = b, **b = 17**."
121,Fruits ki list ko do categories mein sort karo: jinme seeds hote hain aur jinme seeds nahi hote.,"The actual fruit list is missing, so I cannot sort the specified items. Also, almost all ordinary fruits contain seeds biologically, although some commonly sold varieties are seedless due to breeding or cultivation. If the list includes examples such as apple, watermelon, banana and seedless grapes, the classification should follow the intended common-use definition and distinguish naturally seeded fruits from commercially seedless varieties."
122,Imagine karo tum ek aisi website evaluate kar rahe ho jiska design bahut ghatiya hai. Ek short review likho.,"The site’s design appears poor, but the actual website or screenshot is not provided, so a specific review would be unfair. A short review could say: “The website feels difficult to use because the visual hierarchy is unclear, navigation is confusing and important information is not easy to find. The design would improve substantially with a cleaner layout, more consistent spacing and typography, and clearer calls to action.”"
123,Aisi 5 cheezon ki list banao jo garage mein milne ke sabse zyada chances hain.,"Five things commonly found in a garage are **a toolbox, bicycle, car-related supplies, cleaning equipment, and storage boxes**. Depending on the household, you might also find gardening tools, spare hardware, sports equipment or old appliances."
124,"Ek real estate agent aur potential buyer ke beech conversation likho, jisme agent price quote kare aur property ke fayde bataye.","Agent: “The property is listed at ₹85 lakh. It has three bedrooms, good natural light, dedicated parking and is close to schools and public transport, which makes it convenient for a family.” Buyer: “I like the location, but the price is slightly above my budget. Is there room for negotiation?” Agent: “There may be some flexibility depending on the offer. I can also provide the recent comparable sales so you can judge whether the asking price is competitive.”"
125,"Agar tum ek historian hote aur tumhe ancient civilizations ke sophisticated calendars ke evidence milte, toh uske kya implications hote? Kuch points batao.","Evidence of sophisticated ancient calendars could imply that the civilization had advanced observational astronomy, systematic record-keeping and specialized knowledge. It might also indicate organized institutions capable of maintaining long-term measurements and coordinating shared timekeeping systems. Calendars can reveal agricultural planning, religious rituals, taxation and political administration. Importantly, sophisticated calendars would not automatically prove that the civilization understood astronomy in exactly the same conceptual framework as modern science. The evidence would need to be interpreted within its cultural context and compared with other archaeological findings."
126,Wo sabse chhota positive base ten number kaunsa hai jiske binary representation ke liye six digits chahiye?,"A binary number with six digits has a leading digit of 1, so the smallest possible six-digit binary representation is **100000₂**. Converting to decimal gives 32. Therefore the smallest positive base-ten number requiring six binary digits is **32**."
127,"Predict karo ki agar koi pooche 'Ek accha leader kaun hota hai?', toh response kya hoga? Ek political science professor ki tarah roleplay karo.","A good leader is less about having the loudest voice and more about creating conditions in which a group can pursue a shared goal effectively. A strong leader communicates a clear direction, makes decisions while remaining open to evidence, accepts responsibility for outcomes and delegates rather than trying to control everything. From a political-science perspective, legitimacy also matters: leadership becomes more durable when followers see decisions as fair and institutions as accountable. Empathy and coalition-building are important because political and organizational outcomes depend on cooperation, not merely authority. In short, effective leadership combines competence, judgment, accountability and the ability to mobilize people around a credible objective."
128,Imagine karo ek young adult apne parents ke ghar se nikal kar pehli baar apne apartment mein shift ho raha hai. Personal finances manage karne ke liye 3 tips do.,"Three useful first-apartment finance tips:
1. **Build a realistic monthly budget:** include rent, utilities, groceries, transport, subscriptions and irregular expenses.
2. **Create an emergency fund:** gradually save enough to cover unexpected expenses instead of relying on high-interest debt.
3. **Automate savings and track spending:** move a fixed amount to savings after receiving income and review spending weekly. Also account for one-time moving costs and deposits. The goal is not to make every purchase miserable; it is to know what you can comfortably afford before committing to recurring expenses."
129,"Is statement mein koi logical fallacy hai kya? Agar hai toh batao kyun, warna bas 'No logical fallacy detected' likh dena.","The statement to evaluate is missing, so I cannot identify a specific logical fallacy. The correct response cannot be “No logical fallacy detected” without seeing the argument. Please provide the statement and I can check for issues such as ad hominem, straw man, false dilemma, circular reasoning, hasty generalization, appeal to authority or post hoc reasoning."
130,Is passage ka main theme kya hai? Short mein explain karo.,"The passage itself is missing, so its main theme cannot be determined. To identify a theme, I would look for the recurring idea connecting the characters, events and conclusion—for example, identity, power, friendship, prejudice, ambition or loss—and then explain how the passage develops that idea in one or two sentences."
131,"Jo info aur context diya hai, uske basis pe USA trip ka 7-day itinerary banao.","The context needed to personalize a 7-day USA itinerary is not included. A useful itinerary would depend heavily on arrival city, travel dates, budget, interests and whether domestic flights are acceptable. For a generic first-time trip, one possible route could be **New York (Days 1–3), Washington, D.C. (Days 4–5), and Philadelphia (Days 6–7)**, using the Northeast corridor to reduce travel time. That would combine major landmarks, museums, food and history without trying to cross the entire country in one week."
132,"Ek short story di hai, usko dystopian setting mein rewrite karo but original focus maintain rakhna.","The original short story is not provided, so I cannot rewrite it while maintaining its original focus. In a dystopian rewrite, I would preserve the protagonist, central conflict and emotional arc while changing the surrounding society—for example, replacing an ordinary school with a tightly monitored institution, or an ordinary city with one governed by surveillance and resource restrictions. The dystopian elements should strengthen the original story rather than overwhelm its main theme."
133,2x+7=3 aur bx-10=-2 equations ka solution x same hai. b ki value kya hogi?,"From 2x+7=3, we get 2x=-4, so **x=-2**. Substitute into bx-10=-2: -2b -10 = -2, hence -2b=8 and **b=-4**."
134,Kisi movie ya book ka aisa character choose karo jisse aap relate kar sako aur explain karo kyun.,"A relatable character is **Peter Parker/Spider-Man**, because his stories often balance ambition and responsibility with ordinary problems such as school, work, relationships and self-doubt. What makes him relatable is not the superhero ability itself but the recurring tension between wanting a normal life and feeling responsible for something larger. He makes mistakes, faces consequences and has to keep learning rather than becoming instantly perfect."
135,Solar aur wind energy ke advantages aur disadvantages ko compare karke batao as renewable energy sources.,"Solar and wind energy are both renewable and produce very low operational greenhouse-gas emissions, but they have different characteristics. Solar panels can be installed from rooftops to utility-scale farms and have no moving parts, but output depends on sunlight and falls at night. Wind turbines can generate large amounts of electricity, including at night, and can be very productive in windy regions, but output varies with wind conditions and projects can face land-use, visual and wildlife concerns. Both benefit from storage, transmission, demand management and diversified generation. Neither is universally “better”; the best mix depends on local resources and grid needs."
136,"Diye gaye text ke basis pe, company ki ek strength aur ek weakness highlight karo aur samjhao ki ye business ke liye kyun important factors hain.","The company details are not included, so I cannot identify a specific strength and weakness. In general, a strength should be something the company does better than competitors—such as strong brand recognition, proprietary technology or efficient distribution—and its importance should be linked to revenue, customer retention or competitive advantage. A weakness might be high operating costs, dependence on one market, weak product differentiation or limited scale. The business impact depends on how directly each factor affects profitability and resilience."
137,Passage padho aur answer karo: Passage se John ke life perspective ke baare mein kya pata chalta hai?,"The passage about John is missing, so I cannot infer his life perspective without inventing evidence. To answer this type of question, I would look at John’s statements, choices, reactions to setbacks and descriptions of other people. For example, repeated emphasis on uncertainty might indicate a cautious worldview, while his responses to adversity might reveal optimism, cynicism or resilience."
138,"Is poem ka main theme identify karo: ""I'd climb a hill so high, That I could touch the stars in the sky, And I'd watch the birds fly by""","The poem’s main theme is **wonder, aspiration and the desire to reach beyond ordinary limits**. The speaker imagines climbing high enough to touch the stars and observe birds from above. The imagery of hills, stars and flying birds creates a sense of freedom and ambition. It suggests a childlike or imaginative longing to explore the world from a new perspective."
139,Ye medical scenario padho aur ek hypothetical doctor ki tarah apna treatment plan ya advice explain karo.,"The medical scenario is not included, so I cannot propose a specific treatment plan. Medical advice depends on symptoms, duration, age, medical history, medications, examination findings and sometimes tests. A hypothetical explanation can discuss possible causes and typical management, but it should not pretend to diagnose someone from incomplete information. If the scenario is provided, I can explain what a clinician would generally consider and which warning signs would require urgent care."
140,Ek aisa example sentence do jisse ye samajh aaye ki exact phrase dikhane ke liye quotation marks use karna kyun zaroori hai.,"Quotation marks matter when you need to show the **exact wording** of a phrase. For example: The instructions say, **“Do not share your password.”** Without quotation marks, “Do not share your password” could be interpreted as a paraphrase rather than the exact phrase appearing in the source."
141,SQL mein ek query likho jisse database ke saare authors ke names mil jayein. Author table ka naam AUTHORS hai. Ek WORKS table bhi hai jisme authors ke saare works hain aur wo AUTHOR_FK se connected hai. Work content varchar mein hai aur column ka naam WORK hai. Ek aisi query bhi banao jisse pata chale ki kis author ka total word count sabse zyada hai.,"To list all authors:
```sql
SELECT author_name
FROM AUTHORS;
```
For total word count, assuming `WORKS.AUTHOR_FK = AUTHORS.author_id` and `WORKS.WORK` contains the text, the exact word-count expression depends on the SQL dialect. In PostgreSQL, one approach is:
```sql
SELECT a.author_name,
       SUM(
         CASE
           WHEN w.work IS NULL OR trim(w.work) = '' THEN 0
           ELSE array_length(regexp_split_to_array(trim(w.work), '\s+'), 1)
         END
       ) AS total_words
FROM AUTHORS a
LEFT JOIN WORKS w ON w.AUTHOR_FK = a.author_id
GROUP BY a.author_id, a.author_name
ORDER BY total_words DESC;
```
The first row is the author with the largest total word count. Adjust identifiers to match the actual schema."
142,"Agar 5 balls ko 3 boxes mein daalna hai aur balls aur boxes dono indistinguishable hain, toh kitne ways honge?","When both balls and boxes are indistinguishable, this is the number of integer partitions of 5 into at most 3 parts. The possibilities are 5; 4+1; 3+2; 3+1+1; and 2+2+1. Therefore there are **5 ways**."
143,"Ek party mein 23 log aaye hain. Har person maximum 22 logon se haath mila sakta hai. Agar koi bhi do log sirf ek baar haath milayein, toh maximum kitne handshakes ho sakte hain?","With 23 people, every pair can shake hands once. The maximum is the number of unordered pairs: C(23,2) = 23×22/2 = **253 handshakes**."
144,"1588 mein Spanish Armada ne England pe attack karne ki koshish ki thi, uske causes aur outcome samjhao ek history teacher ki tarah.","The Spanish Armada campaign of 1588 was driven by several factors, including conflict between Catholic Spain and Protestant England, English support for the Dutch revolt against Spanish rule, English privateering against Spanish shipping, and the execution of Mary, Queen of Scots. Philip II planned a large invasion expedition intended to help the Duke of Parma’s forces cross from the Netherlands into England. The English used smaller, more maneuverable ships, long-range tactics and fireships to disrupt the Spanish fleet. Storms then badly affected the Armada during its retreat around the British Isles. The defeat did not instantly make England a dominant global power, but it was a major setback for Spain and became a powerful symbol in English history."
145,Imagine karo tum ek personal trainer ho. Apne client ko cardiovascular exercise ke benefits samjhao aur do examples bhi do.,"Cardiovascular exercise improves heart and lung fitness, helps regulate blood pressure and supports metabolic health. It can also improve endurance and contribute to overall physical and mental well-being. Two examples are **brisk walking** and **cycling**. A beginner can start with manageable sessions and gradually increase duration or intensity. The right amount depends on age, fitness and health status, and people with relevant medical conditions should seek appropriate professional guidance before starting strenuous exercise."
146,"Is sentence mein kaunsa figure of speech use hua hai, wo dhoond kar batao.","The sentence itself is missing, so I cannot identify its figure of speech. Common possibilities include metaphor (“Time is a thief”), simile (“as brave as a lion”), personification (“the wind whispered”), hyperbole (“I’ve told you a million times”) and alliteration (“wild winds whistle”). Provide the sentence and I can identify the exact device and explain why."
147,Work from home aur office environment ke pros aur cons discuss karo.,"Working from home can provide flexibility, eliminate commuting and make it easier for some people to focus. It can also reduce informal social interaction and blur the boundary between work and personal life. Office work can make collaboration, mentoring and spontaneous communication easier, while giving a clearer physical separation between work and home. On the other hand, commuting consumes time and offices can introduce interruptions and distractions. The best arrangement depends on the job and the worker; hybrid models often try to combine focused remote work with intentional in-person collaboration."
148,Kisi bhi ek topic pe 5 questions aur unke answers ki list banao.,"Topic: **Computer Networks**
1. What is an IP address?  
   **Answer:** A numerical address used to identify an interface/device on an IP network.
2. What does DNS do?  
   **Answer:** It maps domain names to network addresses such as IP addresses.
3. What is TCP?  
   **Answer:** A connection-oriented transport protocol that provides reliable, ordered delivery.
4. What is a router?  
   **Answer:** A device that forwards packets between networks.
5. What is latency?  
   **Answer:** The delay between sending data and receiving the corresponding response or data."
149,"In foods ko healthy ya unhealthy mein classify karo: Mashed potatoes, Caesar salad, Poached salmon","Mashed potatoes can be healthy when prepared with moderate butter/cream and reasonable portions, because potatoes provide carbohydrates and nutrients, but heavily enriched versions can be calorie-dense. Caesar salad can be healthy in principle because it contains greens, but traditional dressing, cheese and croutons can make it high in calories and sodium. Poached salmon is generally a very healthy choice because it provides high-quality protein and omega-3 fatty acids without requiring much added fat. So, among these, **poached salmon is the clearest healthy choice**, while the healthfulness of mashed potatoes and Caesar salad depends strongly on preparation and portion size."
150,"Niche diye gaye context ko use karke question ka answer do. Agar answer nahi pata toh seedha bol do, faltu ka guess mat karna.","The context and question are missing, so the correct response is **nahi pata** rather than guessing. A reliable answer requires the information referred to by “below” or “given context.”"
151,"Agar kisi integer x ka square 1521 hai, toh (x+1)(x-1) ki value kya hogi?","x² = 1521, so x = ±39. We need (x+1)(x-1) = x² - 1. Since x² = 1521 regardless of whether x is +39 or -39, the result is **1520**."
152,Is text ko read karke batao isme kaunse logical fallacies hain aur wo fallacies kyun hain.,"The text containing the argument is missing, so I cannot identify specific fallacies. Once provided, I would check whether the reasoning attacks a person rather than the claim, misrepresents an opponent, presents a false either/or choice, assumes its conclusion, generalizes from insufficient evidence, confuses correlation with causation, or relies on irrelevant authority. I would quote the relevant reasoning briefly and explain exactly why each identified fallacy applies."
153,Local newspaper ke editor ko ek letter likho kisi current issue pe apni opinion dete hue.,"**To the Editor,**

I am writing to share my concern about the increasing problem of traffic congestion in our city. Long commuting times affect students, workers and businesses, while unnecessary idling also contributes to air pollution. The city should prioritize reliable public transport, improve pedestrian infrastructure and enforce parking and traffic rules consistently. These measures would not eliminate congestion overnight, but they could make daily travel safer and more predictable while reducing dependence on private vehicles.

Public discussion of this issue should focus not only on building more roads but also on giving residents practical alternatives to driving. I hope the local administration treats sustainable urban mobility as a long-term priority.

Sincerely,
A concerned resident"
154,"Bhai, is topic pe presentation ke liye kya kya points cover karne chahiye, ek list bhej de.","Presentation ke liye points topic par depend karenge, lekin ek solid structure usually ye hota hai:
1. Introduction and why the topic matters
2. Background / key definitions
3. Current situation or problem
4. Main concepts or mechanisms
5. Data, examples or case studies
6. Advantages and limitations
7. Real-world applications or impact
8. Challenges and ethical concerns
9. Possible solutions / future scope
10. Conclusion and key takeaways
11. References/sources
Agar topic bata do, main isi ko exact slide-by-slide structure mein convert kar sakta hoon."
155,"y=3x^3 + 10x^2 + 5 waale differential equation ke critical points check karke batao ki wo maximum hain, minimum hain ya phir kuch nahi.","Given y = 3x³ + 10x² + 5. First derivative: y' = 9x² + 20x = x(9x+20). Critical points are x=0 and x=-20/9. Second derivative: y'' = 18x + 20. At x=0, y''=20>0, so x=0 is a **local minimum**. At x=-20/9, y''=-20<0, so x=-20/9 is a **local maximum**. Corresponding y-values are y(0)=5 and y(-20/9)=? Substituting gives approximately 19.81. Thus the critical points are approximately **(-20/9, 19.81), a local maximum**, and **(0,5), a local minimum**."
156,"(2, -3) aur (1, -2) points se passing line ka slope nikalo.",Slope = (y₂-y₁)/(x₂-x₁) = [-2 - (-3)]/(1-2) = 1/(-1) = **-1**.
157,"Is task mein, tumhe bas ye batana hai ki niche wala sentence true hai ya false.","The sentence to evaluate is missing, so I cannot truthfully label it true or false. Please provide the sentence. Without the actual statement, choosing either answer would be a guess."
158,"(3, 4) aur (11, 10) points ko join karne waale line segment ka midpoint nikal do.","Midpoint formula = ((x₁+x₂)/2, (y₁+y₂)/2). For (3,4) and (11,10): ((3+11)/2, (4+10)/2) = **(7,7)**."
159,Sources bol rahe hain ki Company A ka stock price agle 10 trading days tak ya toh same rahega ya badhega. Aisi situation ke liye konsi strategy sahi rahegi?,"If reliable sources indicate the stock is expected to stay the same or rise over the next 10 trading days, a strategy designed to benefit from limited downside and upside exposure could be considered, but the best choice depends on the investor’s risk tolerance and what “same or rise” means probabilistically. A bullish strategy such as simply holding the stock has straightforward upside but remains exposed to unexpected declines. A defined-risk options strategy can cap downside but introduces time decay, volatility and liquidity considerations. Importantly, a forecast is not a guarantee. The prudent response is to size the position according to risk and avoid betting money that cannot be lost comfortably."
160,Niche diye gaye passage mein jo bhi grammar ya punctuation mistakes hain unhe dhoondo aur ek corrected version provide karo.,"The passage to correct is not included, so I cannot produce an exact corrected version. A proper correction would preserve the original meaning while fixing spelling, subject–verb agreement, tense consistency, punctuation, capitalization and sentence boundaries. I would also distinguish genuine grammatical errors from stylistic choices so the rewrite does not unnecessarily change the author’s voice."
161,"Ek short story likho jisme ye elements hon: ek magical forest, ek khoya hua khazana, aur ek mysterious stranger.","The forest was silent except for the sound of leaves moving where there was no wind. Maya had been searching for the lost treasure described in her grandfather’s journal, but the map ended at a clearing containing only a stone arch. Then a mysterious stranger stepped out from behind the trees and said, “You’re looking for the wrong thing.” He handed Maya an old compass whose needle pointed underground. Together they followed a hidden passage beneath the roots of an ancient tree and discovered the treasure—but the greatest secret was a message explaining why her grandfather had hidden it in the first place."
162,Ek technical support representative bano aur us user ki help karo jiska internet nahi chal raha. Troubleshooting steps batao.,"First check whether the issue affects one device or the entire network. If only one device is affected, confirm Wi-Fi is enabled, reconnect to the network and restart the device. If multiple devices are offline, inspect the router/modem lights and power-cycle the equipment if appropriate. Check whether the device has a valid IP address and can reach the router. Then test DNS separately—for example, whether an IP address works while a domain name does not. If possible, try another network to isolate the device from the internet connection. If the ISP appears to be down, check its status page or contact support. Avoid factory-resetting network equipment before recording configuration details."
163,"Ek interviewer ki tarah socho aur ek Physics Nobel Prize winner se ek sawal pucho, aur phir wo sawal likho jo tumhe lagta hai wo tumse puchega.","For a Physics Nobel Prize winner, I would ask: **“Which result from your career changed your understanding of how nature works most deeply, and what did you initially misunderstand about it?”** It invites a substantive answer rather than simply asking for a biography. A question they might ask me in return could be: **“What scientific problem do you think deserves much more attention over the next decade, and why?”** That would test whether I can reason about scientific importance rather than merely recall facts."
164,US aur Canada ke cost of living mein kya difference hai?,"Cost of living differs considerably between the US and Canada depending on city and lifestyle. Major US cities such as New York or San Francisco can be extremely expensive, while many smaller US cities are cheaper. Canada also has expensive metropolitan areas such as Toronto and Vancouver, with housing being a major cost. The US generally has higher potential healthcare costs for people without comprehensive insurance, while Canada has publicly funded medically necessary healthcare, though wait times and coverage for services such as dental care can differ. Salaries, taxes, housing, transportation and currency exchange all matter, so country-level averages can hide large city-to-city differences."
165,Animal kingdom pe ek MCQ do aur explain karo ki correct answer sahi kyun hai.,"**MCQ:** Which animal is a mammal?
A) Crocodile
B) Dolphin
C) Eagle
D) Frog

**Correct answer: B) Dolphin.** Dolphins are mammals because they breathe air using lungs, are warm-blooded, give birth to live young and feed their young with milk. The other options are reptiles, birds and amphibians respectively."
166,Ek reason batao ki assignment last minute pe start karna bura idea kyun hai.,"Starting an assignment at the last minute is risky because it removes the time needed to understand the requirements, research properly, revise the work and recover from unexpected problems. A task that looks like it will take two hours can easily take six when debugging, writing or finding sources is involved. Last-minute work also increases stress and makes careless mistakes more likely. Starting earlier does not necessarily mean working continuously; even creating an outline early gives you a safety buffer."
167,Is equation ka second derivative nikaalo: y = 4x^2 + 3x – 5,"Given y = 4x² + 3x - 5:
First derivative: y' = 8x + 3.
Second derivative: **y'' = 8**."
168,"Is text ke basis pe, ek novel ki main theme ya message kya ho sakta hai? Ek chhota sa synopsis bhi batao.","The source text is missing, so I cannot identify the novel’s actual theme or create a faithful synopsis. In general, a novel’s main theme is usually the recurring idea explored through its characters and conflict—for example, the cost of ambition, the search for identity or the conflict between freedom and control. A synopsis would then summarize the protagonist, central conflict and major direction of the story while showing how that theme develops."
169,Maan lo tum ek travel agent ho aur kisi customer ne Japan ki top 3 jagahon ke baare mein pucha hai. Ek list banao aur har jagah ka chhota sa description do.,"Three excellent first-time Japan destinations are:
1. **Tokyo** – a huge modern metropolis combining technology, shopping, food, nightlife and historic neighborhoods such as Asakusa.
2. **Kyoto** – famous for temples, traditional architecture, gardens and cultural sites; it offers a very different atmosphere from Tokyo.
3. **Osaka** – known for food, lively neighborhoods and easy access to attractions in the Kansai region.
If the trip is short, Tokyo + Kyoto + Osaka is a practical combination because the cities are connected by fast rail. Seasonal conditions and travel style should influence the exact itinerary."
170,"Ek table hai transactions ki jisme TransactionID, ProductID, Quantity, aur Price columns hain. Ek SQL query likho jisse har product ka total revenue nikal sake.","Assuming the table is `Transactions(TransactionID, ProductID, Quantity, Price)`, total revenue per product is:
```sql
SELECT ProductID,
       SUM(Quantity * Price) AS total_revenue
FROM Transactions
GROUP BY ProductID
ORDER BY total_revenue DESC;
```
This assumes `Price` is the price per unit. If `Price` already represents the total transaction amount, use `SUM(Price)` instead."
171,Ek JavaScript code likho jo 'Submit' button press karne par alert message show kare.,"```javascript
document.getElementById(""submitButton"").addEventListener(""click"", function () {
  alert(""Form submitted!"");
});
```
This assumes the button has an HTML `id` of `submitButton`. For example:
```html
<button id=""submitButton"">Submit</button>
```"
172,Android mobile platform ka backbone kaunsa operating system hai?,"Android is built on the **Linux kernel** at its core. Above the kernel, Android provides hardware abstraction, native libraries, the Android Runtime (ART), application framework services and application APIs. So if “backbone” refers to the underlying operating-system kernel, the answer is **Linux**."
173,Ek email likho jisme tum apne professor ko introduce kar rahe ho jinka online course tum lene wale ho.,"Subject: Introduction Before Taking Your Online Course

Dear Professor,

My name is [Your Name], and I’m looking forward to taking your online course. I’m particularly interested in learning more about the subject and understanding how the concepts discussed in the course connect to practical applications.

I hope to participate actively in the course, keep up with the assignments, and make the most of the learning resources you provide. I’m excited to learn from you and from the other students in the class.

Thank you, and I look forward to the course.

Best regards,
[Your Name]"
174,Ek aisi story ki shuruat likho jisme koi insaan ek bahut hi extraordinary duniya mein rehta ho.,"When the door opened, Arin discovered that the world outside his apartment was not made of streets and buildings but of enormous floating islands drifting through a violet sky. Rivers flowed upward into clouds, birds carried lanterns in their beaks, and distant mountains slowly rearranged themselves like pieces on a chessboard. Everyone in Arin’s city had been taught that the world ended at the city walls. Yet standing there with his backpack and a stolen map, he realized that the walls had never been built to keep something out. They had been built to keep people from discovering what was beyond them."
175,Maan lo tum basketball team ke coach ho aur ek parent aake tumse complaint karta hai ki unke bacche ko playing time nahi mil raha. Unhe empathetically samjhao ki tum decisions kaise lete ho aur improvement ke liye kya kar sakte hain.,"I would start by acknowledging the parent’s concern rather than becoming defensive: “I understand why you’re worried when you see your child getting limited playing time.” I would then explain that playing-time decisions are based on factors such as attendance, effort, current skill level, tactical needs, teamwork and the situation in a particular game—not on personal favoritism. I would avoid comparing the child negatively with another player. Instead, I would identify two or three concrete areas the child can improve and offer a plan for practicing them. I would also make clear that development is ongoing and that improved performance can create more opportunities. The conversation should leave the parent with specific next steps rather than simply a justification."
176,Energy bachane ke koi do tareeke batao aur explain karo ki woh baaki methods se zyada effective kyun hain.,"Two effective ways to save energy are **improving building efficiency** and **reducing unnecessary transport fuel use**. Better insulation, efficient cooling and LED lighting can reduce energy demand every day rather than only when someone remembers to switch something off. Similarly, walking, cycling, public transport or carpooling can reduce fuel consumption for repeated journeys. These can be more effective than isolated small actions because they target recurring, high-volume energy use. The exact best measures depend on the building, climate and transport patterns."
177,Ek room ka area calculate karo jiski ceiling height 8 feet hai aur dimensions 14 by 11 feet hain.,"If the room dimensions are 14 ft by 11 ft, its floor area is 14 × 11 = **154 square feet**. The ceiling height of 8 ft does not affect floor area. If the question intended to calculate the **volume**, then volume = 14 × 11 × 8 = **1,232 cubic feet**."
178,Ek nayi line plot banao jisme input data ka 2nd column first column ke against plot ho.,"No actual input data is included, so I cannot produce the specific plot. In Python with Matplotlib, if the data is stored as a 2D array `data`, the requested plot is:
```python
import matplotlib.pyplot as plt

plt.plot(data[:, 0], data[:, 1])
plt.xlabel(""Column 1"")
plt.ylabel(""Column 2"")
plt.title(""Column 2 vs Column 1"")
plt.show()
```
Here the first column is on the x-axis and the second column on the y-axis."
179,"Agar ek coin ko 4 baar flip karein, toh exactly three heads aane ki probability kya hogi?","Exactly three heads in four fair coin flips means choose which 3 of the 4 flips are heads. There are C(4,3)=4 favorable sequences, and 2⁴=16 total sequences. Probability = 4/16 = **1/4**."
180,x^2 - 4x + 4 = 0 ke roots kaise nikalenge?,"x² - 4x + 4 = 0 factors as **(x-2)² = 0**. Therefore the only root is **x = 2**, with multiplicity 2. You can also use the quadratic formula: x = [4 ± √(16-16)]/2 = 2."
181,"Ek Customer orders table hai jisme CustomerID, OrderID, aur OrderDate columns hain. Har customer ki first order date find karne ke liye SQL query likho.","Assuming the table is `CustomerOrders(CustomerID, OrderID, OrderDate)`, use:
```sql
SELECT CustomerID,
       MIN(OrderDate) AS first_order_date
FROM CustomerOrders
GROUP BY CustomerID;
```
`MIN` finds the earliest order date for each customer. If multiple orders occur on that same earliest date, they will all share the same first-order date."
182,"In fruits ko sweetness ke basis pe rank karo, 1 se 5 tak (1 matlab sabse meetha).","The fruit list is not provided, so I cannot rank the specified five fruits. Also, sweetness can be measured in different ways, such as perceived sweetness or sugar concentration, so an exact ranking should ideally use a stated criterion such as °Brix. If the five fruits are supplied, I can rank them 1–5 and explain that the ranking is approximate because ripeness and variety affect sweetness."
183,"Taaron wali ek peaceful raat pe choti si poem likho, imagery aur sensory details ke saath.","The stars had begun to appear one by one,
soft sparks above the sleeping trees.
The night smelled faintly of rain and earth,
and somewhere far away, an owl called once.
I lay beneath the open sky,
feeling the cool grass against my hands,
and for a while the whole world seemed quiet enough
to hear my own thoughts drifting between the stars."
184,"Agar kisi ka aptitude dono areas mein thik-thak hai, toh arts ya science mein se kya career choose karna better rahega? Apne reasons bhi batana.","If aptitude is reasonably balanced between arts and science, the better choice should not be made from aptitude alone. Consider genuine interest, the kind of work you enjoy, preferred learning style, career opportunities, financial goals and willingness to develop weaker areas. Someone who enjoys experiments, mathematics and analytical problem-solving may find science more satisfying, while someone drawn to writing, history, interpretation and social questions may thrive in arts. “Being equally capable” means you have options; it does not mean one stream is objectively superior. Try small projects or courses in both areas before making a major decision."
185,Ek SQL query likho jisse second highest salary aur employee ka naam mil jaye. Salary `SALARIES` table mein hai jo `EMPLOYEES` table se FK ke through connected hai.,"Assuming `SALARIES(EmployeeID, Salary)` and `EMPLOYEES(EmployeeID, Name)`, one query for the second-highest **distinct** salary is:
```sql
SELECT e.Name, s.Salary
FROM EMPLOYEES e
JOIN SALARIES s ON s.EmployeeID = e.EmployeeID
WHERE s.Salary = (
    SELECT MAX(Salary)
    FROM SALARIES
    WHERE Salary < (SELECT MAX(Salary) FROM SALARIES)
);
```
This returns all employees tied at the second-highest distinct salary. If the schema contains multiple salary records per employee, the query should first establish which record represents the current salary."
186,"Tujhe ek code snippet diya gaya hai, bas usme bug dhundna hai.","The code snippet itself is missing, so I cannot identify the bug. Please provide the snippet and, ideally, the expected behavior or error message. I would check syntax first, then variable values/types, boundary conditions, control flow, resource handling and whether the implementation actually matches the intended algorithm."
187,a) Future technology ke baare mein 5 sentences mein prediction likho aur b) is technology ke use se hone wale kisi potential consequence ko 2 sentences mein describe karo.,"**Prediction:** Over the coming years, AI systems will become more integrated into everyday software, acting as assistants that can understand text, images, speech and structured data across many applications. Personal AI agents may increasingly automate routine planning, search, coding and administrative tasks. Businesses will likely use AI to personalize products and improve operational efficiency. At the same time, AI capabilities will become embedded in devices rather than existing only as standalone chatbots. Regulation and security practices will also mature as adoption grows.

**Potential consequence:** Greater automation could increase productivity but may also change the demand for certain jobs and skills. Organizations and workers may need substantial retraining and new rules around accountability, privacy and misuse."
188,1 se 10 tak numbers wali ek array ka code likho.,"In C++, for example:
```cpp
int arr[10] = {1,2,3,4,5,6,7,8,9,10};
```
In Python:
```python
arr = list(range(1, 11))
```
Both create an array/list containing the integers 1 through 10."
189,Is polynomial (4 +5x^3 +100 +2π x^4 + sqrt(10)x^4 +9) ki degree kya hai?,"The polynomial is `4 + 5x^3 + 100 + 2πx^4 + √10 x^4 + 9`. The highest exponent of x appearing is **4**. The coefficient of x⁴ is `2π + √10`, which is nonzero, so there is no cancellation of the x⁴ term. Therefore the polynomial’s degree is **4**."
190,Ye text padh ke author ka main argument identify karo aur use ek single sentence mein rephrase karo.,"The source text is not included, so I cannot identify its actual argument. A good one-sentence rephrasing should preserve the author’s main claim while removing supporting details. For example, if the author argues that “public transport should be improved because it reduces congestion and gives people an affordable alternative,” the rephrased argument would be: **“Improving public transport can reduce congestion while providing a more affordable way for people to travel.”** The actual passage is needed for a faithful answer."
191,"Ek market research survey design karo jisme kam se kam 5 questions hon, taaki naye product ke baare mein customers ka opinion pata chal sake.","A useful market-research survey could include:
1. How familiar are you with this product category?
2. How often do you currently use a product/service like this?
3. What is the most important feature you would want from our product?
4. How satisfied are you with the alternatives you currently use?
5. What price would you consider reasonable?
6. How likely would you be to try our product?
7. Which factor would most influence your purchase: price, quality, convenience, brand, features or something else?
8. What is one thing you would change about the product concept?
Use a mix of multiple-choice questions for quantitative analysis and one or two open-ended questions for unexpected feedback."
192,Is paragraph ko rewrite karo taaki ye simple ho jaye aur intermediate English learners ke liye appropriate rahe.,"The paragraph to simplify is not included, so I cannot rewrite it directly. A good intermediate-English rewrite should use shorter sentences, common vocabulary, clear subject–verb structures and explicit transitions. For example, “Due to the fact that the project encountered numerous unforeseen complications, completion was significantly delayed” could become “The project faced several unexpected problems, so it was completed much later than planned.”"
193,"Kisi famous classical composer pe ek quiz question banao, options ke saath.","**Quiz:** Which composer wrote the Ninth Symphony, famously including the “Ode to Joy” theme?

A) Wolfgang Amadeus Mozart
B) Ludwig van Beethoven
C) Johann Sebastian Bach
D) Frédéric Chopin

**Correct answer: B) Ludwig van Beethoven.** Beethoven’s Ninth Symphony is famous for its final movement, which sets Friedrich Schiller’s “Ode to Joy” to music."
194,Is text se 3 main reasons batao kyun author ko lagta hai ki public transport improve hona chahiye.,"The passage containing the author’s reasons is not provided, so I cannot identify the three specific reasons without guessing. If the text argues for better public transport, I would look for explicit reasons such as reducing congestion, lowering pollution, improving access to jobs and education, increasing affordability, or improving safety. The actual passage is necessary to determine which three the author used."
195,"Ek dog owner ke perspective se short story likho, aur event ke waqt uske thoughts bhi include karna.","I held the leash tightly as Bruno stopped at the corner and stared down the unfamiliar street. “Come on,” I whispered, trying to sound confident. Inside, though, I was nervous because this was the first time I had taken him this far from home. A sudden bicycle bell rang behind us, and Bruno jumped forward. My heart raced as I imagined him slipping free, but he stopped after a few steps and looked back at me. I realized he was not trying to run away—he was checking whether I was following. I laughed, loosened my grip slightly, and continued walking. Somehow, my dog seemed more confident about the adventure than I was."
196,6 inches base aur 4 inches height wale triangle ka area calculate karo.,Triangle area = 1/2 × base × height = 1/2 × 6 × 4 = **12 square inches**.
197,"Ek table hai student grades ki jisme StudentID, CourseID, aur Grade columns hain. Ek SQL query likho jisse har course ka average grade mile, aur result nearest integer tak rounded ho.","Assuming the table is `StudentGrades(StudentID, CourseID, Grade)`, use:
```sql
SELECT CourseID,
       ROUND(AVG(Grade)) AS average_grade
FROM StudentGrades
GROUP BY CourseID;
```
This calculates the arithmetic mean for each course and rounds it to the nearest integer. The exact return type of `ROUND` varies by SQL database, but the logic is the same."
198,Imagine karo tum ek detective ho jo crime ke peeche ka motive dhoond raha hai. Is statement ko analyze karo aur ek possible motive batao.,"The statement needed for the detective analysis is missing, so a specific motive cannot be inferred. In a fictional investigation, possible motives might include financial gain, revenge, fear of exposure, jealousy, protection of someone, ideological belief or eliminating a perceived threat. A good detective would distinguish motive from evidence: having a plausible motive does not establish that a person committed the crime."
199,"Ek nutritionist ban ke diet improve karne ki advice de, neeche diye gaye meal schedule ke basis pe.","The meal schedule is not included, so I cannot give personalized advice based on it. In general, I would assess whether the schedule contains adequate protein, vegetables/fruit, whole-food carbohydrates, healthy fats and sufficient fluids, while also considering portions, meal timing and the person’s goals. Common improvements include replacing heavily processed snacks with fruit/nuts/yogurt, adding vegetables to main meals, and ensuring a protein source at meals. Dietary advice should also account for allergies, medical conditions and dietary preferences."
200,Ek movie critic ki tarah kisi film ka review de. Plot bata aur characters aur quality pe apna opinion de.,"Since the film title is not specified, I cannot honestly review a particular movie or describe its plot and characters. A proper movie review would cover the basic premise without spoiling key twists, then evaluate the screenplay, pacing, acting, character development, cinematography, sound and direction. I would separate factual plot description from subjective judgment and explain why I liked or disliked particular choices rather than simply assigning a score."
