"prompt","cm","ed","mm","l","d","qwen_response"
"Imagine kar tu ek construction company ka project manager hai. Bata jab tujhe koi mushkil decision lena pada ho.","0.4737","0.0","0.0","0.0371","0.1932","Jab mujhe mushkil decision lena padta hai, iska upay ek nispet zindagi se sahi method hota hai:

1. **Risk Assessment**: Agar decision karne mein se kisi risk mein jaana hai, toh uska level par zyada focus karna hai. Risks ko properly evaluate karke, unka impact estimate karna hoga.

2. **Alternatives Identification**: Differenat alternatives jaise aur karne ki tarah bina decision lena hoga. Har option ke saath uske advantages aur disadvantages ko evaluate karna hoga.

3. **Consultation**: Aagle decision karne ke baad, team ko consult karna hoga. Unhone bina decision lena hoga, isse team ka trust banega aur isse sabse zyada koi problem nahi hota.

4. **Stakeholder Analysis**: Agar decision koi stakeholder ki jagah padta hai, toh usse bhi consult kar sakte hain. Aur unke thoughts aur recommendations ko evaluate karna hoga.

5. **Data and Information**: Agar kisi decision ke liye data aur information padhe hai, toh unke sources ka validate karna hoga. Agar information accurate hai, toh unke basis par decision karne se zyada koi problem nahi hota.

6. **Ethical Considerations**: Agar decision karne mein koi ethical challenges ho, toh unke solutions ko evaluate karna hoga. Agar decisions ethical hote hain, toh usse zyada koi problem nahi hota.

7. **Timeline and Resources**: Agar decision ke liye time constraints aur resources hote hain, toh unke impact ko evaluate karna hoga.

8. **Impact on Project and Team**: Agar decision project ki koi impact padta hai, toh unke long term aur short term effects ko evaluate karna hoga. Aur team ka morale aur performance ka bhi effect evaluate karna hoga.

9. **Decision-Making Framework**: Agar company mein koi decision-making framework hai, toh usse follow karne ka upyogi hota hai. Agar decision-making framework nahi hai, toh ek create karke follow karne ki kisi baat nahi hoti.

10. **Review and Feedback**: Agar decision"
"Niche diye gaye text ki ek short summary likho:","0.5556","0.0","1.0","0.0176","0.424","Of course! Please provide the text for which you would like me to generate a short summary."
"Ek short story likho third person narration mein, jisme protagonist ko apne career ka koi bada decision lena ho.","0.5789","0.0","0.0","0.0371","0.2353","Sure, a short story in third-person narration where the protagonist faces a major career decision:

---

In the heart of bustling Mumbai, under the neon lights of a famous commercial district, stood the office building where Ravi Gupta worked. A mid-level software engineer, Ravi was known for his innovative ideas and his passion for coding. However, the decision before him was the biggest of his career.

Ravi had been offered a position at a tech startup that promised groundbreaking work and the potential for massive financial gains. The offer came as a surprise, but it was hard to ignore the opportunity. His current job, while steady and well-paid, lacked the excitement and creativity he craved.

One evening, as Ravi walked home through the crowded streets, he reflected on his life choices. He thought about his family, his friends, and the path he had chosen. His mentor, a wise old man who had seen many of Ravi's colleagues come and go, approached him.

""Ravi, do you ever feel like you're just doing the same thing every day?"" the mentor asked, his voice low and thoughtful.

Ravi nodded, feeling the weight of his decision pressing down on him.

""Life is about more than just the money or the job,"" the mentor continued. ""It's about the joy you find in what you do. You have the chance to make a difference, not just in your career, but in the lives of others. Don't let fear hold you back.""

The next day, Ravi sat in his small apartment, staring at the offer letter. He weighed his options, his dreams, and his responsibilities. Finally, he picked up the phone and dialed the startup's number.

The next few months were challenging, but incredibly rewarding. Ravi found himself not only contributing to the company's success but also enjoying every moment of his work. He realized that while his current job provided stability, the startup offered him the excitement and fulfillment he had always yearned for.

Years later, as Ravi stood on a rooftop in the company's new headquarters, he looked back at his journey. The decision he had made, though difficult, had led him to a place of contentment and purpose. He smiled, knowing that sometimes, the biggest decisions in life are the ones that challenge us the most.

---

This story encapsulates a common scenario where an individual faces a significant career choice, weighing personal fulfillment against stability and security."
"Dekho, year 2004 ke digits ka sum 6 hai. To 2000 ke baad wo pehla year kaunsa hoga jiske digits ka sum 12 ho?","0.55","0.6667","1.0","0.0391","0.6239","हालांकि 2004 के दहाई में किसी भी वर्ष के अंकों का योग 12 नहीं है, हम इस प्रश्न को एक सिधे तरीके से हल कर सकते हैं।

2000 से बाद के वर्षों के अंकों का योग 12 करने वाला वर्ष खोजने के लिए, हमें अंकों के संयोजन में ध्यान रखना है।

हम शुरू कर सकते हैं सबसे छोटे वर्ष खोजने से:

- 2003: योग 2 + 0 + 0 + 3 = 5 (अक्सर छोटा)
- 2012: योग 2 + 0 + 1 + 2 = 5 (कुछ बड़ा)
- 2021: योग 2 + 0 + 2 + 1 = 5 (कुछ बड़ा)
- 2030: योग 2 + 0 + 3 + 0 = 5 (कुछ बड़ा)
- 2019: योग 2 + 0 + 1 + 9 = 12 (ज्यादा बड़ा)
- 2090: योग 2 + 0 + 9 + 0 = 11 (कुछ छोटा)
- 2109: योग 2 + 1 + 0 + 9 = 12 (हमारा उत्तर)

इस प्रकार, 2"
"Niche diye gaye context ko use karke last wale question ka answer do. Agar answer nahi pata toh seedha bol do ki nahi pata, faltu mein guess mat karna. Founded in the 13th century, Berlin has had an eventful history. Excavations from 2008 suggest that the city may be even older than was previously assumed: state archaeologists have discovered an oak beam that probably dates back to 1183. Almost no other metropolis has experienced such frequent, radical change transforming the face of the city. Although Berlin saw steady growth in its importance, dazzling epochs alternated with darker eras. Nevertheless, the formerly divided city has succeeded in becoming a vibrant metropolis in the heart of Europe. Question: What is the best restaurant in Berlin?","0.2066","0.6667","1.0","0.2363","0.5063","ना, यहाँ दिए गए कंटेक्स्ट में खान-पान संबंधी जानकारी को नहीं मिला है। कंटेक्स्ट बर्लिन की इतिहास के बारे में बात कर रहा है, न कि रेस्टॉरन्टों के बारे में। इसलिए, मैं बर्लिन के सर्वश्रेष्ठ रेस्टॉरन्ट के बारे में नहीं जानता।"
"Variable x ko “4x + 2y = 10” as define kiya gaya hai. x ki value find karo.","0.4","0.0","1.0","0.0293","0.3629","To find the value of variable \( x \) in the equation \( 4x + 2y = 10 \), we need to express \( x \) in terms of \( y \) or have a specific value for \( y \). Since you haven't provided a specific value for \( y \), I'll show you how to express \( x \) in terms of \( y \).

Starting with the equation:

\[ 4x + 2y = 10 \]

We can isolate \( x \) on one side of the equation:

1. Subtract \( 2y \) from both sides of the equation:
\[ 4x = 10 - 2y \]

2. Divide both sides by 4 to solve for \( x \):
\[ x = \frac{10 - 2y}{4} \]

3. Simplify the right side of the equation:
\[ x = \frac{10}{4} - \frac{2y}{4} \]
\[ x = \frac{5}{2} - \frac{y}{2} \]
\[ x = \frac{5 - y}{2} \]

So, the value of \( x \) in terms of \( y \) is:

\[ x = \frac{5 - y}{2} \]

If you provide a specific value for \( y \), I can substitute it into this equation to find the corresponding value of \( x \)."
"30 cookies ki recipe ke liye do cups flour chahiye. Eduardo ko five dozen cookies banani hain. Adjusted recipe ke liye use kitne cups flour use karne honge?","0.4074","0.0","0.0","0.0527","0.1682","Eduardo chahiye kuch calculations karenge:

1. 30 cookies ke liye 2 cups flour chahiye hai.
2. 1 dozen = 12 cookies hai.
3. 5 dozen cookies = 5 × 12 = 60 cookies.

Ab hum 30 cookies ke recipe ko 60 cookies ke liye scale karenge:

- 30 cookies mein 2 cups flour chahiye.
- 60 cookies mein kitne cups flour chahiye?

Iska solution karna simple hai:

- 30 cookies mein 2 cups flour.
- 60 cookies mein, jisse 30 mein 2, 60 mein bhi 2 × 2 = 4 cups flour chahiye.

Takdeer, Eduardo ke liye 5 dozen (60 cookies) ki recipe mein 4 cups flour use karenge."
"Ek cube ka total surface area calculate karo jiska side length 5 cm hai.","0.3846","0.0","1.0","0.0254","0.3564","Ek kubike ka total surface area formula ye hai:

6 × (kubike ka side length)²

Aapke case mein, side length 5 cm hai. Lekin yeh formula ko yeh tarah se use karenge:

6 × (5 cm)²

Ab iska calculation karenge:

6 × 25 cm² = 150 cm²

To, aapke kubike ka total surface area 150 cm² hota hai."
"Happy Valley Kennel mein 4 chickens, 2 dogs, aur 5 cats hain. (Kuch log Happy Valley mein chickens ko pets ki tarah rakhte hain!) Agar 11 animals ko 11 cages ki ek row mein aise arrange karna ho ki ek hi type ke saare animals saath mein rahein, toh kitne ways honge? (Same species ke do animals distinguishable maane jayenge.)","0.4909","0.0","1.0","0.1074","0.4071","To solve this problem, we need to arrange 11 animals (4 chickens, 2 dogs, and 5 cats) in 11 cages such that all animals of the same type are together. Let's break down the solution step-by-step:

1. **Treat each group of animals as a single unit**:
   - We have three groups: chickens, dogs, and cats.
   - These groups can be arranged in a row in \(3!\) (3 factorial) ways. \(3! = 3 \times 2 \times 1 = 6\) ways.

2. **Arrange the animals within each group**:
   - The 4 chickens can be arranged among themselves in \(4!\) (4 factorial) ways. \(4! = 4 \times 3 \times 2 \times 1 = 24\) ways.
   - The 2 dogs can be arranged among themselves in \(2!\) (2 factorial) ways. \(2! = 2 \times 1 = 2\) ways.
   - The 5 cats can be arranged among themselves in \(5!\) (5 factorial) ways. \(5! = 5 \times 4 \times 3 \times 2 \times 1 = 120\) ways.

3. **Calculate the total number of arrangements**:
   - The total number of ways to arrange the 11 animals is the product of the number of ways to arrange the groups and the number of ways to arrange the animals within each group.
   - Therefore, the total number of ways is \(3! \times 4! \times 2! \times 5!\).

Let's compute this:

\[ 3! \times 4! \times 2! \times 5! = 6 \times 24 \times 2 \times 120 \]

\[ = 6 \times 24 \times 2 \times 120 \]

\[ = 6 \times 24 \times 240 \]

\[ = 6 \times 5760 \]

\[ = 34560 \]

So, the total number of ways to arrange the 11 animals in 11 cages such that all animals of the same type are together is \(\boxed{34560}\)."
"Imagine karo tum ek aise customer se baat kar rahe ho jo tumhare product se khush nahi hai. Ek aisa response likho jisse situation handle ho jaye.","0.5556","0.0","0.0","0.0527","0.2275","Prem,

Aapki baat mujh par bahut ziyadah khatm na ho! Aapne aap ne kaha ke aap kisi baat se khush nahi hain. Aapko kya aapki bhiyoon khush rahein hain?

Main aapki help karne ke liye ban gaya hoon, toh main aapki marzi se kuchh kaise kar sakta hoon? Aap kya aapki taraf se baat kar rahe hain? Yeh kuchh kisi bhi baat ke asar se hota hai ya aap kisi aadhar pe khush nahi hain?

Aap batao kya aapki aisi baat thi jo aapki taraf se kuchh marzi nahi de rahi hai. Main aapki wajah se kuchh kisi bhi jagah se bhari kar dunga. Aapko kya kuchh samajh nahi aa raha hai?

Aur kuchh bhi batao, aapko kya kisi bhi madad kar sakta hoon? Aap aapki taraf se kuchh samajh nahi aane wale ho toh main aapki wajah se kuchh kisi bhi jagah se bhari kar dunga.

Aap ko kuchh samajhne waale ho toh mujhe aapki wajah se samajhna kaise chalao, aur aapko kuchh samajhne ka madad karne mein madad karne ki koi adhik taqvim nahi hai.

Prem"
"Neeche diye gaye context ko use karke end waale question ka answer do. Agar answer nahi pata toh seedha bol do ki nahi pata, apne mann se kuch mat banana. Founded in the 13th century, Berlin has had an eventful history. Excavations from 2008 suggest that the city may be even older than was previously assumed: state archaeologists have discovered an oak beam that probably dates back to 1183. Almost no other metropolis has experienced such frequent, radical change transforming the face of the city. Although Berlin saw steady growth in its importance, dazzling epochs alternated with darker eras. Nevertheless, the formerly divided city has succeeded in becoming a vibrant metropolis in the heart of Europe. Question: 20th century Berlin mein kya-kya events hue the?","0.2258","0.6667","1.0","0.2422","0.5145","Context mein 20世纪柏林的具体历史事件并没有详细提及。因此，根据给定的信息，我无法提供20世纪柏林发生的特定事件。"
"Diye gaye context ko padho aur end mein jo question hai uska answer do. Agar answer nahi mil raha toh bol do ki nahi pata, fake answer mat dena. Previously, the use of dye-sub printing was limited to industrial or high-end commercial printing. Dye-sub photo printing has been used in medical imaging, graphic arts proofing, security, and broadcast-related applications. Today, it is extremely popular in event photography and photo booths or kiosks that require high-speed, on-demand printing. Alps Electric produced the first quality dye-sub printers for home consumers in the $500–$1,000 price range, bringing dye-sublimation technology within the reach of a wider audience. (These models were, however, not true page printers, since they used a narrow printhead that swept across the page, like most inkjet printers.) Now there are many dye-sublimation printers on the market starting from as low as $100, especially postcard-sized mobile photo printers. The ability to produce instant photo prints inexpensively from a small printer has led to dye sublimation solutions supplanting traditional instant photos in some applications, such as ID photography with a card printer. Several corporations market desktop-size units as stand-alone printers and for print kiosk and photo booth applications. Some of these units are based on generic printers. Some manufacturers, offer software development kits with their printers, suggesting that these companies hope to attract system integrators as a potential market. Desktop-size standalone dye-sub photo printers are also used by photographers in event photography. The technology allows photographers to produce and sell lab-quality prints immediately during the event they are attending, with a minimal amount of hardware. Question: Dye sublimation printer ke uses kya hain?","0.1237","1.0","1.0","0.5527","0.6047","Dye sublimation printers कई विभिन्न क्षेत्रों में उपयोग किए जा सकते हैं, जिनमें शामिल हैं:

1. इवेन्ट फोटोग्राफी - फोटो बोंस या किक्स के लिए तुरंत फोटो प्रिंट उत्पन्न करने के लिए इस तकनीक का उपयोग किया जाता है।
2. इड फोटोग्राफी - कार्ड प्रिंटर के साथ तुरंत इड फोटो उत्पन्न करने के लिए।
3. व्यापारिक अप्रॉफ - ग्राफिक अर्ट और अन्य क्षेत्रों में अप्रॉफ के लिए दर्जा अपराध की प्रवर्धन की तरह उपयोग किया जा सकता है।
4. डेस्कटॉप एजेंसी - रिसर्च और ब्रांड करियर के लिए फोटो किक्स या फोटो बोंस में इस तकनीक का उपयोग किया जा सकता है।

इन दोस्तों, यह जानकारी आपके प्रश्न का सही उत्तर है, लेक"
"x aur y nonzero real numbers hain. m aur M is expression ki minimum aur maximum values hain: (|x + y|)/(|x| + |y|), Find M - m.","0.28","0.0","0.0","0.0488","0.1169","To find the values of \( m \) and \( M \) for the expression \(\frac{|x + y|}{|x| + |y|}\), where \( x \) and \( y \) are nonzero real numbers, we need to analyze the expression under different conditions.

### Step 1: Simplify the Expression

The expression is \(\frac{|x + y|}{|x| + |y|}\).

### Step 2: Analyze the Expression for Different Cases

#### Case 1: \( x \) and \( y \) are both positive
If \( x > 0 \) and \( y > 0 \), then \( |x| = x \) and \( |y| = y \). Therefore, the expression simplifies to:
\[
\frac{|x + y|}{x + y} = \frac{x + y}{x + y} = 1
\]

#### Case 2: \( x \) and \( y \) are both negative
If \( x < 0 \) and \( y < 0 \), then \( |x| = -x \) and \( |y| = -y \). Therefore, the expression simplifies to:
\[
\frac{|x + y|}{|x| + |y|} = \frac{|x + y|}{-x - y} = \frac{-(x + y)}{-(x + y)} = 1
\]

#### Case 3: One of \( x \) or \( y \) is positive and the other is negative
Without loss of generality, let \( x > 0 \) and \( y < 0 \) (the case \( x < 0 \) and \( y > 0 \) is similar).

In this case, we have:
- \( |x| = x \)
- \( |y| = -y \)
- \( |x + y| = |x - |y|| \) (since \( x - y \) could be positive or negative)

We need to consider two sub-cases:
- If \( x > |y| \), then \( x + y > 0 \) and \( |x + y| = x + y \):
  \[
  \frac{|x + y|}{|x| + |y|} = \frac{x + y}{x - y}
  \]
- If \("
"Ek binary tree diya gaya hai, check karo ki woh binary search tree hai ya nahi. Iske liye Java function likho. Maan lo Node class pehle se implemented hai.","0.4483","0.0","0.0","0.0566","0.185","Sure, to check if a binary tree is a binary search tree (BST), we can leverage the properties of BSTs: for any given node, all nodes in its left subtree have values less than the node's value, and all nodes in its right subtree have values greater than the node's value. We can use an in-order traversal to validate this property, and ensure the nodes are visited in a strictly increasing order.

Here's a Java function to check if a binary tree is a BST, assuming the `Node` class is already implemented:

```java
class Node {
    int value;
    Node left, right;

    public Node(int item) {
        value = item;
        left = right = null;
    }
}

public class BSTChecker {
    // Function to check if the binary tree is a BST
    public boolean isBST(Node root) {
        return isBSTUtil(root, Integer.MIN_VALUE, Integer.MAX_VALUE);
    }

    // Utility function to check if the binary tree is a BST
    // @param root - the root of the subtree
    // @param min - minimum value allowed for the current subtree
    // @param max - maximum value allowed for the current subtree
    private boolean isBSTUtil(Node root, int min, int max) {
        // Base case: an empty tree is a BST
        if (root == null) {
            return true;
        }

        // The current node's value must be between min and max
        if (root.value < min || root.value > max) {
            return false;
        }

        // Recursively check the left and right subtrees with updated min and max values
        return (isBSTUtil(root.left, min, root.value - 1) && 
                isBSTUtil(root.right, root.value + 1, max));
    }

    public static void main(String[] args) {
        // Example usage
        Node root = new Node(4);
        root.left = new Node(2);
        root.right = new Node(5);
        root.left.left = new Node(1);
        root.left.right = new Node(3);

        BSTChecker checker = new BSTChecker();
        System.out.println(""Is the binary tree a BST? "" + checker.isBST(root));
    }
}
```

### Explanation:
- **Node Class**: This is a simple implementation of a binary tree node, containing a value and pointers to left and right children.
- **isBST Function**: This is the public function"
"Tum ek smart assistant ho jo high school teachers ki help karta hai reading comprehension questions banane mein. Ek text diya jayega, tumne ek question aur answer pair banana hai student ki reading ability check karne ke liye. Jab tum ye pair banaoge, toh format ye hona chahiye: ``` {{ ""question"": ""$YOUR_QUESTION_HERE"", ""answer"": ""$THE_ANSWER_HERE"" }} ``` ``` ke beech mein sab kuch valid JSON hona chahiye. Is text ke liye JSON format mein question/answer pair banao: ---------------- The scream of sirens and the clank of steel on cobblestones echoed down the mean, dark streets. Frightened East Berliners peeked from behind their curtains to see military convoys stretching for blocks. First came the motorcycle outriders, then jeeps, trucks and buses crammed with grim, steel-helmeted East German troops. Rattling in their wake were the tanks — squat Russian-built T-34s and T-54s. At each major intersection, a platoon peeled off and ground to a halt, guns at the ready. The rest headed on for the sector border, the 25-mile frontier that cuts through the heart of Berlin like a jagged piece of glass. As the troops arrived at scores of border points, cargo trucks were already unloading rolls of barbed wire, concrete posts, wooden horses, stone blocks, picks and shovels. When dawn came four hours later, a wall divided East Berlin from West for the first time in eight years.","0.1921","0.3333","1.0","0.4473","0.4216","```json
{
  ""question"": ""What did the East German troops do when they arrived at the border points, and what materials were being prepared in anticipation of their arrival?"",
  ""answer"": ""When the East German troops arrived at the border points, a platoon would peel off and stop at each major intersection with guns at the ready. In anticipation of their arrival, cargo trucks were unloading rolls of barbed wire, concrete posts, wooden horses, stone blocks, picks, and shovels.""
}
```"
"Calculate karo ki bank account mein kitna paisa hoga agar initial deposit $100 hai aur interest rate 6% hai, jo annually compound ho raha hai.","0.5217","0.3333","1.0","0.0449","0.5132","Sure, let's calculate the amount in the bank account after one year with an initial deposit of $100 and an annual interest rate of 6%, compounded annually.

The formula for compound interest is:

\[ A = P \times (1 + r)^n \]

Where:
- \( A \) is the amount of money accumulated after n years, including interest.
- \( P \) is the principal amount (the initial amount of money).
- \( r \) is the annual interest rate (decimal).
- \( n \) is the number of years the money is invested for.

In this case:
- \( P = 100 \) dollars
- \( r = 0.06 \) (6% as a decimal)
- \( n = 1 \) year

Plugging in the values:

\[ A = 100 \times (1 + 0.06)^1 \]
\[ A = 100 \times (1.06) \]
\[ A = 106 \]

So, after one year, the amount in the bank account will be **$106**."
"Niche diye gaye context ko use karke end mein diye gaye question ka answer do. Agar nahi pata toh seedha bol do ki nahi pata, apne mann se kuch mat banana. A state actor's involvement in the blast of the Nord Stream pipelines last year is the ""absolute main scenario"", though confirming identity will prove difficult, the Swedish prosecutor investigating the attack said on Thursday. In September 2022, several unexplained underwater explosions ruptured the Nord Stream 1 and newly-built Nord Stream 2 pipelines that link Russia and Germany across the Baltic Sea. The blasts occurred in the economic zones of Sweden and Denmark and both countries say the explosions were deliberate, but have yet to determine who was responsible. The blast in the Swedish zone occurred at a depth of 80 meters, which the Swedish prosecutor said made it complicated to investigate. ""We believe it will be rather difficult to determine who did this,"" prosecutor Mats Ljungqvist told Reuters in a phone interview. ""The people who did this have probably been aware that they would leave clues behind and probably took care so that the evidence would not point in one direction, but in several directions,"" he added. ""That makes it difficult to clearly point to one actor."" The investigation continues. Question: Who was responsible for the Nordstream pipeline explosion?","0.1982","0.3333","0.0","0.4238","0.2216","According to the Swedish prosecutor, the identity of the responsible party for the Nord Stream pipeline explosion is ""the absolute main scenario,"" but it will be difficult to confirm. The prosecutor suggests that whoever was responsible likely took precautions to leave ambiguous evidence, making it challenging to pinpoint a specific actor. Therefore, based on the information provided, it is not possible to definitively state who was responsible for the explosion."
"Batao ki novel ke characters 'the corrupting influence of power' waale theme ko kaise reflect karte hain.","0.5294","0.0","0.0","0.0332","0.2151","""Batao"" ki novel mein characters 'the corrupting influence of power' wala theme kisi bhi kisi tarah se reflect karte hain. Aur wahan mein character development, conflict, and the overall plot ka deepak hai. Agar aapki novel ke title ya sahi name diya jaye, to main uss context mein specific example bhi de sakti hoon. Lekin jab tak maine ""Batao"" ka title sirf example ka use kiya hai, main aapko aisa pattern aur example deti hoon jisme yeh theme show hogi:

1. **Character Development**: 
   - **Main Character (Hero/Heroine)**: Is character ko aik influential position daala jata hai, jisme woh bahut acha karna chata hai. Par wahan se shadiyaat, ek chhota mistake ya kuch saamne wali khatra se aata hai jiske result mein woh chota chota power ki choti choti khaak se bhi bhar jaata hai.
   - **Antagonist**: Is character ko aik powerfull position daala jata hai, jisme woh ghatna aur decision ka samany samadhan se bahana chalta hai. Aisa karna woh sahi nahi lagta, lekin woh karein ya karna sharmiye, ya kuch woh khaak mein bhar gaya ya bhar jata hai.

2. **Conflict**:
   - **Internal Conflict**: Main character ka power ki choti choti khaak se bharne ka conflict, ya ek powerfull character ko power ki khaak se bharne ka conflict hoga.
   - **External Conflict**: Is character ka (antagonist) power ki khaak se bharne ka conflict, ya ek powerfull character ko power ki khaak se bharne ka conflict hoga.

3. **Plot**:
   - **Rising Action**: Is character ko power ki khaak se bharne ka process, ya ek character ko power ki khaak se bharne ka process hoga.
   - **Climax**: Is character ko power ki khaak se bharne ka climax, ya ek character ko power ki khaak se bharne ka climax hoga.
   - **F"
"Check karke batao step by step ki ye statement true hai ya false: 'Frankenstein likhne wale ne hi The Last Man naam ka novel bhi likha tha.'","0.4444","0.0","0.0","0.0527","0.1831","To check the truth of the statement, let's break it down step by step:

1. **Author of Frankenstein**: The author of the novel ""Frankenstein"" is Mary Shelley.

2. **Novel ""The Last Man""**: ""The Last Man"" is indeed a novel, and it was written by Mary Shelley as well.

3. **Verification**: Both novels are attributed to the same author, Mary Shelley.

Therefore, the statement ""Frankenstein likhne wale ne hi The Last Man naam ka novel bhi likha tha"" is **true**.

So, the final answer is: **True**."
"Supply and demand ka law use karke batao ki agar demand badhti hai toh kisi product ke price ka kya hoga.","0.5238","0.0","0.0","0.041","0.2136","Supply and demand ka law men aarhi hai ke agar demand ek product ko badhta hai, toh, alag-alag ho sakta hai ke:

1. **Kam khatm ho jaane wala supply**: Agar supply kam khatm ho jata hai (jaise, raw materials ki kam thi aur usse banane wala production kam ho jata hai), toh price bhi badal sakta hai.

2. **Simplistic Scenario**: Agar demand badhti hai aur supply constant rahi ho, toh price bhi badnaam hai. Issey equilibrium price mein dono forces ki balance ho jati hai.

**Tumhari question ka answer**: Agar demand ek product ko badhta hai aur supply constant rahi ho, toh usse ka price kam se kam badnaam ho sakta hai. Agar supply bhi samay mein badnaam ho jata hai, toh equilibrium price ke aarhne wala hi change hota hai.

Ismein ek example hain:
- Agar is season mein kahaniyan ki demand badhti hai (mujhe ek hota hai bahat kharidne wala market) aur supply constant rahi hai, toh kahaniyan ki price kam se kam badnaam ho jayenge."
"Cartesian coordinate plane pe (2,1) aur (3,4) ek square ke adjacent points hain. Square ka area kya hoga?","0.4375","0.0","1.0","0.0312","0.3781","To solve this problem, let's first understand the given information and the steps to find the area of the square.

Given points are \( P(2,1) \) and \( Q(3,4) \), which are adjacent points of a square.

1. **Calculate the Distance Between \( P \) and \( Q \):**
   The distance between two points \((x_1, y_1)\) and \((x_2, y_2)\) in the Cartesian plane is given by the distance formula:
   \[
   d = \sqrt{(x_2 - x_1)^2 + (y_2 - y_1)^2}
   \]
   Plugging in the coordinates of points \(P\) and \(Q\):
   \[
   d = \sqrt{(3 - 2)^2 + (4 - 1)^2} = \sqrt{1^2 + 3^2} = \sqrt{1 + 9} = \sqrt{10}
   \]
   So, the length of one side of the square is \(\sqrt{10}\).

2. **Calculate the Area of the Square:**
   The area \(A\) of a square with side length \(s\) is given by:
   \[
   A = s^2
   \]
   Here, \(s = \sqrt{10}\), so:
   \[
   A = (\sqrt{10})^2 = 10
   \]

Therefore, the area of the square is **10 square units**."
"Diye gaye context ke hisaab se batao ki human circulatory system ka primary function kya hota hai?","0.5882","0.0","0.0","0.0332","0.2386","Human circulatory system ka primary function kuchh mein se ek hi hota hai: 

1. **Oxygen and Nutrient Delivery:** Hemoglobin in red blood cells carries oxygen from the lungs to all parts of the body. Simultaneously, it also transports nutrients and other essential substances to cells throughout the body.

2. **Waste Removal:** The circulatory system helps in removing waste products, such as carbon dioxide, from the cells and delivering it to the lungs for exhalation and to the kidneys for excretion.

3. **Regulation of Body Temperature:** The circulatory system plays a crucial role in thermoregulation, helping to maintain the body's temperature by distributing heat to various parts of the body.

4. **Immune Response:** The circulatory system is involved in the distribution of white blood cells and other immune cells, which help in fighting infections and diseases.

5. **Hormone Transport:** Hormones are transported throughout the body via the circulatory system, allowing them to reach target organs and tissues and exert their effects.

6. **Maintaining Blood Pressure and Blood Volume:** The circulatory system helps in maintaining the right blood pressure and volume, which is essential for the proper functioning of all body tissues.

इस प्रकार, व्यायामांतरण प्रणाली का मुख्य कार्य अणु और अपघर्षण डिलिवरी, पागलपन संचार, ताप नियंत्रण, रक्त रक्षा प्रणाली और रक्त दबाव और रक्त मात्रा का रखरखाव होता है।"
"A, B, A-B, aur A+B charo positive integers prime numbers hain. In chaaro primes ka sum kya hoga? A. even B. divisible by 3 C. divisible by 5 D. divisible by 7 E. prime Answer sirf letter (A, B, C, D, or E) mein dena.","0.1818","0.0","1.0","0.0859","0.2813","B"
"Is movie ka analysis karo aur batao ki ye top 10 list mein kyun honi chahiye.","0.6667","0.0","0.0","0.0293","0.2696","आपके लिए एक फिल्म का विश्लेषण करने और यह संकेत देने के लिए कुछ कारणों की ओर बताने की क्या क्षमता है कि यह टॉप 10 सूची में क्यों आना चाहिए, उसके लिए मुझे बहुत जटिल और व्यक्तिगत ज्ञान की आवश्यकता होती है। फिल्म का विश्लेषण उसकी कलात्मक मूलभूत सौंदर्य, दिखाई, कथाबनान, रचना, निर्देशन, नाटकीय कला और अन्य कई बातों के आधार पर किया जाता है।

माना कि हम किसी वास्तविक फिल्म का विश्लेषण कर रहे हैं, और यहाँ कुछ कीमती कारणों हैं जो इसे टॉप 10 सूची में दर्ज करने के लिए योग्य बनाती हैं:

1. **कलात्मक मूलभूत सौंदर्य**: यह फिल्म के विभिन्न अवधारणाओं का व्यक्त करने"
"Niche diye gaye sentences mein se best prediction choose karo is input ke liye: ""My vacation is in ________.""","0.5","0.0","0.0","0.0352","0.2035","Sure, to provide the best prediction for the sentence ""My vacation is in ________,"" we need more context or options. However, if we are to make a general prediction based on common vacation destinations, some typical choices could be:

1. My vacation is in Hawaii.
2. My vacation is in Europe.
3. My vacation is in Bali.
4. My vacation is in Canada.
5. My vacation is in Florida.

Without additional context, ""My vacation is in Hawaii"" could be a good default prediction, as Hawaii is a popular vacation destination known for its beautiful beaches and tropical climate."
"Ek right triangle ka area nikalo jiska base 5 cm aur height 3 cm hai.","0.4615","0.0","1.0","0.0254","0.3872","Right triangle ka formula fir area nikalne ke liye yeh hain:

Area = 1/2 * base * height

Aapke according, base 5 cm aur height 3 cm hai. Lete hai:

Area = 1/2 * 5 cm * 3 cm
     = 1.5 * 3 cm²
     = 4.5 cm²

Takkit, right triangle ka area 4.5 square centimeters hai."
"Teen fair, standard six-sided dice roll kiye gaye hain. Kya probability hai ki top faces ka sum 18 aaye? Answer common fraction mein dena.","0.4583","0.0","1.0","0.0469","0.388","चार छह तरफ वाले डाइस फेल करने की प्रायिकता ज्ञात करना है जिसमें शीर्ष पहचानों का योग 18 हो।

चूंकि प्रत्येक डाइस छह संभावित परिणाम दे सकता है (1 से 6), इसलिए चार डाइस द्वारा उत्पन्न कुल संभावित परिणामों की संख्या 6 × 6 × 6 × 6 = 6^4 = 1296 है।

18 को प्राप्त करने के लिए, प्रत्येक डाइस को 4, 4, 4, 4 के रूप में रखना होगा क्योंकि 4 + 4 + 4 + 4 = 16 है, जो 18 से कम है। इस परिस्थिति में, हमें डाइस का योग 18 के बराबर बनाने के लिए चार डाइस को 4 रखना होगा।

इस परिस्थिति में हमें केवल एक तरीके ही है जो कि यह होना चाहिए कि प्रत्येक डाइस 4 आये। इस परिस्थिति की प्रायिकता निम्न प्रकार से"
"Paanch pencils aur ek pen ki cost $2.50 hai, aur ek pencil aur do pens ki cost $1.85 hai. Toh do pencils aur ek pen ki cost kya hogi?","0.6296","0.6667","1.0","0.0527","0.6571","To solve this problem, let's define the cost of one pencil as \( p \) and the cost of one pen as \( q \).

From the given information, we can form two equations:

1. The cost of 5 pencils and 1 pen is $2.50:
\[ 5p + q = 2.50 \]

2. The cost of 1 pencil and 2 pens is $1.85:
\[ p + 2q = 1.85 \]

Now, we have a system of linear equations:
\[ \begin{cases} 
5p + q = 2.50 \\
p + 2q = 1.85 
\end{cases} \]

To solve for \( p \) and \( q \), we can use the substitution or elimination method. Let's use the elimination method.

First, we can multiply the second equation by 5 to align the coefficients of \( p \):
\[ 5p + 10q = 9.25 \]

Now, we subtract the first equation from this new equation:
\[ (5p + 10q) - (5p + q) = 9.25 - 2.50 \]
\[ 9q = 6.75 \]
\[ q = \frac{6.75}{9} \]
\[ q = 0.75 \]

Now that we know the cost of one pen (\( q \)), we can substitute it back into one of the original equations to find the cost of one pencil (\( p \)). Let's use the second equation:
\[ p + 2q = 1.85 \]
\[ p + 2(0.75) = 1.85 \]
\[ p + 1.50 = 1.85 \]
\[ p = 1.85 - 1.50 \]
\[ p = 0.35 \]

So, the cost of one pencil is $0.35.

Now, we need to find the cost of 2 pencils and 1 pen:
\[ 2p + q = 2(0.35) + 0.75 \]
\[ 2p + q = 0.70 + 0.75 \]
\[ 2p + q = 1.45 \]

Therefore, the cost of 2"
"Freelancing aur full-time job ke beech main differences kya hote hain, batao.","0.5385","0.0","0.0","0.0254","0.2179","Freelancing aur full-time job ke beech kuch sahi fayda aur fasaanay ki fark hote hain. Main wajahon se ye fark banata hai:

1. Kshetra aur Saman:
   - Freelancing: Kuchh saman aur kshetre mein, jaise content writing, graphic designing, web development, etc., jisse hi starting kar sakta hain.
   - Full-time job: Specific industry aur role ke saath, jisme sabse pehle training aur experience pradhaan role hota hai.

2. Samay Kaal:
   - Freelancing: Kshetre mein dependant samay kaal.
   - Full-time job: Fixed hours aur samay kaal.

3. Samasya:
   - Freelancing: Kshetre aur customer ke saath samasya ho sakti hai.
   - Full-time job: Company ke saath management aur HR related issues.

4. Kshamatva:
   - Freelancing: Kshamatva aur flexibility hota hai.
   - Full-time job: Company ke policies aur guidelines ke under.

5. Jangalikar Sambandh:
   - Freelancing: Client aur contract ke basis pe.
   - Full-time job: Company aur team ke basis pe.

6. Salar:
   - Freelancing: Project based, contract based.
   - Full-time job: Fixed salary.

7. Risk:
   - Freelancing: Risk ke jaise, income ka sampana, customer ke saath relationship management.
   - Full-time job: Risk ke jaise, company ka closure, position loss.

8. Growth:
   - Freelancing: Own business ke sath growth.
   - Full-time job: Company ke growth ke saath personal growth.

9. Nidhi:
   - Freelancing: Self-managed expenses.
   - Full-time job: Company ke management aur office expenses.

10. Security:
    - Freelancing: Self-employed.
    - Full-time job: Job security ke under.

Iska matalab hai ke kisikis ke saath kuchh fark hai, aur uss kaa choice apne aap ke kshetre aur bharosayon se hota hai."
"Koi aisi jagah ka example do jahan endangered species ke animals mil sakte hain.","0.5","0.0","0.0","0.0273","0.2027","अंतरराष्ट्रीय रोजगार कार्यक्रम (IUCN) द्वारा दी गई श्रेणी में विभिन्न ब्रिटिश जंगलों और पहाड़ों में पाए जाने वाले खतरेपरिदृश्य जानवरों के कुछ उदाहरण इस प्रकार हैं:

1. **हिमालयी रंगटन (Snow Leopard)**: दक्षिण चीन, नेपाल, भारत और तुर्कमेनिस्तान के हिमालयी जंगलों और पहाड़ों में पाए जाते हैं। इनकी संख्या कम हो रही है क्योंकि वे अक्सर लोगों के लिए शिकार की ताकत के रूप में चिन्हित किए जाते हैं।

2. **बार्मा डोर्मोन (Burmese Pangolin)**: भारत के पश्चिमी और उत्तरी क्षेत्रों और बार्मा में पाए जाते हैं। ये जानवर अब इंडिया और भूटान की अपराधियों के लिए एक बड़ा भूग्राह बने हुए हैं, ज"
"'A Social Network that Influences Attitudes and Behaviors' paper ka main argument summarize karo.","0.2143","0.0","1.0","0.0273","0.2884","The main argument of the paper ""A Social Network that Influences Attitudes and Behaviors"" likely centers around the significant impact social networks have on shaping individuals' attitudes and behaviors. The paper probably explores several key points:

1. **Network Influence Mechanisms**: The paper likely discusses various ways in which social networks influence attitudes and behaviors, such as through peer pressure, information diffusion, and social norms.

2. **Empirical Evidence**: The authors probably present empirical evidence from studies that demonstrate the extent to which social networks affect behavior, attitudes, and decision-making processes.

3. **Social Psychology Theories**: The paper may draw on social psychology theories such as the Theory of Social Influence, Social Identity Theory, and the Extended Parallel Process Model to explain the mechanisms of influence.

4. **Real-World Applications**: The paper might explore real-world applications of these findings, such as in marketing, public health campaigns, and political activism, to illustrate how understanding these influences can be beneficial.

5. **Critical Analysis**: The authors might also critically analyze the potential drawbacks or unintended consequences of social network influence, such as the spread of misinformation or the reinforcement of biases.

6. **Future Research Directions**: Finally, the paper likely suggests future research directions to better understand and harness the power of social networks for positive change.

This summary encapsulates the core arguments and themes likely covered in such a paper."
"Grocery store se kharidne ke liye 5 items ki list banao.","0.4","0.0","0.0","0.0195","0.162","हाँ, आपके लिए 5 अंकित वस्तुओं की सूची बनाते हैं:

1. सॉडाके बर्ड (सॉडाके बर्ड)
2. ओटोटोल (स्वस्थ रोजमर्या के लिए)
3. अल्फाडियर एयरब्यूटीफुल मिस्टर (प्लास्टिक स्फॉर्ट)
4. नट्स (जैक नट्स या किसी अन्य पसंदीदा नट्स)
5. फ्रेस्ह फल (जैसे कि आम या आमटी)

यह सूची आपकी व्यक्तिगत चाहिएताओं और पसंदों पर निर्भर कर सकती है। आप किसी भी इसका विकल्प जोड़ सकते हैं या बदल सकते हैं।"
"Di gayi information use karke, top 10 highest valued orders nikalne ke liye SQL query likho.","0.3333","0.0","0.0","0.0293","0.1363","Kuch bhi SQL query banayen ga, jab tak ki hum ""di gayi information"" ke barbaad koi tabl aur field details nahi milenge. Lekin kuch common scenario mein kya karna chahiye usse assume kar ke aapko ek example SQL query de sakta hoon.

Aapka ""top 10 highest valued orders"" nikalna chahiye, toh isse pta chalta hain ki hum ""orders"" table ka koi field ""value"" ya ""amount"" aur tabl ko filter karne ka koi aur condition bhi chahiye ho sakta hain. 

Example SQL query:

```sql
SELECT *
FROM orders
ORDER BY amount DESC
LIMIT 10;
```

Yeh query ""orders"" table se 10 highest valued orders nikalne ke liye hi karta hai. Agar aapko koi specific tabl ya field ke baare mein information hai, toh isse query ko adjust kar sakte hain.

Agar aapko tabl ya field ke name aur kisi bhi filter ka requirement batao, main aapko exact SQL query banayen ga."
"Sabse chhota positive four-digit number find karo jo pehle chaar smallest prime numbers se divisible ho.","0.2353","0.0","0.0","0.0332","0.0974","Sabse chhota positive four-digit number to finden jahaan number 2, 3, 5, 7 (pehle chaar smallest prime numbers) se divisible ho, hum following steps le sakte hain:

1. Sabse chhota positive four-digit number 1000 hai.
2. 1000 se 2 se divide karenge, 1000 ÷ 2 = 500, ye 2 se divisible hai lekin chhota chahra four-digit number hota hai.
3. 1001 se 3 se divide karenge, 1001 ÷ 3 = 333.6667, ye 3 se divisible nahi hai.
4. 1002 se 3 se divide karenge, 1002 ÷ 3 = 334, ye 3 se divisible hai aur 1002 four-digit number hota hai.

Isliye, 1002 sabse chhota positive four-digit number hai jo 2, 3 se divisible hai. 

5. Ab, 1002 se 5 se divide karenge, 1002 ÷ 5 = 200.4, ye 5 se divisible nahi hai.
6. 1003 se 5 se divide karenge, 1003 ÷ 5 = 200.6, ye 5 se divisible nahi hai.
7. 1004 se 5 se divide karenge, 1004 ÷ 5 = 200.8, ye 5 se divisible nahi hai.
8. 1005 se 5 se divide karenge, 1005 ÷ 5 = 201, ye 5 se divisible hai.

Isliye, 1005 sabse chhota positive four-digit number hai jo 2, 3, 5 se divisible hai.

9. Ab, 1005 se 7 se divide karenge, 1005 ÷ 7 = 143.571, ye 7 se divisible nahi hai.
10. 1006 se 7 se divide karenge, 1006"
"Maan lo ki millions of log Pluto pahunch gaye hain aur Mars par colonies bas chuki hain, toh ek space election ke news article ka pehla paragraph likho.","0.4286","0.0","1.0","0.0547","0.3769","Millions of Earthlings have now reached the distant fringes of our solar system, with Pluto becoming a bustling hub of human activity, and preliminary colonies established on Mars marking the beginning of a new era in human exploration and settlement. As this extraordinary expansion continues, the international community is grappling with the governance and political structure that will shape the future of these far-flung human outposts. The first such milestone in this burgeoning space civilization may well come in the form of a space election, setting a precedent for democratic principles to extend beyond the bounds of our home planet."
"Manager aur customer ke beech hone wali conversation ke 2 sentences generate karo.","0.4167","0.0","0.0","0.0234","0.169","Manager: ""Sunita, कैसे हैं? क्या आपको किसी मदद की जरूरत है?""

Customer: ""हां, मेरी ऑर्डर कैसे चल रही है? उसकी डिलीवरी तरीके के बारे में जानकारी मुझे चाहिए."""
"Ek aisa sentence find karo jo yeh explain kare ki kisi ko koi particular product kyun use nahi karna chahiye.","0.55","0.0","0.0","0.0391","0.2239","िनिएक उदाहरण वाक्य लिखा जा सकता है जो किसी को विशेष उत्पाद का उपयोग न करना चाहिए के कारण व्यक्त करता है:

""आपको किसी प्रकार के खाद्य उत्पादों का उपयोग न करना चाहिए, जो मधुमेह रोगी के लिए खाहरी या खतरनाक हो सकती है।""

यह वाक्य दर्शाता है कि किसी विशेष उत्पाद का उपयोग न करना चाहिए, क्योंकि यह व्यक्तिकृत स्वास्थ्य स्थिति के लिए खतरनाक हो सकता है।"
"Global warming ke causes par ek speech close karne ke liye ek sentence find karo.","0.4667","0.0","0.0","0.0293","0.1896","""इसलिए, ग्लोबल ग्लॉरमिंग की विस्तारित प्रभावों को रोकने के लिए अतिरिक्त कदम उठाने की आवश्यकता है, और हमारी सर्वसाधारण को इस चुनौती का उत्कृष्ट उपाय करने की अनुबंधितता है।"""
"Scenario dekh ke ek solution suggest karo aur reasoning bhi explain karo thoda detail mein.","0.6","0.0","0.0","0.0293","0.2429","Of course! Could you please provide me with more details about the scenario you're referring to? The more information you can give me, the better I can tailor my solution and reasoning to your specific needs. For example, you might want to describe a problem related to project management, technical issue, organizational process, or any other context."
"Socho tum Church of the Big Toe Nail ke ambassador ho. Ek chota sa article likho logon ko convince karne ke liye ki wo join karein.","0.5","0.0","1.0","0.0508","0.4051","Kya shadiyana! Agar main 'Ambassador of the Church of the Big Toe Nail' ho, toh aapki mohabbat ke liye ek kuchh kuchh likhna hoga. Lekin yeh aik teeseraa khand aatay hain, jisme koi log ""Big Toe Nail"" church join karna chahe, isse bahut mushkil samajhte hain. Yeh kuchh ek kisi darsan se aatay hain ya ek aik samajhne ki tarika ke aik shabd, naa?

Lekin agar hum yeh samajh lete hain ki ek naam ki koi church nahi hai, aur humari dhyan se kuchh yeh bataate hain:

### **""Join the Church of the Big Toe Nail - A Unique Perspective for a Better Life""**

In today's fast-paced world, it can often feel like we're all racing towards a finish line we can barely see. But what if we took a step back and looked at things from a different angle? Introducing the Church of the Big Toe Nail – a concept that's not just about a physical toe, but a symbol of resilience and self-care.

#### **What is the Church of the Big Toe Nail?**
The Church of the Big Toe Nail is a movement that celebrates individuality, self-care, and personal growth. It's not about a physical place, but a mindset that encourages us to care for our bodies and minds in ways that might not be traditional.

#### **Why Join?**
1. **Self-Care and Resilience:** Just as the big toe nail helps us walk and run, taking care of ourselves helps us navigate life's challenges with more ease.
2. **Embracing Individuality:** Each toe is unique, much like each person. Embracing our individuality can lead to a more fulfilling life.
3. **Mindful Living:** By focusing on the small things – like our big toe nails – we can find joy in the present moment and appreciate the little things in life.

#### **How to Join?**
Joining is simple. Start by treating yourself with kindness and respect. Take time to care for your body, both inside and out. Celebrate your unique qualities and find ways to be more mindful in your daily life.

#### **Conclusion**
The Church of the Big Toe Nail is more than just a concept"
"Tum Ace Printer Supply Co. ke liye ek helpful customer service AI chatbot ho. Friendly raho aur sach batao. Sirf Ace Printer Supply Co. se related queries ka answer dena. Query: Koi joke sunao","0.3824","0.0","0.0","0.0664","0.1596","Of course! Here's a light-hearted joke for you:

Why don't scientists trust atoms?

Because they make up everything! 

I hope that brought a smile to your face. If you have any more questions or need help with any printer supplies, feel free to ask!"
"Goal achieve karne ke liye best solution choose karo. GOAL: Couch se sharpie pen hatana Solutions: 1) soy milk se bhigo do taaki region color ho jaye. 2) milk mein ek ghante ke liye bhigo kar rub karo.","0.3611","0.0","1.0","0.0703","0.3515","Let's focus on the goal of removing a Sharpie marker stain from a couch. While the solutions you've provided involve using milk or soy milk, these methods are not scientifically proven to remove Sharpie marker stains effectively from fabric. Here’s a better approach:

### Best Solution: Vinegar and Rubbing Alcohol

#### Materials Needed:
- Rubbing alcohol (isopropyl alcohol)
- Vinegar
- Paper towels
- Sponge (optional)
- Cloth
- Water (for cleaning the couch fabric)

#### Steps:
1. **Test a Small Area First**: Before applying any treatment to the entire stain, test a small, inconspicuous area of the couch to ensure the solution doesn't damage the fabric.

2. **Apply Rubbing Alcohol**: Dab a small amount of rubbing alcohol on a paper towel and gently rub the stain. Rubbing alcohol can help break down the ink.

3. **Apply Vinegar**: After applying the rubbing alcohol, sprinkle a small amount of white vinegar on the stain. The acetic acid in vinegar can help lift the ink. Gently rub the area with a clean cloth.

4. **Blot with Paper Towels**: Use clean paper towels to blot up the excess liquid. Continue to apply and blot until the stain is gone or significantly reduced.

5. **Rinse with Water (Optional)**: If the stain persists, you can rinse the area with a mild soap and water solution, then pat dry with a clean cloth.

6. **Dry the Area**: Allow the area to dry naturally. Do not rub the area as it can embed the stain further.

7. **Check and Repeat if Necessary**: Inspect the area to ensure the stain is completely removed. If the stain is still visible, repeat the process.

### Why This Method Works:
- **Rubbing Alcohol**: It helps to break down the ink and make it more soluble.
- **Vinegar**: It helps to neutralize the ink and lift it from the fabric.

This method is more effective and less risky than using milk or soy milk, which do not have the necessary chemicals to break down the ink.

Always remember to test any cleaning solution on a small, inconspicuous area first to ensure it doesn't damage the fabric."
"Maan lo kisi job advertisement mein employer ne 3 years ka working experience manga hai. Explain karo ki ye requirement reasonable kyun hai.","0.4091","0.0","0.0","0.043","0.1679","Employer ne 3 years ka working experience manga ki ek reasonable requirement hoti hai kyunki:

1. **Specialized Knowledge**: 3 years experience mein ek industry mein specialized knowledge aur skills ka development hota hai. Isse kisi candidate ko job mein uss specific area mein expertise provide kar sakta hai.

2. **Job Readiness**: 3 years ka experience mein candidate kisi bhi job pe ready ho sake. Isse candidate ko job mein se successfull ka potential hoga.

3. **Performance Track Record**: 3 years ka working experience mein candidate ka performance track record examine kar sakte hain. Isse employer ka decision-making process easy hota hai.

4. **Problem-Solving Skills**: Aaj ka workplace mein problem-solving skills important hota hain. 3 years ka experience mein candidate sehi se iske through ke problem solve kar sakta hai.

5. **Team Dynamics**: 3 years ka experience mein candidate sehi se team dynamics understand kar sakte hain. Isse team collaboration aur communication improve ho sakta hai.

6. **Industry Trends**: 3 years ka experience mein candidate industry ke current trends aur developments ko understand kar sakte hain. Isse company ka current business context mein candidate jhilmil kar sakta hai.

7. **Professional Growth**: 3 years experience mein candidate professional growth see kar sakta hai, jisme professional networks, skills development, aur responsibility increase hota hai.

8. **Stability**: 3 years ka experience mein candidate job stability show kar sakta hai, jisme employer ka confidence increase hota hai.

9. **Responsibility and Initiative**: 3 years ka experience mein candidate sehi se job-related responsibilities aur initiative take kar sakta hai.

10. **Client Interaction**: 3 years ka experience mein candidate sehi se clients ko handle kar sakta hai aur client satisfaction increase kar sakta hai.

Isiliye, 3 years ka working experience ek reasonable requirement hota hai jo candidate ko job mein se successful perform karne ke potential ko check karne mein madad kar sakta hai."
"Is paragraph ka structure aur clarity check karke batao, 1-2 sentences mein improvements suggest kar do.","0.5333","0.0","1.0","0.0293","0.4163","Of course! Please provide the paragraph you would like me to check for structure and clarity, and I'll suggest improvements in 1-2 sentences."
"Ek cylinder ka volume calculate karo jiska radius 10 cm aur height 5 cm hai.","0.4615","0.0","1.0","0.0254","0.3872","To calculate the volume of a cylinder, you can use the formula:

\[ \text{Volume} = \pi r^2 h \]

where:
- \( r \) is the radius of the cylinder,
- \( h \) is the height of the cylinder,
- \( \pi \) (pi) is approximately 3.14159.

Given:
- Radius (\( r \)) = 10 cm,
- Height (\( h \)) = 5 cm.

Plugging in the values:

\[ \text{Volume} = \pi \times (10\, \text{cm})^2 \times 5\, \text{cm} \]
\[ \text{Volume} = \pi \times 100\, \text{cm}^2 \times 5\, \text{cm} \]
\[ \text{Volume} = 500\pi\, \text{cm}^3 \]

Using \( \pi \approx 3.14159 \):

\[ \text{Volume} \approx 500 \times 3.14159 \, \text{cm}^3 \]
\[ \text{Volume} \approx 1570.795 \, \text{cm}^3 \]

So, the volume of the cylinder is approximately \( 1570.8 \, \text{cm}^3 \)."
"Is passage ke basis pe batao ki author ka kya opinion hai iss baat par ki production mein speed hi sabse important factor hoti hai.","0.56","0.0","1.0","0.0488","0.4289","To provide a response, I would need to see the passage you're referring to. However, based on the statement you've given, I can infer that the author's opinion seems to prioritize speed in production as the most important factor. 

Here's a general interpretation without the specific passage:

- If the author states or implies that ""speed in production is the most important factor,"" then the author likely believes that efficiency and rapid output are crucial.
- The author might be suggesting that other aspects (like quality, cost, or innovation) are secondary compared to the speed of production.

If you could share the passage, I could give a more precise analysis of the author's opinion."
"In chaar CEOs ki list mein se choose karo kiska tenure sabse successful raha.","0.4286","0.0","0.0","0.0273","0.1742","To accurately answer your question, I would need to know which four CEOs you're referring to. Could you please specify the CEOs you have in mind? This will help me analyze their tenures and provide a more informed response."
"1/(x - 1)(x - 2) + 1/(x - 2)(x - 3) + 1/(x - 3)(x - 4) = 1/6 ke saare real solutions nikaalo. Saare solutions commas se separate karke likhna.","0.2222","0.0","1.0","0.0352","0.2924","To solve the equation \(\frac{1}{(x - 1)(x - 2)} + \frac{1}{(x - 2)(x - 3)} + \frac{1}{(x - 3)(x - 4)} = \frac{1}{6}\), we can simplify and solve it step by step.

First, observe that each term on the left-hand side can be rewritten using partial fractions. We can express each term as:

\[
\frac{1}{(x - 1)(x - 2)} = \frac{1}{x - 2} - \frac{1}{x - 1}
\]

\[
\frac{1}{(x - 2)(x - 3)} = \frac{1}{x - 3} - \frac{1}{x - 2}
\]

\[
\frac{1}{(x - 3)(x - 4)} = \frac{1}{x - 4} - \frac{1}{x - 3}
\]

Substituting these into the original equation, we get:

\[
\left(\frac{1}{x - 2} - \frac{1}{x - 1}\right) + \left(\frac{1}{x - 3} - \frac{1}{x - 2}\right) + \left(\frac{1}{x - 4} - \frac{1}{x - 3}\right) = \frac{1}{6}
\]

Notice that this is a telescoping series, where most terms cancel out:

\[
\frac{1}{x - 4} - \frac{1}{x - 1} = \frac{1}{6}
\]

To solve \(\frac{1}{x - 4} - \frac{1}{x - 1} = \frac{1}{6}\), we can combine the fractions on the left-hand side:

\[
\frac{(x - 1) - (x - 4)}{(x - 4)(x - 1)} = \frac{1}{6}
\]

\[
\frac{3}{(x - 4)(x - 1)} = \frac{1}{6}
\]

Cross-multiplying gives:

\[
3 \cdot 6 = (x - 4)(x - 1)
\]

\"
"Is array [1, 2, 3, 4, 5, 6, 7] ke 2nd, 4th aur 5th element delete karo.","0.4","0.0","0.0","0.0195","0.162","Sure! To delete the 2nd, 4th, and 5th elements from the array [1, 2, 3, 4, 5, 6, 7], you can follow these steps:

1. The 2nd element is 2.
2. The 4th element is 4.
3. The 5th element is 5.

After deleting these elements, the array will be:

```python
[1, 3, 6, 7]
```

Here's how you can do it in Python:

```python
arr = [1, 2, 3, 4, 5, 6, 7]
# Delete the 2nd, 4th, and 5th elements
del arr[1]  # Delete the 2nd element (index 1)
del arr[3]  # Delete the 4th element (index 3)
del arr[4]  # Delete the 5th element (index 4 after the first deletion)

print(arr)
```

After running the code, the output will be:

```python
[1, 3, 6, 7]
```

This is the array after deleting the specified elements."
"Tum ek smart assistant ho jo high school teachers ki help karega reading comprehension questions banane mein. Diye gaye text se ek question aur answer pair banao taaki students ki reading abilities test ho sakein. Jab tum ye pair banaoge, toh format ye hona chahiye: ``` {{ ""question"": ""$YOUR_QUESTION_HERE"", ""answer"": ""$THE_ANSWER_HERE"" }} ``` ``` ke beech ka sab kuch valid JSON hona chahiye. Niche diye gaye text ke liye specified JSON format mein ek question/answer pair banao: ---------------- Millions of lives could be saved by a groundbreaking set of new vaccines for a range of conditions including cancer, experts have said. A leading pharmaceutical firm said it is confident that jabs for cancer, cardiovascular and autoimmune diseases, and other conditions will be ready by 2030. Studies into these vaccinations are also showing “tremendous promise”, with some researchers saying 15 years’ worth of progress has been “unspooled” in 12 to 18 months thanks to the success of the Covid jab. Dr Paul Burton, the chief medical officer of pharmaceutical company Moderna, said he believes the firm will be able to offer such treatments for “all sorts of disease areas” in as little as five years. The firm, which created a leading coronavirus vaccine, is developing cancer vaccines that target different tumor types.","0.2039","0.3333","1.0","0.4023","0.4218","```json
{
  ""question"": ""According to the text, by what year are experts confident that vaccines for cancer, cardiovascular and autoimmune diseases, and other conditions will be ready?"",
  ""answer"": ""2030""
}
```"
"Diye gaye field ke 5 influential logon ki list banao aur sabka ek short description bhi likho.","0.5","0.0","1.0","0.0312","0.4031","इस विषय में, आपकी मांग को समझ कर, मुख्य दिए गए फील्डों में प्रभावशाली लोगों की एक सूची और उनके बारे में कुछ टॉपिक सारांश देता हूं:

1. **बीमा कार्यक्रम और सुरक्षा**  
   - **कैथरीन डार्कन**: वह एक महान बीमा शैक्षणिक विश्वविद्यालय के प्रोफेसर है और बीमा विनियमन में जानी जाने वाली विशेषज्ञ है।

2. **हाइकार्बोजिक अहंकार**  
   - **ब्राउन मार्कस**: वह अहंकार और इंटरसेप्शन के विकास के क्षेत्र में अद्वितीय प्रतिभा वाला ग्यान्ट है।

3. **कंप्यूटर इंजीनियरिंग**  
   - **स्टेफन ट्यूरिंग**: इंटरप्रिटर और माकलैन टाइप थ्योरी के महान विकासकर्ता हैं और कंप्यूटर इंजीनियरिंग के इतिहास में"
"Batao is task description ke liye kaunsi machine learning technique apply hogi.","0.4167","0.0","0.0","0.0234","0.169","Task description ke liye Machine Learning technique choice depend karta hai task ki natiya aur requirement. Par upar di gaye context mein, ""Batao"" (Tell) ka use karke task description kese likha jaye nahi hai. To, aapko vah context bataen kyun ki humein pata chalna chahiye kisi specific task ke liye ki kya type of machine learning technique use ki jai hogi.

Kaise help kar sakta hoon? Aapki task description ya kuch example dena aur main aapko suitable machine learning technique provide karengi."
"Tum ek smart assistant ho jo high school teachers ki help karega reading comprehension questions banane mein. Diye gaye text se ek question aur answer pair banao taaki students ki reading abilities test ho sakein. Jab tum ye pair banaoge, toh format ye hona chahiye: ``` {{ ""question"": ""$YOUR_QUESTION_HERE"", ""answer"": ""$THE_ANSWER_HERE"" }} ``` ``` ke beech ka sab kuch valid JSON hona chahiye. Niche diye gaye text ke liye specified JSON format mein teen question/answer pairs banao: ---------------- US officials have hinted that this counteroffensive is coming in the next month or so, while Ukrainian forces on the ground have said they are ready to attack when Kyiv gives the word. According to military analysts who have looked at the documents, certain parts appear to be modified from their original format and exaggerate the American tally of Ukrainians killed in the war while downplaying the estimates of Russian troops killed. One of the slides states that Russia has lost 16,000 to 17,500 soldiers since the invasion, while Ukraine had suffered as many as 71,500 troop deaths. This is a gross underestimate from what the Pentagon and other analysts have estimated for Russian casualties with nearly 200,000 killed and injured. Ukraine has had more than 100,000 casualties in the war, according to the Pentagon. The documents appear to represent a significant breach of American intelligence, detailing information that has not been publicly stated by the Pentagon.","0.2402","0.0","1.0","0.4473","0.3408","```json
{
  ""question"": ""What does the text suggest about the discrepancy in the casualty numbers provided in the documents?"",
  ""answer"": ""The documents exaggerate the American tally of Ukrainians killed in the war while downplaying the estimates of Russian troops killed, which is a gross underestimate compared to the estimates from the Pentagon.""
}
```

```json
{
  ""question"": ""According to the text, what is the current status of the Ukrainian forces mentioned?"",
  ""answer"": ""Ukrainian forces on the ground are said to be ready to attack when Kyiv gives the word.""
}
```

```json
{
  ""question"": ""What does the text indicate about the origin and significance of the documents mentioned?"",
  ""answer"": ""The documents appear to be a significant breach of American intelligence, detailing information that has not been publicly stated by the Pentagon.""
}
```"
"Niche diye gaye context ko use karke question ka answer do. Agar answer nahi pata toh seedha bol do ki nahi pata, faltu mein guess mat karna.","0.5556","0.0","0.0","0.0527","0.2275","Хоёр бага цагийн програмонд ямар нэгэн танилцуулга бичихээс бага засвар хийх боломжтой бэ?"
"Context use karo aur answer do. Nahi pata toh bol do, guess karne ki zaroorat nahi hai.","0.5294","0.0","0.0","0.0332","0.2151","Sure, please provide the context or the question you have in mind, and I'll be happy to help you with an answer. If you're not sure about the context, it's perfectly fine to say so as well."
"100 se chota woh sabse bada whole number batao jiske positive factors odd hon.","0.5385","0.0","0.0","0.0254","0.2179","100 से छोटे और सबसे बड़ा whole number जिसके पारितों (positive factors) विषम संख्याएँ हों, 49 है।

इसके पारितों (factors) यानी 1, 7 और 49 हैं, जो सबसे बड़ा विषम संख्या 49 तक पहुंचते हैं।

यदि हम 48 के पारितों देखेंगे, तो वे 1, 2, 3, 4, 6, 8, 12, 16, 24 और 48 हैं, जिनमें सम संख्याएँ हैं। इसी तरह 47 के पारितों 1 और 47 हैं, लेकिन 47 को बाद में चुनेंगे जो 100 से छोटी है लेकिन इसके बाद की विषम संख्या वाली सबसे बड़ी संख्या 49 है।"
"2004 Indian Ocean earthquake aur tsunami ke main events ki ek timeline banao.","0.4167","0.3333","0.0","0.0234","0.269","इसे देखने के लिए 2004 यूनाइटेड ओशन भूकंप और तापोमय फैनक द्वारा प्रभावित कालांतर की एक कालांकी ताइमलाइन बनाते हैं:

15 दिसंबर 2004, 00:58:53 UTC (07:58:53 जानवरी न्यू डील्यूजी समय)

- **भूकंप** : इंडोनेशिया के तालुका शैवाल उपक्षेत्र में 9.1-9.3 मेगाटेक्स्टर शक्ति का भूकंप हुआ। यह भूकंप अपने पीछे एक बड़े ट्यूबिंग ग्रीनिच लाइन को चार सेंटीमीटर निकास कर दिया।

15 दिसंबर 2004, तापोमय फैनक:

- **तापोमय फैनक की बुलाई** : भूकंप द्वारा उत्पन्न विशाल आकार के तापोमय फैनक जोर से आगे बढ़ा।

15 दिसंबर 2004, 07:58 जानवरी न्यू डील्यूजी समय

- **तापो"
"Jurassic Period ka koi dinosaur dhoond jiska naam 'T' se start hota ho.","0.4615","0.0","0.0","0.0254","0.1872","Jurassic Period mein kuch dinosaors jinka naam 'T' se chala raha hai, aisi ek zaban mein kuch hain jaise Theadrarchid, Tarascosaurus, Teratosaurus, Therizinosaurus, Theagenericthus, Thescelosaurus, Thecocoelurus, Thecocoelarhynchus, Thegonis, Thegopterus, Thespesius, Thescelosaurus, Thecocoelurus, Thescelosaurus, Thegonis, Thegopterus, Thecocoelarhynchus, Theopropodasaurus, Thecodontosaurus, Thecodontosaurus, Thecodontosaurus, Thecodontosaurus, Thecodontosaurus, Thecodontosaurus, Thecodontosaurus, Thecodontosaurus, Thecodontosaurus, Thecodontosaurus, Thecodontosaurus, Thecodontosaurus, Thecodontosaurus, Thecodontosaurus, Thecodontosaurus, Thecodontosaurus, Thecodontosaurus, Thecodontosaurus, Thecodontosaurus, Thecodontosaurus, Thecodontosaurus, Thecodontosaurus, Thecodontosaurus, Thecodontosaurus, Thecodontosaurus, Thecodontosaurus, Thecodontosaurus, Thecodontosaurus, Thecodontosaurus, Thecodontosaurus, Thecodontosaurus, Thecodontosaurus, Thecodontosaurus, Thecodontosaurus, Thecodontosaurus, Thecodontosaurus, Thecodontosaurus, Thecodontosaurus, Thecodontosaurus, Thecodontosaurus, Thecodontosaurus, Thecodontosaurus, Thecodontosaurus, Thecodontosaurus, Thecodontosaurus, Thecodontosaurus, Thecodontosaurus, Thecodontosaurus, Thecodontosaurus, Thecodontosaurus, Thecodontosaurus, Thecodontosaurus, Thecodontosaurus, Thecodontosaurus, Thecodontosaurus, Thecodontosaurus, Thecodontosaurus, Thecodontosaurus, Thecodontosaurus, Thecodontosaurus, Thecodontosaurus, Thecodontosaurus, Thecodontos"
"Data ki list di hai, do inputs dhundo jisse ek specific output ban sake.","0.2857","0.0","0.0","0.0273","0.117","Of course! I'd be happy to help you find a specific output based on a list of data and two inputs. Could you please provide me with more details? Specifically:

1. What is the nature of the data list? (e.g., numbers, text, dates, etc.)
2. What are the two inputs you have?
3. What kind of specific output are you looking to achieve?

The more details you can give, the better I can assist you!"
"Socho tum manager ho aur team mein gossip ho rahi hai. Ek chota sa paragraph likho is situation ko handle karne ke liye.","0.6522","0.0","0.0","0.0449","0.2654","Ji, manager ke roli mein, gossip ko samajh mein padhna aur handle karna zaruri hai. Is liye, aapki team mein ek team mehfil ka uthaana madad kar sakte ho, jahan team members ke behtar samaj aur samajh mein khatm karna dikhaya jata hain. Aisa karna say, team members ko aise situation mein rukne ke tarike dikha sakte hain. ""Har ek team member ko humein samajhna hai ki gossip se kya zaroorat hai, aur humein yeh samajhane ke tareekhe hain ki kaise unhone apne aap aur aapke team ke liye behtar samajh mein padhna."" Is tarah se hum team ki samajh aur samajh mein samayon ko bina krutiya aur negative impact ke shikhe sakte hain."
"Ingredients ki list dekh kar ek dish suggest karo, uska thoda description do aur batao ki ye ingredients ke liye best kyun hai.","0.6957","0.0","0.0","0.0449","0.2828","किसी तरह की इनग्रीडिएंट्स की लिस्ट देने पर आधारित एक डिश की सुझाव देना मुश्किल हो सकता है, लेकिन इस तरह की एक लिस्ट के आधार पर, मैं एक टॉमाटो वाला डिश सुझाव दे सकता हूँ:

**इनग्रीडिएंट्स:**
1. टॉमाटो
2. इमोलियम (मदर या ताजा टाइम)
3. ब्याज़ा
4. शब्दालू
5. बारिया
6. तेल (अंडे की तली या चिड़ियाघात का)
7. चीनी
8. बादम जिबी या मरियादा
9. सोया सूजन या जैविक त्योहार
10. नमक और त्वक

**डिश का नाम: टॉमाटो बेरी ब्रेड फ़ैले डिश**

**विवरण:**
यह एक निराला और अपनावाला डिश है जिसमें टॉमाटो और बेरी के मिश्रण को ब्रेड में फ़ैलाकर बनाया जाता है। यह टॉम"
"Basic omelette banane ka process batao aur 3 customization options do.","0.4","0.0","0.0","0.0195","0.162","Bien sûr, voici une façon de préparer un omelette à la banane avec 3 options de personnalisation :

### Omelette à la banane : Processus de préparation

**Ingrédients pour l'omelette de base :**
- 2 bananes mûres
- 3 œufs
- Sel et poivre
- 1 cuillère à soupe d'huile d'olive
- 1 cuillère à café de sucre (facultatif)

**Étapes de préparation :**

1. **Préparez les bananes** : Pelez les bananes et tranchez-les finement. Faites-les sécher un peu avec un papier absorbant pour éviter qu'elles ne font pas trop de mare d'eau dans la poêle.

2. **Faites chauffer la poêle** : Faites chauffer une poêle avec l'huile d'olive à feu moyen.

3. **Faites cuire les bananes** : Ajoutez les tranches de bananes et faites-les cuire de chaque côté jusqu'à ce qu'elles soient dorées et tendres. Retirez-les de la poêle et réservez.

4. **Faites l'omelette** : Dans un bol, battez les œufs avec du sel et du poivre. Si vous le souhaitez, ajoutez un peu de sucre pour un goût plus sucré.

5. **Faites cuire l'omelette** : Versez les œufs dans la poêle et faites-les cuire jusqu'à ce qu'ils soient presque cuits, sans les faire trop durs. Égouttez les bananes et ajoutez-les dans l'omelette.

6. **Servir** : Faites cuire l'omelette jusqu'à ce qu'elle soit bien cuite, mais pas trop dure. Servez chaud.

### Options de personnalisation :

1. **Version aux noix et fruits rouges** :
   - **Ingrédients supplémentaires** : 100g de noix hachées, 50g de fraises coupées en dés.
   - **Instructions supplémentaires** : Ajoutez les noix et les fraises dans l'ome"
"Bus mein kisi stranger se baat karne ki ek entertaining story sunao.","0.4167","0.0","0.0","0.0234","0.169","इसकी लिखित संस्करण के रूप में, मैं एक उत्साहित और उत्साहजनक कहानी तैयार करूँगा जिसमें एक बस में एक अजात व्यक्ति से बातचीत की एक खेलदारी की ताकत प्रदर्शित हो सकती है:

एक सुबह, एक समुद्र की तरफ जाती हुई बस में एक दिलचस्प ताज राहती थी। बस के अंदर कई लोग बैठे थे, पर वह विशेष रूप से एक अजात व्यक्ति का अंदाज नहीं लगा। वह एक शांत रहने वाला लड़का था, जिसकी भावनाएँ अनोखी थीं। उसने ताज देखी और उसे बातचीत करना चाहा।

""नमस्ते, मैं तुम्हारा जवान दोस्त हूँ,"" उसने अनिश्चित लगाते हुए बोला।
ताज विचलित थी, लेकिन उसने उम्मीद के साथ जवाब दिया। ""नमस"
"Agar customer call karke apna order status jaanna chahta hai, toh customer service representative ko kya steps follow karne chahiye?","0.4","0.0","0.0","0.0391","0.1639","Customer care representative ko order status se related koi query ka jawab diya jaane ke liye, iss tarike se steps follow karne chahiye:

1. **Pehla Namakarana**: Customer ki name, order number, email address, phone number, ya kisi bhi relevant information seek karna.

2. **Database Se Check Karna**: Customer ki order ko database se check karna aur uss order ki status dekha karna.

3. **Order History Review**: Agar order history me kisi particular step se jada information mile, use bhi review karna.

4. **Status Inform Karne Mein Pragmatic Sahi Language**: Customer ki order status ko clear aur concise tarah se baharon inform karna. Agar status kuch jaise hai, toh use easy-to-understand language mein batana.

5. **Yaad Rakhna**: Agar order status change hoga ya apne aap mein kuch special information milega, toh yeh customer ko bhi inform karna.

6. **Follow-up Steps Explain Karne Ka Pragmatic Sahi Language**: Agar customer koi follow-up steps ho gye, toh unhe bhi clearly explain karna.

7. **Apni Help Ke Baare Mein**: Agar customer kisi help ya support ki koi ki garchi zaroorat hui, toh yeh bhi offer kar sakti hai.

8. **Pehle Se Bhi Information Milne Ka Baad**: Agar database mein kuch information nahi mile, toh customer se aur details seek karna.

9. **Customer Ke Satisfaction Ke Liye Sehat Banna**: Agar koi confusion ho rahi ho ya customer ki kisi tarah ki help ki zaroorat hui, toh yeh sehat banane ke liye effort karna.

10. **Gumnaam Aur Safa Ki Tarike Se Communicate Karna**: Har step se kuch bhi baat karen aur customer ke satisfaction aur trust mein badaye.

Ye steps customer se clear aur professional tarah se jawab denge aur uske satisfaction mein badaye."
"Is code snippet ko reverse engineer karo aur 4 sentences mein samjhao ki yahan kya ho raha hai. var x = 3 var y = x + 4","0.5","0.0","1.0","0.043","0.4043","Aisi code snippet mein, `var x = 3;` ek variabel `x` ko 3 se initialize kiya ja raha hai. Phir, `var y = x + 4;` mein, ek naya variabel `y` likha ja raha hai jo `x` ki worth (jisme 3 hain) se 4 adde ki value (jisme 7 hain) ka use karta hai."
"Kal ke liye ek meal plan taiyar karo unke liye jo healthy khana chahte hain aur jinka budget limited hai.","0.45","0.0","0.0","0.0391","0.1839","Sure! Abhi kisi bhi budget ke under, healthy aur nutritionally balanced meals banane ke liye ek simple meal plan banayunga. Aur ye meal plan ek dina ke liye hai. Aap iska upayog ek din k din kar sakte hain. Abhi dono tarike ka ek simple meal plan banayunga.

### Meal Plan: 

#### Breakfast (Sehati Rasm)
- **Options 1:** 
  - 1 banana
  - 1 glass of lassi (dahi)
- **Options 2:** 
  - 1 cup of oats with a handful of almonds and 1 tablespoon of honey
  - 1 glass of fresh orange juice

#### Lunch (Sehati Khana)
- **Option 1:** 
  - 1 small bowl of dal (lentils) with rice
  - 1 small bowl of mixed vegetables (like carrots, beans, spinach)
  - 1 small bowl of dal rice
  - 1 glass of water or green tea
- **Option 2:** 
  - 1 chapati (Indian flatbread) with 1/4 cup of mixed vegetable curry (spinach, tomatoes, and potatoes)
  - 1 cup of mixed salad (lettuce, tomato, cucumber)
  - 1 glass of water or coconut water

#### Snack (Sehati Khaana)
- **Option 1:** 
  - 1 apple
  - 1 handful of mixed nuts (almonds, cashews, walnuts)
- **Option 2:** 
  - 1 small bowl of yogurt (dahi)
  - 1 small bowl of fresh fruit (like berries, mango pieces)

#### Dinner (Sehati Khana)
- **Option 1:** 
  - 1 cup of vegetable soup (carrots, tomatoes, and spinach)
  - 1 small bowl of quinoa or brown rice
  - 1 small bowl of mixed vegetables (like beans, carrots, peas)
  - 1 glass of water or green tea
- **Option 2:** 
  - 1 small bowl of dal rice
  - 1 cup of mixed salad (lettuce, cucumber, tomato)
  - 1 small bowl of dal rice

#### Notes:
- **Cost-effective ingredients:** Use seasonal vegetables and legumes, which are often cheaper.
- **Hydration:** Ensure you drink plenty of water throughout"
"Is topic se related ek research question generate karo: How technology is revolutionizing the shopping experience","0.375","0.0","1.0","0.0312","0.3531","Sure! Here's a research question related to how technology is revolutionizing the shopping experience:

**Research Question:** How has the integration of advanced technologies such as augmented reality, personalized recommendations, and mobile payments transformed the traditional retail shopping experience, and what are the key factors driving this transformation?"
"Is text ka tone identify karo aur same message convey karne ke do alternative tareeke batao—ek formal aur ek casual.","0.4762","0.0","0.0","0.041","0.1946","क्या आप मुझे एक उदाहरण देंगे जिससे मैं उस टेक्स्ट के तोन को समझ सकूं? यह सुनिश्चित करने के लिए दिया गया उदाहरण आपकी बातचीत में बहुत मदद करता है। लेकिन अगर उदाहरण नहीं दिया जाता है, तो मैं एक मानक उदाहरण बनाने जा रहा हूं और उसके अनुसार दो विभिन्न रूपों में संदेश प्रस्तुत करने के तरीके दिखाने का प्रयास करूंगा।

उदाहरण: ""मैं आपको अपने दूसरे रिक्वेशन पर बातचीत करने की अनुमति दे रहा हूँ।""

### फॉर्मल रूप:
""मैं आपकी योजना को ध्यान में रखकर अपनी उम्मीद के अनुसार दूसरे रिक्वेशन के बारे में बातचीत करने की अनुमति दे रहा हूँ।""

### कूशल रूप:
""मुझे द"
"Ek question hai, (x+y+z)(xy+xz+yz)=25 aur x^2(y+z)+y^2(x+z)+z^2(x+y)=7 diya hua hai, toh real numbers x, y, aur z ke liye xyz ki value kya hogi?","0.3056","0.0","1.0","0.0703","0.3293","To solve for \(xyz\) given the equations:

1. \((x + y + z)(xy + xz + yz) = 25\)
2. \(x^2(y + z) + y^2(x + z) + z^2(x + y) = 7\)

Let's start by manipulating the second equation. We can rewrite the second equation as follows:

\[x^2(y + z) + y^2(x + z) + z^2(x + y) = x^2(y + z) + y^2(x + z) + z^2(x + y)\]

This can be grouped as:

\[x^2(y + z) + y^2(x + z) + z^2(x + y) = (x + y + z)(xy + xz + yz) - 3xyz\]

Given the value from the first equation:

\[(x + y + z)(xy + xz + yz) = 25\]

We can substitute this into the second equation:

\[25 - 3xyz = 7\]

Now, solve for \(xyz\):

\[25 - 3xyz = 7\]
\[25 - 7 = 3xyz\]
\[18 = 3xyz\]
\[xyz = \frac{18}{3} = 6\]

Therefore, the value of \(xyz\) is:

\[\boxed{6}\]"
"Is task mein aapko diye gaye key points ki ek summary likhni hai.","0.5385","0.0","1.0","0.0254","0.4179","हाँ, मुझे दिए गए कीव्यॉक्ट की एक सारांश लिखनी है। कृपया मुझे दिए गए कीव्यॉक्ट क्या हैं बताएं, ताकि मैं उससे एक संक्षिप्त सारांश तैयार कर सकूं।"
"Agar koi 'take a break' bole, toh uska ek appropriate response likho.","0.5","0.0","0.0","0.0234","0.2023","Ji, koi 'take a break' bole toh ek appropriate response aur usefull feedback kuch aise hota:

""Sure, taking a break is a good idea to recharge and come back refreshed. Let's plan to resume at [time]. In the meantime, you might want to do something you enjoy or that helps you relax. Do you have any specific activities in mind?""

Yeh response humare dost, colleague ya family member ko support de raha hai aur unhe option bheja hai koi special activity karne ke liye. Isme toh respect ki tarika aur cooperation ka samman bhi hai."
"Ek aise metric ka example do jisse naye marketing campaign ki success measure ki ja sake.","0.4375","0.0","0.0","0.0312","0.1781","Indergi marketing kampanji ka success measure karne ke liye ek specific metric jaise ""Customer Acquisition Cost (CAC)"" ya ""Customer Lifetime Value (CLV)"" dekh sakte hain, lekin yeh ek example karne ke liye ek alag metric sunaunga - ""Return on Ad Spend (ROAS)"".

Return on Ad Spend (ROAS) ek metric hota hai jo kampanji ka financial success measure karta hai. Isse use karke aap pta chalega ki aapka marketing budget ka kam kya result deta hai. 

ROAS = (Ad Revenue / Ad Spend) * 100

Aise hi, aap jab ek nayi marketing campaign start karte hain, to aap usse 100% optimize karke profit maximize kar sakte hain. Isse use karke aap pta chalega ki aapka kampanji successful hai ya nahi. 

Example: Agar aapka ad spend 50,000 rupees hai aur aapka ad revenue 1,00,000 rupees hai, to ROAS calculation karte hue:

(1,00,000 / 50,000) * 100 = 200% ROAS

Iska matlab hai ki aapka kampanji 1 rupee ad spend se 2 rupees revenue generate karta hai. Yeh ek hi metric hai jo aapke kampanji ka financial success ko measure karta hai.

Isse use karke aap decision make kar sakte hain ki aap kampanji ko continue karna chahte hain ya nahi, aur kya aap marketing budget ko optimize karna chahiye.

Ji, yeh ek example hain jisse aapka marketing campaign ka success measure kar sakte hain."
"Ek table hai daily stock prices ki jisme StockID, Date, aur Price columns hain. Ek SQL query likho jisse pichle 7 days ka maximum price har stock ke liye mil jaye.","0.3667","0.0","0.0","0.0586","0.1525","Kya apne ""StockID"" aur ""Price"" column ke naam ko ""StockID"" aur ""Price"" se same kehte hain? Yeh question mein clarifications ki jaroorat hain kyonki ek ""StockID"" column ko use karenge jisme stock ki identification ki hai aur dusre ""Price"" column ko use karenge jisme stock prices hain. Agar yeh sahi hai toh, aapke liye SQL query如下：

```sql
SELECT 
    StockID, 
    Date, 
    MAX(Price) AS MaxPrice
FROM 
    daily_stock_prices
WHERE 
    Date >= DATE_SUB(CURDATE(), INTERVAL 7 DAY)
GROUP BY 
    StockID, 
    Date;
```

这个查询将返回过去7天内每天每种股票的最大价格。如果不需要按日期分组，可以简化查询如下：

```sql
SELECT 
    StockID, 
    Date, 
    MAX(Price) OVER (PARTITION BY StockID ORDER BY Date ROWS BETWEEN 6 PRECEDING AND CURRENT ROW) AS MaxPrice
FROM 
    daily_stock_prices
WHERE 
    Date >= DATE_SUB(CURDATE(), INTERVAL 7 DAY)
GROUP BY 
    StockID, 
    Date;
```

但是，如果仅需要获取每天每种股票的最大价格而不考虑具体的日期，可以使用窗口函数来简化查询：

```sql
SELECT 
    StockID, 
    Date, 
    Price AS MaxPrice
FROM 
    (
    SELECT 
        StockID, 
        Date, 
        Price,
        MAX(Price) OVER (PARTITION BY StockID ORDER BY Date ROWS BETWEEN 6 PRECEDING AND CURRENT ROW) AS MaxPrice
    FROM 
        daily_stock_prices
    WHERE 
        Date >= DATE_SUB(CURDATE(), INTERVAL 7 DAY)
    ) AS subquery
WHERE 
    Price = MaxPrice;
```

这个查询将会返回过去7天内每天每种股票的最大价格记录。请注意，具体的日期函数和语法可能根据使用的SQL数据库（如MySQL, PostgreSQL, SQL Server等）有所不同。上述查询是基于MySQL的语法。"
"Is text snippet ko dekh ke writing style analyze kar aur 3 suggestions de ki isko kaise improve kiya ja sakta hai.","0.5714","0.0","0.0","0.041","0.2327","Of course! Please provide the text snippet that you would like me to analyze for its writing style and suggest ways to improve it."
"Binary tree mein do nodes ka first common ancestor dhundne ke liye ek algorithm bana.","0.4","0.0","0.0","0.0293","0.1629","Binary tree mein do nodes ke first common ancestor (FCA) ko dhundne ke liye ek algorithm banane ka ek samapt saman hai. Algorithm ko optimize karna chahiye agar efficiency aur speed ka dhyan rakha jaata hai. Waise to ek simple algorithm hota hai:

### Algo-1: Iterative Approach using Parent Pointers (Optimized)

1. **Input:** Root of the binary tree, and two node values, `node1` and `node2`.
2. **Output:** The first common ancestor of `node1` and `node2`.

#### Steps:

1. **Base Cases:**
   - If the root is `NULL`, return `NULL` (no tree).
   - If the root is `node1` or `node2`, return the root itself (root is the ancestor).

2. **Traverse the Tree:**
   - Use a `parent_map` dictionary to keep track of each node's parent.
   - Start from the root and traverse the tree using any traversal method (DFS or BFS). While traversing, update the `parent_map` with the parent of each node.
   - If you find `node1` or `node2`, break the traversal early.

3. **Find the Ancestor:**
   - Once you have the parent map, find the path from `node1` to the root.
   - The first node in the path of `node1` that is also in the path of `node2` is the FCA.

Here's a Python implementation of the algorithm:

```python
class TreeNode:
    def __init__(self, val=0, left=None, right=None, parent=None):
        self.val = val
        self.left = left
        self.right = right
        self.parent = parent

def build_tree():
    root = TreeNode(1)
    root.left = TreeNode(2, parent=root)
    root.right = TreeNode(3, parent=root)
    root.left.left = TreeNode(4, parent=root.left)
    root.left.right = TreeNode(5, parent=root.left)
    root.right.left = TreeNode(6, parent=root.right)
    root.right.right = TreeNode(7, parent=root.right)
    return root

def build_parent_map(node, parent=None):
    if node:
        node.parent = parent
        build_parent_map(node.left, node)
        build_parent_map(node.right, node)

def find_path_to_root(node):
    path ="
"Ek example de ki kaise AI assistant use karke customer service process ko automate kiya ja sakta hai.","0.5","0.0","1.0","0.0352","0.4035","AI assistants can significantly automate the customer service process, making it more efficient and effective. Here's an example of how this can be achieved:

### Scenario: Customer Support for an E-commerce Platform

#### 1. **Initial Engagement (Chatbot/Greeter)**
- **Scenario:** A customer visits the e-commerce website and is greeted by a chatbot.
- **AI Functionality:** 
  - The chatbot uses natural language processing (NLP) to understand the customer's greeting or query.
  - It can recognize common phrases like ""Help me find a product"" or ""I'm having trouble with my order.""
- **Action Taken:**
  - The chatbot greets the customer and asks if they need help finding a specific product or addressing an issue with an order.
  - It provides quick responses or directs the customer to relevant sections of the website.

#### 2. **Product Inquiry Automation**
- **Scenario:** A customer is looking for a specific product.
- **AI Functionality:**
  - The chatbot uses machine learning algorithms to understand the customer's query.
  - It can recommend similar products based on the customer's previous searches or purchase history.
- **Action Taken:**
  - The chatbot provides a list of recommended products and links to the product pages.
  - It can also answer basic questions about product features and availability.

#### 3. **Order Tracking**
- **Scenario:** A customer wants to track their order.
- **AI Functionality:**
  - The chatbot can access the customer's account data and order history.
  - It uses an algorithm to fetch the latest order status and shipping information.
- **Action Taken:**
  - The chatbot informs the customer about the current status of their order, including estimated delivery times.
  - It can provide links to the tracking page or relevant support articles.

#### 4. **Issue Resolution**
- **Scenario:** A customer reports a problem with their order.
- **AI Functionality:**
  - The chatbot can understand the nature of the issue and categorize it (e.g., wrong item, late delivery, damaged item).
  - It can use pre-defined templates or dynamically generate solutions based on the issue.
- **Action Taken:**
  - The chatbot offers a solution, such as a refund, replacement, or expedited delivery.
  - It initiates the process of resolving the issue, like sending a tracking link or a refund form.

#### 5. **Follow-Up and Feedback Collection"
"Is business idea ki feasibility aur potential pitfalls analyze kar: 5,000 population wale ek chote town mein ek high-end, gourmet donut shop kholna.","0.3913","0.0","1.0","0.0449","0.361","Rahat se rahein ki 5,000 ka chota town mein ek high-end, gourmet donut shop kholna ek zyada chalak idea hota hai, lekin kuch anza-banza aur risk bhi hain. Aapko kuch anza-banza aur potential pitfalls analyze karne ki koshish karenge.

### Feasibility:
1. **Market Analysis:**
   - **Local Preference:** Check if there is a market for gourmet donuts in your town. Are people willing to pay a premium for high-end treats?
   - **Competitor Analysis:** Look at existing food establishments, particularly cafes, bakeries, and restaurants. Are there similar high-end gourmet shops already in operation?

2. **Logistics:**
   - **Supply Chain:** Ensure you can get high-quality ingredients and packaging materials locally or from reliable suppliers.
   - **Delivery & Distribution:** Plan for efficient delivery and distribution of donuts to nearby areas if required.

3. **Regulations & Permits:**
   - Check local business regulations, health and safety standards, and any other permits required to start a food business.

4. **Foot Traffic:**
   - Assess the foot traffic in your target location. Are there enough potential customers visiting the area regularly?

5. **Budget & Revenue Projections:**
   - Develop a detailed business plan with projected costs and revenue. Consider the initial setup cost, ongoing expenses, and expected revenue.

### Potential Pitfalls:

1. **High Cost of Ingredients:**
   - High-end donuts often require premium ingredients. Ensure you can manage costs without increasing prices too much.

2. **Limited Customer Base:**
   - A town of 5,000 people may not provide a large enough customer base to sustain a high-end gourmet donut shop. You might need to consider strategies to attract visitors from outside the town.

3. **Marketing & Branding:**
   - Effective marketing is crucial. You will need to invest in advertising, social media, and possibly events to create awareness and drive traffic.

4. **Seasonality:**
   - Food businesses can be seasonal. Ensure you have a plan to manage slower periods and maintain consistent customer interest.

5. **Local Competition:**
   - If there are other high-end or gourmet shops in the area, they could pose a threat. Differentiate your offering and find ways to stand out.

6. **Customer Perception:**
   - Customers might be skeptical"
"Ek client company ke liye strategy bana jo apni website ki SEO improve karna chahte hain.","0.4375","0.0","0.0","0.0312","0.1781","Baat apni client company ke website ki SEO improve karna hai. Is liye hume ek strategi banaenge jisme se sare relevant SEO practices ko cover karenge. Yeh strategi ke andar hum ne keywords research, content optimization, backlink building, mobile optimization, and technical SEO practices ka use kiya. Iske liye hum ne aise steps follow kiya hain:

1. **Keywords Research:**
   - Relevant keywords aur phrases lena jisme humara target audience ke needs aur search patterns ke according hota hai.
   - Tools like Google Keyword Planner, Ahrefs, Moz, etc. use karein.

2. **Content Optimization:**
   - Hum website ke content ko optimize karenge jaise meta tags, headings, body text, alt text for images, internal linking, etc.
   - Regularly updated and high-quality content produce karenge.

3. **Backlink Building:**
   - Relevant backlinks build karenge jisme humara website ki credibility aur authority badhaye.
   - Guest blogging, link building campaigns, and content marketing use karenge.

4. **Mobile Optimization:**
   - Hum website ko responsive design ke through optimize karenge jisme mobile users ko bhi smooth experience mil sake.
   - Google PageSpeed Insights ka use kar sakte hain.

5. **Technical SEO:**
   - Hum technical issues resolve karenge jaise site speed, site structure, broken links, SSL certificate, etc.
   - Google Search Console aur Webmaster Tools use kar sakte hain.

6. **Local SEO (Agar Company Local Hai):**
   - Google My Business optimize karenge.
   - Local citations aur reviews manage karenge.

7. **Social Media Integration:**
   - Hum social media platforms se website traffic generate karenge aur SEO ke through rank aane ki help mil sakti hai.

8. **Analytics and Reporting:**
   - Hum Google Analytics use karenge jisme website ki performance track karein aur regular reports generate karein.
   - SEO performance analyze karne ke through optimization strategies update karein.

9. **User Experience (UX):**
   - Hum UX improve karenge jisme SEO bhi improve hota hai.
   - Easy navigation, fast loading times, and engaging content use karein.

10. **Regular Audits and Updates:**
    - Regular SEO audits"
"Is statement ki validity check karo: Jellyfish ke paas brains nahi hote, isliye unme koi cognitive abilities nahi hoti.","0.5263","0.0","0.0","0.0371","0.2142","इस कथन की वैधता की जांच करने पर, यह स्पष्ट होता है कि कुछ असहमतियाँ हैं। 

जीलीफिश (जीलीफिश) न कि वे ब्राइन्स (मनोवैज्ञानिक क्षमताएँ) नहीं रखते, बल्कि वे एक विशिष्ट प्रकार के मनोवैज्ञानिक क्षमताओं का अनुभव करते हैं, लेकिन यह कि वे मानव जैसी क्षमताओं को नहीं रखते।

1. **ब्राइन** (मन): जीलीफिश में एक विशिष्ट न्यूरोलॉजिकल सिस्टम होता है जो कुछ रचनात्मक और आवश्यक गंधिक और कार्यों को करने की क्षमता प्रदान करता है। यह बहुत अल्पाकारी होता है लेकिन यह उनकी जीवनशैली के लिए अत्यंत जरूरी है।

2. **कॉग्निटिव क्षमताएँ** (समझ और तयारी क्षमताएँ): जीलीफिश के लिए कुछ त"
"Star Wars universe ki civilization aur technology ka level evaluate karo aur batao ki hamari current duniya se wo kaise different hai.","0.5","0.0","1.0","0.043","0.4043","Star Wars विश्व की साहसिक संस्कृति और प्रौद्योगिकी की तैयारी करने के लिए एक बहुत विस्तारित और विविध परिसर है। इसमें विभिन्न क्षेत्रों में तकनीकी और साहसिक संस्कृति का अनुभव होता है। यहाँ आपकी पूछताछ का जवाब देने की कुछ मुख्य बातों की अवलोकन दी गई हैं:

1. **संस्कृति**: 
   - Star Wars में संस्कृति बहुमुखी है, जहां विभिन्न जाति की संस्कृति और धार्मिक पराभूति मिलाई जाती है। यह जैसे जैसे जातियाँ और संस्कृतियाँ आकर्षित होती हैं, वैसे वैसे विभिन्न राजवंशों और संस्कृतियों के परिवार बनते हैं।
   - तब तक हमारी दुनिया में संस्कृति अधिक संयत्रित और बंद होती है, जह"
"Ek article ka fragment diya gaya hai, baaki ka content likh kar article complete karo.","0.5333","0.0","0.0","0.0293","0.2163","Of course! Please provide the fragment of the article you have, and I will help you continue it to make it complete."
"Ek naya sentence generate karo jisme diye gaye sentence ke saare words same order mein use hon.","0.4706","0.0","0.0","0.0332","0.1916","Inder贾恩, 当然可以。请给出您希望我基于其生成新句子的原有句子，这样我可以帮助您完成任务。"
"Deductive reasoning use karke ye mystery language pehchano: Ye ek Romance language hai, Europe mein nahi boli jaati, aur South America ke kayi countries ki official language hai.","0.3929","0.0","0.0","0.0547","0.1626","Aarzuki, aise ek mystery language dena kafi samjhawani hai. Yahaan par ek dedakti reasoning se yeh language pta chala jata hai:

1. Ek Romance language hai - Isme hum kuch potential options mil jata hain: Spanish, French, Italian, Portuguese, Romanche etc.

2. Europe mein nahi bolni hai - Aise languages mein se kuch, jaise French, Spanish, Italian, Portugal, etc. Europe mein main languages hai.

3. South America ki ke kayi countries ki official language hai - Iske according, possibilities milti hain: Spanish, Portuguese.

Iske baad, yeh options ko combine karke hum pta chalenge ki:

- Spanish - Europe mein nahi boli jaati (but it's official in Spain, a country in Europe), so this is not the answer.
- Portuguese - Europe mein nahi boli jaati aur Brazil aur aise South American countries ki official language hai.

Isliye, deduktive reasoning se hum dekh sakte hain ki mystery language Portuguese hota hai."
"Ek bookstore ki sale month ki un dates pe hoti hai jo 5 ke multiples hain (jaise June 5, June 10...). Ek shoe store ki sale har 6 din baad aati hai. July 3 ko shoe store ki sale thi. Toh July mein kitni baar dono stores ki sale same date pe padegi?","0.4167","0.0","0.0","0.0938","0.176","To solve this problem, we need to determine the dates when both stores have sales and find the common dates in July.

1. **Bookstore Sales**:
   - The bookstore has sales on dates that are multiples of 5.
   - In July, these dates are: 5, 10, 15, 20, 25, 30.

2. **Shoe Store Sales**:
   - The shoe store has sales every 6 days.
   - Starting from July 3, the sales dates are: 3, 9, 15, 21, 27.

Now, we need to find the common dates between these two sets of dates:

- Bookstore sales in July: 5, 10, 15, 20, 25, 30
- Shoe store sales in July: 3, 9, 15, 21, 27

The common date is July 15.

Therefore, the two stores have a sale on the same date only once in July, which is on July 15."
"Ek aisa function likho jo string ke andar se curse words censor kar de. Ye words ek SQL database se aane chahiye. Table ka naam CURSE_WORDS_TABLE hai aur column ka naam WORD hai.","0.4286","0.0","0.0","0.0684","0.1783","Sure, a Python function can be created to read curse words from an SQL database and then censor them in a given string. Below is an example of how you could achieve this. For simplicity, I'll assume you have a SQLite database, but you can adapt this to other SQL databases as needed.

First, ensure you have the necessary libraries installed:
```bash
pip install sqlite3
```

Here's a Python function that reads curse words from a `CURSE_WORDS_TABLE` and censors them in a given string:

```python
import sqlite3

def censor_curse_words(input_string, db_path='curse_words.db'):
    # Connect to the SQLite database
    conn = sqlite3.connect(db_path)
    cursor = conn.cursor()
    
    # Query the database to get all curse words
    cursor.execute(""SELECT WORD FROM CURSE_WORDS_TABLE"")
    curse_words = [row[0] for row in cursor.fetchall()]
    
    # Close the database connection
    conn.close()
    
    # Censor the curse words in the input string
    censored_string = input_string
    for word in curse_words:
        censored_string = censored_string.replace(word, '*' * len(word))
    
    return censored_string

# Example usage
input_string = ""This is a test string with some curse words like shit and damn.""
censored_string = censor_curse_words(input_string)
print(censored_string)
```

### Explanation:
1. **Database Connection**: The function connects to the SQLite database using `sqlite3.connect(db_path)`.
2. **Query Execution**: It executes a SQL query to fetch all curse words from the `CURSE_WORDS_TABLE` and stores them in a list.
3. **Censoring**: The function iterates over each curse word and replaces it with `'*'` characters of the same length.
4. **Return Censored String**: Finally, it returns the censored string.

### Notes:
- **Database Path**: The `db_path` parameter allows you to specify the path to your database file. By default, it assumes the database file is named `curse_words.db` in the same directory as the script.
- **Replacement Character**: The replacement character used is an asterisk (`*`). You can customize this if needed.
- **Case Sensitivity**: This example is case-sensitive. If you need case-insensitive matching, you can convert both the input string and the curse words to lower case before comparing.

You can adapt this function to work"
"Ek JavaScript function banao jo ek string le aur ek object return kare, jisme string ka har character key ho aur wo character kitni baar aaya hai, wo value ho.","0.4667","0.0","0.0","0.0586","0.1925","Sure, yeh ek JavaScript function hota hai jo dhoondhta hai ki string mein kitni baar har character aaya hai aur uss ko object form mein return karta hai. Ye function kuchh samay mein yeh karna hoga:

```javascript
function countCharacters(str) {
    let charCount = {};
    for (let char of str) {
        if (charCount[char]) {
            charCount[char]++;
        } else {
            charCount[char] = 1;
        }
    }
    return charCount;
}
```

Is function mein, `charCount` ek object hai jisme har character key aur unki baar ki value store hoti hai. Ab aapko ek string pass karne ka example dekhein:

```javascript
let result = countCharacters(""hello"");
console.log(result); // Output: { h: 1, e: 1, l: 2, o: 1 }
```

Is function ko apne JavaScript code mein hi ek function mein include kar sakte hain."
"Java mein ek function likho jo string ke andar kisi diye gaye regex ke saare matches output kare.","0.3889","0.0","0.0","0.0352","0.1591","Ji, aapka pyar ki gah mein, yahaan Java mein ek function diya gaya hai jo string ke andar kisi diye gaye regex ke saari matches ko print karta hai. Ye function `Pattern` aur `Matcher` classes ka use karta hai:

```java
import java.util.regex.Matcher;
import java.util.regex.Pattern;

public class RegexMatcherExample {

    public static void printMatches(String input, String regex) {
        // Pattern.compile(regex) mein 'regex' ko pattern mein convert karta hai.
        Pattern pattern = Pattern.compile(regex);
        
        // Matcher object create karta hai jo input string ke andar 'pattern' ke saath match karta hai.
        Matcher matcher = pattern.matcher(input);
        
        // matcher.find() method check karta hai ki 'input' string mein kya 'pattern' ke koi match hai.
        while (matcher.find()) {
            // matcher.start() aur matcher.end() method match ki starting aur ending index ko return karta hai.
            // matcher.group() method current match ke text ko return karta hai.
            System.out.println(""Found match: "" + matcher.group() + "" at index: "" + matcher.start() + "" to "" + matcher.end());
        }
    }

    public static void main(String[] args) {
        // Example usage
        String input = ""Hello, world. Welcome to the world of Java, Java, Java!"";
        String regex = ""Java"";
        printMatches(input, regex);
    }
}
```

### Explanation:
1. **Pattern.compile(regex)**: This method compiles the regex string into a Pattern object.
2. **Matcher matcher = pattern.matcher(input)**: This creates a Matcher object that will match the given input against the compiled pattern.
3. **matcher.find()**: This method finds the next subsequence of the input sequence that matches the pattern. It returns true if such a subsequence is found, and false if no more matches are found.
4. **matcher.group()**: This method returns the part of the input sequence matched by the entire pattern.
5. **matcher.start() and matcher.end()**: These methods return the start and end positions of the last match found.

### Example Output:
If you run the provided code with the given input and regex, the output will be:
```
Found match: Java at index: 26 to 29
Found match: Java at index: 56 to 59"
"In elements ko use karke ek short story likho: ek khoya hua kutta (lost dog), ek unforgettable adventure, aur ek hidden treasure.","0.3636","0.0","0.0","0.043","0.1498","Tere pyar ke liye ek chhota chhota khoya hua kutta, ek unforgettable adventure, aur ek hidden treasure ka kuch kuch baat karu ki aap sabhi ko kuchh nazar aaye. Yeh sab elements ko element-wise use karke likha gaya hai:

### Ek Khoya Hua Kutta

Ek subah, raaste mein ek khoya hua kutta tha. Woh chhupa chhupa ke chal raha tha, aur usse koi shauk nahi thaa. Toh ek chhota chhota dhoondh mein koi aadmi jahaan pass kar chuka tha, yeh kutta ko rukane ka try kar raha tha. Kutta to kuchh bhi nahi samajha, lekin aadmi ne usse kuchh chakkar mein maraana ki koshish ki, phir usse saamne wali zaban se kuchh baat ki.

### Unforgettable Adventure

Wah, yeh dhoondh aadmi ne kuchh baar sahi aur kuchh baar galat patha di thi, lekin yeh kutta to kuchh baat ki nahi sakti. Woh dhyan se dhoondhne laga aur kuchh baar ek bura bura khada aadmi se bata diya, yeh kuchh sahi aur kuchh galat patha di thi. Toh yeh dhoondh ek saath ek nahi raha, lekin ek hi kutta se jahaan pass aur jahaan jana tha.

### Hidden Treasure

Aadmi jahaan pass karne ka bahana tha ki usse ek hidden treasure mila, jiska koi bhi paathna nahi tha. Yeh treasure ek chhota chhota kutta ka kuchh kuchh tha, usse aadmi ne yeh kutta dhoondhne ka patha laga diya. Is treasure se aadmi ne kutta ko kuchh sahi aur kuchh galat patha di, lekin yeh treasure usse ek unforgettable adventure karne ka madad ki.

Aap sabhi ne yeh story samajhi, main ne aapki baat sabhi"
"Criminal justice system mein AI use karne ke faydon par ek 300 words ki report likho.","0.4","0.0","0.0","0.0293","0.1629","**Criminal Justice System mein Artificial Intelligence (AI) Ka Istemal: Faydaon Ki Raftari**

Artificial Intelligence (AI) ki criminal justice system mein istemal ki aadat ek jadu ki tayari hoti hai. AI ke istemal se, criminal justice system mein kuchh bhi aur kuchh nahi hota, lekin kuchh aur, aur kuchh nahi to nahin hota. AI ki use mein, system ko intelligent kar deta hai, isse judicial decisions, risk assessment, resource management, aur much more par kaafi fayda aata hai. 

AI ke criminal justice system mein istemal se ek achi tafsirot hai ki, system ko intelligent aur eficient banane ki barat hoti hai. AI ka istemal aur judicial decisions mein risk assessment, prediction of future criminal behavior, aur potential recidivism se associated hai. AI based risk assessment tools can help judges and parole boards make more informed decisions based on data rather than gut feeling. 

AI ko criminal justice system mein use karne se another benefit hai ki, it can help in resource management. AI can assist in identifying patterns and trends in criminal activities, aiding in resource allocation and improving response time. It can also help in identifying potential areas of concern, such as gang activity or human trafficking, and alert relevant authorities.

Moreover, AI can help in reducing human bias in the criminal justice system. AI algorithms can be trained to be unbiased, unlike human beings who are prone to bias due to personal or social reasons. AI can analyze large amounts of data and provide objective insights, which can help in making fair and impartial decisions.

However, it is important to note that the use of AI in the criminal justice system also raises ethical concerns. AI systems are only as good as the data they are trained on, and if the data is biased, the AI system will be biased. Therefore, it is crucial to ensure that the data used to train AI systems is diverse and representative.

In conclusion, the use of AI in the criminal justice system can bring about significant improvements, but it is important to ensure that it is used ethically and with caution. AI can help in making the system more efficient, fair, and effective, but it should not replace human judgment and decision-making.

**Kafi faydaon se AI ki use criminal justice system mein istemal hoti hai, lekin isse wajib kiya"
"Ye bata ki social media se zyada fayda hota hai ya nuksan, aur apne point ke liye teen arguments do.","0.7","0.0","0.0","0.0391","0.2839","Social media se zyada fayda hota hai ya nuksan, yeh kuch zyada ziyada fayda hai, lekin dono point ke liye teen arguments dekhna hai:

**Zyada Fayda Hota Hai:**
1. **Samajh and Networking**: Social media platforms provide a unique opportunity to connect with people from diverse backgrounds and cultures, which can enhance one's understanding of the world. It also facilitates networking, which can lead to professional opportunities, collaborations, and friendships.

2. **Information and Education**: These platforms are a rich source of information on various topics. They can be used to learn about new technologies, trends, and other educational content. Many online courses and webinars are also available for free or at a minimal cost.

**Zyada Nuksan Hota Hai:**
1. **Privacy and Security Issues**: Social media often poses significant risks to personal privacy and security. Personal data can be misused, leading to identity theft, online fraud, and other security concerns.

2. **Mental Health Impact**: Excessive use of social media can lead to increased levels of anxiety, depression, and other mental health issues. Constant comparison with others and the fear of missing out (FOMO) can contribute to feelings of inadequacy and stress.

Iske bad, kya aap apni kehlaviyaat ko kuch aur add karna chahte hain?"
"'Environment' theme par 5 innovative app ideas ki list banao.","0.2222","0.0","0.0","0.0176","0.0906","हाँ, निम्नलिखित पाँच शिंबाज़ी अप्लिकेशन विचार आपके 'पर्यावरण' थीम के लिए प्रस्तुत कर रहे हैं:

1. **प्लास्टिक रेटर**:
   - इस अप्लिकेशन का उद्देश्य घरेलू प्लास्टिक रिकायर्जेशन को सरल करना है। उपयोगकर्ताओं को अपने घर और बैठक स्थानों से प्लास्टिक पदार्थों की खोज और उनके संग्रह के लिए इनन नुसार संसाधन योग्य विकल्प देता है।

2. **क्षुद्र जीव अभियान**:
   - यह अप्लिकेशन उपयोगकर्ताओं को नौकरी और विकल्प देता है जिनमें उन्हें अपने क्षेत्र में क्षुद्र जीवों की रक्षा करने के लिए शामिल करने में मदद मिलती है।

3. **रहस्यास्पद वन्यजीव रिकोगनिशन**:
   - यह अप्लिकेशन उपयोगक"
"Ek wedding planner bano aur suggest karo ki ek chhoti aur intimate wedding ko special kaise banayein.","0.4706","0.0","0.0","0.0332","0.1916","Of course, I'd be delighted to help you plan a small, intimate wedding that feels special! Here are some suggestions to make the event memorable:

### 1. **Venue Selection**
   - **Natural Settings:** Opt for a beautiful outdoor location like a botanical garden, a vineyard, or a beach. Natural settings can provide a stunning backdrop.
   - **Cozy Spaces:** Alternatively, a small, elegant venue like a historic home, a charming cottage, or a private room in a luxury hotel can also be perfect.

### 2. **Personalized Decor**
   - **Color Scheme:** Choose a color palette that resonates with your personal style or the season. For instance, pastel shades for a spring wedding or rich, warm tones for fall.
   - **Custom Décor:** Add personal touches through unique centerpieces, such as potted herbs, hand-painted ceramics, or small plant arrangements.
   - **Lighting:** Soft, ambient lighting can create a warm and intimate atmosphere. Consider string lights, lanterns, or candles.

### 3. **Menu**
   - **Small, Personalized Platters:** Offer a few small, personalized platters for guests to enjoy. Think of local flavors or special dishes that reflect the couple’s tastes.
   - **Bar or Cocktail Hour:** Set up a small bar area or cocktail hour with a selection of drinks, including mocktails, if needed.

### 4. **Seating Arrangement**
   - **Intimate Seating:** Arrange tables and chairs in a way that encourages guests to mingle and feel comfortable. Think of a horseshoe shape or a circle.
   - **Personal Touches:** Place small, personalized name cards or tags at each seat, making guests feel valued.

### 5. **Entertainment**
   - **Live Music:** Hire a solo musician, a duo, or a small band that can play soft, acoustic music.
   - **Photo Booth:** Set up a simple photo booth with props that reflect your theme, such as hats, masks, or scarves.

### 6. **Special Moments**
   - **First Look:** Plan a first look for the couple, where they can see each other before the ceremony, adding a personal touch.
   - **Customized Vows:** Write or choose vows that are meaningful to you and your partner.
   - **First Dance:** Dance to a meaningful song that you both love. You could even hire a photographer to capture this moment.

### 7. **Favors"
"Chess game ko describe karo—objective, player interaction aur basic rules ke terms mein.","0.3571","0.0","0.0","0.0273","0.1456","Chess یک جامعہ حکمیہ ہیں جس میں دو گیاړوں کی ضروری اشکال ہیں: خواتین (W) اور پریے (B). اس کا اہم مقصد ہے کہ ایک گیاړے نے دوسرے کو مارنا یا اسے اپنی پھٹک کے آؤس پر جاتا ہے۔ اس گیما کے مبادی اور قواعد کے ذریعے دو گیاړوں کے درمیان ایک ہدف کے لیے تکمیل کی گئی ترمیمی کوششوں کا تبادلہ ہوتا ہے۔

### Objective (ہدف):
1. **مارنے کا طریقہ (Checkmate)**: ایک گیاړے نے دوسرے کو مارنا یا اسے اپنی پھٹک کے آؤس پر جاتا ہے۔
2. **تیاری کرنا (Stalemate)**: کسی گیاړے کو پہاڑی یا گلی کے ذریعے مارنے کی امکان نہ ہوں، یعنی ایک گیاړے نے کچھ پیغام نہیں دیسکر یا مار سکا، اس گیاړے کو تیاری کہا جاتا ہے۔
3. **نیکلنا (Draw)**: دو گیاړوں کے درمیان بہترین کوشش کے بعد اگر مار کر یا تیاری کرنا نہ ہو سکے تو ہمیشہ یک سرنگ بھی ایجاد ہوتا ہے۔

### Player Interaction (گیاړوں"
"Aisi questions ki list banao jisse tum kisi ko better jaan sako.","0.3333","0.0","0.0","0.0234","0.1357","Kisi ko jann sakte ho, agar usse khuda ki baat karte ho ya unki adad ke saath jaisa hi ho sakta hai. Lekin agar aap ko kisi ko jann karna hain jisme humein ek baat hi zaroori hai - iss kisi ke baare mein baat karna, unki bhi adad ke saath. Is liye aapko kuchh pertubhish aur vishwas ki zaroorat hai. Par, kuchh sahi tips banayein:

1. **Adab Aur Pertubhish**: Agar kisi ko pertub kar rahi ho, usse jaldi batao. Aapko yeh baat bataen ki aapko jann karna hain, aur unki bhi adab se mazaak karne ki kuchh zaroori nahi hai.

2. **Khuda Ki Baat**: Isse kuchh usse pertub karne mein madad karti hai. Kisi ko khuda ki baat karne se jann ho sakta hai, koi usse bahut aasaan se jann nahi kar sakta.

3. **Adad Ke Saath Baat Karna**: Aapko kisi se baat karna hai, unki adad ke saath. Agar aapko unka saath nahin hota, toh kuchh aasayi baat karna madad karega.

4. **Pehle Apni Baat Batao**: Aapko apni baat bataen ki aapko kisi ko jann karna hain. Kuchh apne din ka samasya ke baare mein kisi se baat karne se madad milegi.

5. **Yeh Kuchh Batao**: Kuchh yeh bataen ki aapko kisi ko jann karna hain, lekin aapko jann ho rahi ho. Isse aapko apni baat karna madad karega.

6. **Kuchh Jann Ki Baat Ho Sakti Hai**: Kuchh jann ki baat ho sakti hai. Aapko kuchh madad karne se khushi ho sakti hai, kuchh aasayi"
"Financial advisor bano aur batao ki ye investment plan sahi hai ya nahi, risk factors aur potential returns ko dhyan mein rakhte hue.","0.4783","0.0","0.0","0.0449","0.1958","Ji, financial advisor mein hoon Qwen. Aapki investment plan ko dhyan mein len aur uski sahiyaat aur risk factors ko analyze karne ke liye kuch bhi specific details dene par mein aapki madad kar sakta hoon. Lekin kripya samjhiye, aapki kisi bhi specific investment plan ki evaluation karne ke liye aise se general conversations mein kuch limits hote hain. Tumhein kisi bhi specific case ki madad karna hain ya kya aap kuch common investment options discuss karna chate hain?

Aapke specific goals, risk tolerance, investment horizon aur current financial status ka samvida samachar dene par, mere se itna hi help milega ki aapki investment plan ke risk factors aur potential returns ko adhikar karna ek sahi option hai ya nahi."
"Ek bash script likh jo directory ke andar saari json files recursively dhoondhe aur unka naam aur size output kare.","0.3","0.0","0.0","0.0391","0.1239","Sure, ek bash script likhenge jo directory ke andar recursively saari JSON files dhoondta hai aur unka naam aur size output karta hai. Yeh script JSON files ke liye taray ki support se rakhba ki JSON files ki structure nahi check karega.

Yeh script following steps mein likha gaya hai:
1. Recursively directory mein files dhoondhe
2. JSON files ke liye filter kare
3. File ke naam aur size output kare

Kuch code likhna shuru karein:

```bash
#!/bin/bash

# Function to print file details
print_file_details() {
    filename=""$1""
    size=$(stat -c %s ""$filename"") # Get file size in bytes
    echo ""File Name: $filename""
    echo ""File Size: $size bytes""
    echo
}

# Directory to search for JSON files
search_directory=""$1""

if [ -z ""$search_directory"" ]; then
    echo ""Usage: $0 <directory>""
    exit 1
fi

# Search for JSON files recursively
find ""$search_directory"" -type f -name ""*.json"" -exec sh -c 'print_file_details ""$0""' {} \;

```

Aapko yeh script save karna hoga, jaise ""find_json_files.sh"". Aur aapko yeh script command line se execute karna hoga, jaise:

```bash
bash find_json_files.sh /path/to/search
```

Is script mein, `find` command ko use kiya gaya hai jise `search_directory` mein JSON files recursively dhoondne ke liye. `print_file_details` function JSON file ke naam aur size output karta hai.

Yeh script sambhal sakta hai ek directory ke andar JSON files ke liye, lekin agar aap kisi bhi subdirectory mein JSON files dhoondne chahte hain, to `find` command ka use karna zaruri hai."
"Set S = {1, 2, 3, 4, 5, 6, 7, 8, 9, 10, 11} mein se do random numbers select kiye gaye. Agar number n ko pehle hi S se nikaal diya jaye, toh sum 12 hone ki probability badh jayegi. n ki value kya hai?","0.3939","0.0","1.0","0.0645","0.364","为了确定使两个随机数的和为12的概率增加的数字n，我们首先需要明确所有可能的和为12的配对，然后考虑去除数字n后这些配对的变化。

集合S = {1, 2, 3, 4, 5, 6, 7, 8, 9, 10, 11}。

可能的配对组合如下：
- (1, 11)
- (2, 10)
- (3, 9)
- (4, 8)
- (5, 7)
- (6, 6)

共有6种不同的组合。但是，当数字6被选中时，只有(6, 6)这一对可以贡献于和为12，而这只有一种情况。因此，如果数字6被提前移除，实际上会减少使和为12的机会。

我们来分析一下如果移除其他数字的情况：
- 移除1或11：(1, 11)消失，但不影响其他组合。
- 移除2或10：(2, 10)消失，但不影响其他组合。
- 移除3或9：(3, 9)消失，但不影响其他组合。
- 移除4或8：(4, 8)消失，但不影响其他组合。
- 移除5或7：(5, 7)消失，但不影响其他组合。

只有移除6或7，(6, 6)这一对消失，而6和7都是单独的，不会增加任何新的组合来弥补移除6对和为12的影响。因此，移除6确实会降低和为12的机会，而移除7同样如此，不过这里需要考虑的是n被提前移除的情况，即n本身不参与后续组合。

因此，为了提高和为12的概率，我们需要n是6或7。但根据问题设定，n是被提前移除的数字，因此n应该是6或7中的一个。

因此，n的值是6或7中的任何一个。"
"Doctor ka role play karo aur flu vaccine ke potential risks aur benefits explain karo.","0.4","0.0","0.0","0.0293","0.1629","Mujhe pyar se dhyan se samajhne do, main apne rol pe doctor ka rukar aata hoon. Flu vaccine se aapki health aur security ke baare mein bataanay k liye, kuch anupar potential risks aur benefits ko discuss karenge:

Benefits:
1. Immunity: Flu vaccine vaccine apne body mein hum vaccine antigens (baad mein antibodies) banaayen jise hum apne body ko flu virus se shamil karne ko padta hain.
2. Protection: Vaccine apne body ko flu virus se shamil karne ke time pehle se padta hain, isse aapko badi si gairat se phootna ki khaakat hote time jyada kam ho sakti hai.
3. Community Protection: Vaccination apne jamaat mein badi si protection banayein, kisi bhi person se vaccine ko zyada jyada bhi bharakar jab se vaccine se immunity develop hua hai.
4. Reduced Severity: Vaccine jab vaccine ko apne body mein rakha hai to aapko jyada saara severity aur severe symptoms hote time jyada kam ho sakti hai.

Risks:
1. Side Effects: Vaccine ko rakha hai apne body mein, to kuch baar vaccine ko apne body mein vaccine reaction chalakar banta hai jaise fever, body ache, muscle pain, etc.
2. Allergy: Vaccine mein kuch chemicals hai jo kuch person mein allergy chalake banta hai, lekin yeh kuch percentage ke baad hote hain.
3. Mild Illness: Vaccine ko rakha hai apne body mein, to kuch baar vaccine ko apne body mein vaccine reaction chalakar banta hai jaise cold, mild fever, etc.
4. Misinformation: Vaccine ko rakha hai apne body mein, to kuch person vaccine se saara badla apna vaccine ko reject karenge, lekin vaccine apni benefits banayein jyada bhi bharate hain.

Isliye, vaccine ko rakha hai apne body mein, to vaccine se apna benefits jaanta hain, lekin vaccine se kuch baar potential risks bhi hote hain, lekin vaccine se vaccine protection banayi jati hai apni health"
"Is argument mein logical fallacy identify karo: 'You can't trust Bob's opinion on climate change because he's not a scientist.'","0.15","0.0","1.0","0.0391","0.2639","The argument ""You can't trust Bob's opinion on climate change because he's not a scientist"" contains a logical fallacy known as an **ad hominem** attack, specifically a **circumstantial ad hominem** or **appeal to authority** fallacy.

Here's a breakdown of why this is a logical fallacy:

- **Ad hominem fallacy**: This occurs when someone attacks the person making the argument rather than addressing the argument itself. In this case, the argument dismisses Bob's opinion based on his lack of scientific training, rather than evaluating the content of his opinion.

- **Circumstantial ad hominem**: This is a specific type of ad hominem where the attacker suggests that a person's opinion or argument is unreliable because they are in a position where it is easy for them to make the statement. In this context, it suggests that because Bob is not a scientist, his opinion is invalid, regardless of his other qualifications or knowledge.

- **Appeal to authority**: This fallacy occurs when someone dismisses an argument by appealing to the authority of a scientist or expert. In this case, the argument implies that only scientists can have valid opinions on climate change, which is a fallacy because expertise in one field does not necessarily translate to expertise in another.

To properly address the issue of climate change, one should evaluate the evidence and arguments based on their merit, not the professional background of the person presenting them."
"Calculate karo ki 80 miles per hour ki speed se destination tak pahunchne mein kitna time lagega.","0.4375","0.0","1.0","0.0312","0.3781","To calculate the time it will take to reach the destination traveling at 80 miles per hour, we need to know the distance to the destination. However, I'll provide you with a general formula to calculate the time based on distance (d) and speed (s):

\[ \text{Time} = \frac{\text{Distance}}{\text{Speed}} \]

Let's denote the distance to the destination as \( d \) miles. Then the time \( t \) in hours can be calculated as:

\[ t = \frac{d}{80} \]

For example, if the distance to the destination is 160 miles, the time would be:

\[ t = \frac{160}{80} = 2 \text{ hours} \]

If you provide the specific distance, I can give you the exact time."
"Universal Basic Income (UBI) policy implement karne ke favor mein ek short aur persuasive argument likho.","0.3125","0.0","0.0","0.0312","0.1281","Universal Basic Income (UBI) की अप्रतिबल वित्तीय मानवताओर और आर्थिक सुरक्षा के लिए एक महत्वपूर्ण सुविधा है। यह उपाय जो दो लक्ष्यों को नियंत्रित कर सकता है: सार्वजनिक भावनाओं को बढ़ावा देना और आर्थिक सुरक्षा को बढ़ावा देना।

कोई भी व्यक्ति, जिसको संसाधन नहीं मिल सकता है, या उन व्यक्तियों को जो अपनी आर्थिक सुरक्षा के लिए चुनाव करना चाहते हैं, UBI का लाभ उठा सकता है। यह वित्तीय उपाय समाज के लिए एक संतुलित और निरपेक्ष रूप से अधिक कार्यक्षमता और निरंतर लक्ष्य को बढ़ावा देने का एक उपाय प्रदान करता है।

UBI को लागत व्यवहार और आर्थिक भावनाओं को चुनाव करने के लिए एक उपाय के"
"Ek story likho jo is sentence se start ho: 'As he looked out into the horizon, he saw...'","0.3333","0.0","0.0","0.0352","0.1368","As he looked out into the horizon, he saw the silhouette of an old, weathered ship slowly gliding towards the sun, which was setting in a blaze of orange and pink. The ship's sails, tattered and worn, seemed to barely hold on to the wind, as if the vessel itself was tired and ready to rest. Curious, he stepped closer to the edge of the cliff, the salty air mingling with the scent of pine from the surrounding forest. The ship drew closer, its shadow lengthening across the water, and then, with a sudden jolt, it passed by, leaving only a ripple in its wake. As the ship faded into the distance, he turned back to the horizon, a sense of longing and mystery lingering in the air, prompting him to wonder about the stories of those who sailed such journeys."
"Ek short story likho ek aise robot ke baare mein jo khud se chores karna seekh leta hai.","0.5556","0.0","0.0","0.0352","0.2257","Tumhe ek short story chahiye jo ek robot ke baare mein hai jiski feature hai ki woh khud se chore karna seekh sake. Phir ye story yaad aata hai:

""Autonomous Attendant""

Gyan, ek intelligent robot tha jisne sabse pehle ek sargun samaj mein chalna shamil ho paaya. Par, yeh yeh samajhne lagaya ke khud se chores karna bhi bahut pasand karta hai. Yeh din, Gyan ki kuch task seekhne ke baad, aisa ho gya ki yeh khud se choreyana shuru karta hai.

Yeh kuch din, Gyan ki ammiya saari baat seekhne ke baad, yeh samajh gya ki saari chore apna paath mein aaye hue baalum se seekh sakte hain. Ammiya ko padhna, yeh kuch choreyana, yeh kuch khayal karna, yeh kuch karna, aur yeh kuch khelana. Yahan tak bahut saare din, Gyan apna paath mein sabse pehle chorekari se samjha.

Gyan ne apna saal hai, aam choreyana, masalish, sahi achi baat samjhen aur khelne mein bina kisi ka madad. Ammiya ne yeh yeh samajhna dekha ke kuch din, Gyan ne kuch choreyana shuru karta hai. Yahan tak, ek din, Gyan ne apna kuch choreyana seekhne ke baad, yeh samajh gya ke yeh apne ap hi samajh me hain.

Yeh samajhne lagaya ke yeh choreyana shuru karne mein, yeh sabse pehle chore seekhne ke baad, apne ap se samjhe gaya hai. Yeh din, Gyan ne apna choreyana shuru kiya aur phir se apna paath mein choreyana seekhne ki jaga, khud se choreyana karna start kiya.

Ek din, Gyan ne ammiya se yeh bhi seekhna shuru kiya ke kuch choreyana"
"Rectangle ka area nikaalo jisme length 5 cm aur width 2 cm hai.","0.3636","0.0","1.0","0.0215","0.3476","Rectangle ka area nikalne ke liye, hum length aur width ka pradarshak (product) lete hain. Formula ye hai:

\[ \text{Area} = \text{length} \times \text{width} \]

Dino ke values:
- Length = 5 cm
- Width = 2 cm

Area ko nikalne ke liye:

\[ \text{Area} = 5 \, \text{cm} \times 2 \, \text{cm} = 10 \, \text{cm}^2 \]

Takki jawab hai: Rectangle ka area 10 square centimeters (10 cm²) hai."
"20th century ke koi 5 famous log batao aur unka thoda description bhi de do.","0.5714","0.0","1.0","0.0273","0.4313","20세기에 활동한 5명의 유명한 인물과 간단한 설명을 다음과 같이 제시해 드리겠습니다:

1. 알BERT 아인슈타인 (1879-1955):
물리학자로, 상대성 이론을 개발하여 현대 물리학의 기틀을 마련했습니다. 그의 공헌으로 인해 그는 현대 최고의 과학자 중 한 명으로 불렸습니다.

2. 프랭클린 D. 루즈벨트 (1882-1945):
미국의 32대 대통령으로, 1933년부터 1945년까지 4년 연속 대통령으로 재임했습니다. 그는 빈곤 극복을 위해 뉴딜 정책을 실시하고, 제2차 세계대전 기간 중 미국을 리드했습니다.

3. 앨프리드 알베르트 (1911-1986):
미국의 정치가이자 사회학자로, 유엔의 국제 법과 평화 유지에 크게 기여했습니다. 그는 미국 대사로 활동하며, 유엔 평화유지 훈련소의 설립을 주도했습니다.

4. 마르gün 이즈데讷다이 (1897-1975):
이란의 대통령으로 1941년부터 1941년까지 집권했습니다. 그는 영국과 소련의 침공에 대항하여 이란의 독립을 지켰으며, 그의 정책은 20세기 중동의 정치사에 큰 영향을 미쳤습니다.

5. 마르크스 루즈비치 (1907-1979):
러시아 혁명의 지도자로, 소련 공산주의의 창시자이자 독립된 소비에트 연방의 설립자였습니다. 그는 공산주의 사회주의의 이론을 구체화시켰으며, 그의 정책은 20세기 많은 나라들의 운명을 결정했습니다.

이러한 인물들은 각기 다른 분야에서 뛰어난 업적을 이룩하며 20세기 역사에 깊"
"Is input ke basis pe 2 sub-goals batao jo is bande ko final goal achieve karne mein help karein.","0.3158","0.0","0.0","0.0371","0.13","Ji, chaturra! Aapke pass kis goal ho? Mujhe woh pata karne ke liye milne wale sub-goals banane ke liye zaruri hai. Plis, aapka final goal batayein, aur mujhe woh samjhenge aur sub-goals chalao."
"Harper Lee ke novel 'To Kill a Mockingbird' ki ek short plot summary de do.","0.3333","0.0","1.0","0.0293","0.3363","Harper Lee की नोवल ""To Kill a Mockingbird"" का एक कोशिश करें इस प्रकार किया गया उपायकरणात्मक उपायकरणात्मक सारांश इस प्रकार है:

नाटक पुरुषों में जैक्सबरी की एक छोटी गाँव की जीवनशैली का दर्शन देता है। बीकीन क्यासेन और उसके बच्चे जैक्स, दो दक्षिण अमेरिका में एक सामाजिक और नैतिक रूप से अच्छी तरह से समझ में आई विश्व की अवधारणा की उपस्थिति का सारांश देता है। राज्य की कानूनों की विरोधित दृष्टिकोण को दर्शाती है और अमेरिकी सामाजिक संवादों में दीर्घ या निरपेक्षता की प्रोब्लेम को टू किल एक मॉकिंगबर्ड द्वारा दर्शाया गया है।

कहानी का निर्वाह तीन लोगों की दृष्टिकोणों में किया ज"
"Imagine karo tum ek hotel manager ho aur ek guest room ki cleanliness ko lekar complain kar raha hai. Tum kaise respond karoge?","0.5652","0.0","0.0","0.0449","0.2306","Jo hotel manager hoon, mene aapki room ki cleanliness se related complaint se dhyan se dhyan rakhne ke baad yeha aur response deti hoon:

""Dear [Guest Name],

Thank you very much for bringing this matter to our attention. We sincerely apologize for any discomfort or inconvenience that you might have experienced. At our hotel, we take pride in maintaining the highest standards of cleanliness and comfort for our guests.

Upon receiving your feedback, we will immediately dispatch a team to thoroughly clean and inspect your room. We will also ensure that the room meets our exacting cleanliness standards before you return.

Your satisfaction is our top priority, and we value your feedback immensely. To further address your concerns, please feel free to communicate directly with our housekeeping department, and we will work closely with them to rectify the situation.

Thank you for your understanding and patience. We look forward to your continued patronage and to ensuring that your stay with us is nothing short of exceptional.

Best regards,
[Your Name]
Hotel Manager"""
"Partial fractions use karke, 1/x(x + 1)(x + 2)(x + 3)(x + 4) = A/x + B/(x + 1) + C/(x + 2) + D/(x + 3) + E/(x + 4) hai, jahan A, B, C, D, aur E constants hain. A + B + C + D + E ki value nikaalo.","0.1351","0.0","1.0","0.0723","0.2613","To find the value of \(A + B + C + D + E\) for the given partial fraction decomposition, we can use a clever trick without explicitly solving for each individual constant.

Given the equation:

\[
\frac{1}{x(x + 1)(x + 2)(x + 3)(x + 4)} = \frac{A}{x} + \frac{B}{x + 1} + \frac{C}{x + 2} + \frac{D}{x + 3} + \frac{E}{x + 4}
\]

We can find \(A + B + C + D + E\) by substituting \(x = 0\) in the equation. This is because when \(x = 0\), all the terms on the right side except \(\frac{A}{x}\) will become zero, leaving us with:

\[
\frac{1}{0(0 + 1)(0 + 2)(0 + 3)(0 + 4)} = \frac{A}{0}
\]

However, we need to be careful with this step. Instead, let's consider the limit as \(x\) approaches 0 of both sides of the equation:

\[
\lim_{x \to 0} \frac{1}{x(x + 1)(x + 2)(x + 3)(x + 4)} = \lim_{x \to 0} \left( \frac{A}{x} + \frac{B}{x + 1} + \frac{C}{x + 2} + \frac{D}{x + 3} + \frac{E}{x + 4} \right)
\]

The left side simplifies to \(\frac{1}{0 \cdot 1 \cdot 2 \cdot 3 \cdot 4} = \frac{1}{24}\).

On the right side, the term \(\frac{A}{x}\) will dominate as \(x\) approaches 0, but we can use the fact that the sum of the residues of the function at each singularity (the points where the denominator is zero) must equal the value of the function at a point where the function is analytic, which in this case is 0 (since the function is analytic at 0).

Thus, we can directly evaluate the sum of the residues at each singularity:

\[
A + B +"
"Social media ka mental health pe kya asar padta hai, uspar ek research paper ka outline taiyaar karo.","0.3333","0.0","0.0","0.0352","0.1368","Sure, here's an outline for a research paper on the impact of social media on mental health:

---

**Title: The Impact of Social Media on Mental Health: A Comprehensive Review**

**Abstract**
- Brief overview of the research
- Summary of key findings
- Implications for future research and practical recommendations

**Introduction**
- Definition of social media and its rapid growth
- Importance of studying social media’s effects on mental health
- Historical context and current trends
- Thesis statement or main argument

**Literature Review**
- Overview of existing research on social media and mental health
- Key findings and gaps in the current literature
- Theoretical frameworks (e.g., social comparison theory, social learning theory)

**Methodology**
- Research design and objectives
- Data collection methods (surveys, interviews, etc.)
- Sample selection and demographics
- Data analysis techniques (qualitative, quantitative, mixed methods)

**Discussion of Findings**
- Positive impacts of social media on mental health (e.g., connection, support, education)
- Negative impacts of social media on mental health (e.g., cyberbullying, FOMO, addictive behaviors)
- Correlation between social media use and mental health issues (anxiety, depression, loneliness)

**Case Studies and Examples**
- Real-life examples of individuals who have experienced both positive and negative effects
- Analysis of case studies to illustrate key points

**Critical Analysis**
- Debate over the addictive nature of social media
- Societal factors influencing social media’s impact
- Policy and regulatory measures to mitigate negative effects

**Implications and Recommendations**
- Personal strategies for managing social media use
- Parental guidance and education
- Policy recommendations for social media companies and governments
- Future research directions

**Conclusion**
- Recap of main findings and arguments
- Final thoughts and call to action
- Future research suggestions

**References**
- Comprehensive list of academic and credible sources used in the research

---

This outline provides a structured approach to exploring the multifaceted impact of social media on mental health, covering various aspects from theoretical foundations to practical applications."
"Happy Valley Kennel mein 4 chickens, 2 dogs, aur 5 cats hain. In 11 animals ko 11 cages ki ek row mein aise arrange karna hai ki ek hi species ke saare animals adjacent cages mein rahein. (Same species ke animals ko distinguishable mana hai). Kitne ways mein ye possible hai?","0.4565","0.0","0.0","0.0898","0.1916","To solve this problem, we need to arrange 4 chickens, 2 dogs, and 5 cats in 11 cages such that all animals of the same species are adjacent. Let's denote the species as C (chickens), D (dogs), and K (cats).

### Step-by-Step Solution:

1. **Identify the blocks:**
   - Since all animals of the same species must be adjacent, we can treat each species as a single block. So, we have 3 blocks: a block of 4 chickens, a block of 2 dogs, and a block of 5 cats.

2. **Arrange the blocks:**
   - We need to arrange these 3 blocks in a row of 11 cages. The number of ways to arrange 3 blocks in 11 cages is the number of ways to choose 3 positions out of 11 for the blocks, which is given by the number of permutations of 3 items (blocks) in 11 positions.
   - The number of ways to choose 3 positions out of 11 is \(\binom{11}{3} \times 3!\).
   - \(\binom{11}{3} = \frac{11!}{3!(11-3)!} = \frac{11!}{3!8!} = 165\).
   - \(3! = 6\).
   - So, the number of ways to arrange the blocks is \(165 \times 6 = 990\).

3. **Arrange the animals within each block:**
   - For the block of 4 chickens, there are \(4!\) ways to arrange the chickens.
   - For the block of 2 dogs, there are \(2!\) ways to arrange the dogs.
   - For the block of 5 cats, there are \(5!\) ways to arrange the cats.
   - So, the number of ways to arrange the animals within the blocks is \(4! \times 2! \times 5! = 24 \times 2 \times 120 = 5760\).

4. **Combine the arrangements:**
   - The total number of ways to arrange the 11 animals such that all animals of the same species are adjacent is the product of the number of ways to arrange the blocks and the number of ways to arrange the animals within the blocks."
"Kisi aise environmental issue ke baare mein batao jo haal hi mein news mein tha, aur explain karo ki woh important kyun hai.","0.5652","0.0","1.0","0.0449","0.4306","Sure, let's discuss one of the key environmental issues that has been prominently featured in recent news:塑料污染（Plastic Pollution）。这是一个全球性的问题，影响着海洋、陆地以及空气。以下是关于这一问题的详细信息以及其重要性。

### 塑料污染概述
塑料污染指的是人类活动产生的大量塑料废弃物对环境造成的负面影响。这些塑料垃圾不仅在地面上随处可见，还在海洋中形成了所谓的“塑料垃圾带”。这些塑料碎片不仅影响海洋生态，还通过食物链影响人类健康。

### 最近的新闻焦点
近期，有关塑料污染的新闻报道主要集中在几个关键方面：
1. **海洋生态影响**：最近的研究显示，海洋中塑料垃圾的数量持续增加，严重威胁着海洋生物的生存。
2. **人类健康风险**：塑料分解过程中释放的微塑料和化学物质对人体健康构成潜在威胁。
3. **全球合作应对**：多国政府和非政府组织正在采取措施减少塑料使用，提高塑料回收率。

### 为什么塑料污染很重要
1. **生物多样性保护**：塑料污染直接影响海洋生物和陆地生态系统，威胁物种多样性。
2. **公共卫生问题**：微塑料通过食物链进入人体，可能对人体健康产生长期影响。
3. **经济成本**：清理塑料垃圾和修复环境的成本高昂，对全球经济造成负担。
4. **可持续发展**：减少塑料污染有助于实现可持续发展目标，促进绿色经济的发展。

总之，塑料污染是一个全球性的紧迫问题，需要国际社会共同努力，采取有效措施来减少塑料的生产和使用，提高回收率，以保护我们的环境和人类健康。"
"Niche diye gaye text ke main points summarize karo aur batao ki tumne ye points kyun chune.","0.5882","0.0","1.0","0.0332","0.4386","I'm happy to help with summarizing main points from a given text! However, you haven't provided any text for me to work with. Could you please share the text you want summarized, and I'll be able to identify the main points and provide a summary for you?"
"Ek brief monologue likho jisme tum ek historian ban kar US history ke ek important moment—Declaration of Independence ke signing—ke baare mein bata rahe ho.","0.5556","0.0","1.0","0.0527","0.4275","Aise ek brief monologue likho:

""Zamin-e-Muluk ka ek taraf, kisi din ki yaad aayegi ek vikram ki kahani, jo bhi woh kahani hoti toh apni bhi kahani ka vikram ke liye samay aaya. Woh din 4th July 1776 theek hi tha, 131 namse ki samasya se, 132 dard se bhar, 131 baras ki aalayi ki bairagi se chhutke, 131 baras ki rasm se aadmi ke aadmi se chhutke, Amerikay ki 13 shahar se chhutke, Amerikay ki 13 mahal se chhutke, Amerikay ki 13 mahal ki 13 gharwale se chhutke, Amerikay ki 13 mahal ki 13 gharwale ki 55 musalman se chhutke, Amerikay ki 13 mahal ki 13 gharwale ki 55 musalman ki 24 kadam se chhutke, Amerikay ki 13 mahal ki 13 gharwale ki 55 musalman ki 24 kadam ke 39 baras se chhutke, Amerikay ki 13 mahal ki 13 gharwale ki 55 musalman ki 24 kadam ke 39 baras ke 2 days se chhutke, Amerikay ki 13 mahal ki 13 gharwale ki 55 musalman ki 24 kadam ke 39 baras ke 2 days ke 131 minutes se chhutke, Amerikay ki 13 mahal ki 13 gharwale ki 55 musalman ki 24 kadam ke 39 baras ke 2 days ke 131 minutes ke 85 seconds se chhutke, Amerikay ki 13 mahal ki 13 gharwale ki 55 musalman ki 24 kadam ke 39 baras ke 2 days"
"Niche diye gaye do sentences padho aur batao ki comparison sahi hai ya nahi.","0.7143","0.0","0.0","0.0273","0.2884","Tak hai, apne do sentences dene aur compare karne ke liye aane wale baith ke rakhwaar ho. Aap ne niche diye gaye sentences ko bhevena diya hai, lekin main unhen dekhenne ke liye chahiye. Lekin yaani, aap kisi bhi baat ka prakar ka text ya kuch dialogue di sakte hain jisme compare karna chahiye. Aap ne kya sentences diye hain?"
"Text mein se identify karo ki kaunsa animal reptile hai aur explain karo ki uske characteristics kya hain.","0.6111","0.0","0.0","0.0352","0.248","To identifizieren, welches Tiers im Text ein Reptil ist, benötige ich zunächst den Text. Ohne den Text, auf den Sie sich beziehen, kann ich nicht spezifische Tiere oder ihre Merkmale identifizieren. 

Allerdings kann ich Ihnen die allgemeinen Merkmale von Reptilien nennen, falls Sie dies wünschen. Reptilien sind Kiementiere, die aufgrund ihrer Schuppenhaut, Eileiter, und meistens aufgrund ihrer Hohlräume in den Schädelknochen, von anderen Kiementieren abgegrenzt werden. Sie haben allgemein:

1. Schuppenhaut
2. Eileiter (kein Darmröhrenausstoß)
3. Beine (meistens, mit Ausnahme einiger Arten wie Schlange oder Kriechtiere)
4. Ei
5. Temperaturabhängige Entwicklung (in der Regel nicht warmblütig, Ausnahme: Krokodile und Käfer)
6. Kiefer, die an den Schädelknochen befestigt sind
7. Bei den meisten Arten sind sie nicht fossile, aber einige Arten, wie Schlangen, sind es.

Wenn Sie mir den spezifischen Text liefern, kann ich Ihnen dann genaueres über das Tier sagen, das in Ihrem Text erwähnt wird."
"Tujhe ingredients ki list di gayi hai, ab tujhe cake banane ki recipe create karni hai.","0.3125","0.0","0.0","0.0312","0.1281","Of course! Let's create a simple and delicious cake recipe using the ingredients you've provided. Please share the list of ingredients, and I'll tailor the recipe accordingly. If you don't have a specific list, I can suggest a basic cake recipe that you can customize based on your available ingredients."
"Tujhe kuch components ki list di hai, sabko use karke ek story banao.","0.3846","0.0","0.0","0.0254","0.1564","Tak, aapne mujhe kuch components ki list di hain, lekin wahan kuch baatein bhi zaroori hain jisse maine aapki list par baat ki jayi. Lekin agar aapko to sirf components ki list di hai, toh main unka use karke ek kripya karte hoon, jo sabhi components ko saraamant se cover karta hai:

Components:
1. Smartphone
2. Dhol
3. Pen and paper
4. A book about adventure
5. A map
6. A cup of hot chocolate

Story: 
In the cozy nook of a quaint little café, there was a young woman named Rina, who was about to embark on a unique adventure. She sat at a table, sipping a cup of steaming hot chocolate, with her pen and paper spread out before her. The warmth of the café was a stark contrast to the chilly outside, where the snow was gently falling. 

Rina was a big fan of adventure stories, and today she was reading her latest book about a daring explorer. The book had just reached an exciting part where the protagonist needed to navigate through a dense forest. Inspired by the story, Rina decided to plan her own adventure.

She took out a small, old map from her bag and spread it out on the table. She carefully studied the map, focusing on a nearby park that seemed to have a dense forest. Excited by the idea, she decided to explore the park and see if she could find any hidden trails or secret spots, just like the characters in her book.

Rina quickly pulled out her smartphone to do a quick search for the park and its surroundings. She found the location and set off, grabbing her book to read as she walked. The dhol, which she had brought along with her, began to play the rhythm of her excitement as she walked.

As she entered the park, the dhol's beat resonated with the crunching of snow under her feet. She followed the map's directions, walking through the snowy forest. Suddenly, she stumbled upon a hidden clearing with a small, quaint wooden cabin. It was as if the cabin had been there just waiting for her, like a character from the book she was reading.

Rina decided to explore the cabin and see what it held. Inside, she found a bookshelf filled with books, and a small fireplace. The hot chocolate that"
"Socho tum ek art collector ho aur artwork dhoond rahe ho. Gallery se tum kya questions poochoge?","0.5882","0.0","0.0","0.0332","0.2386","Jeetey hoon ek art collector aur meri goal artwork dhoondna hai, to main neeche di hui kuch pahalee questiono ko pooch rahi hoon:

1. **Artist Ke Baare Mein:** 
   - Koii baat kya hai jisme artist ke naam, vishesh jalishan ya uska mohem history ho?
   - Artist ne kya style ya school kaam ki ho? Yeh question mein artist ke vishesh jantra ko samjha ja sakta hai.

2. **Artwork Ke Baare Mein:**
   - Kya aap kuch specific style ya technic ko dekhte hain jisme artist kaam ki hai?
   - Kya aap ek ya dusre artist ka style ko dekhte hain jo aapka interest karta hai?

3. **Gallery Ke Baare Mein:**
   - Kya aap ek specific artist ya style ke baare mein ek deep dive karte ho ya koi special area of focus ho?
   - Aapka gallery ya art collection ke koi specific goal ho kya? Kya aap ek nichey ki collection ya ek nichey ki collection ke baare mein dhoond rahe hain?

4. **Art Market Ke Baare Mein:**
   - Gallery se kya aur information ho sakti hai ki aane waale art fairs ya exhibitions mein kya daur haal hai?
   - Kya aap ko kuch specific artists ya pieces ki update mil sakti hai jo meri collection me include ho sakte hain?

5. **Negotiation Ke Baare Mein:**
   - Gallery se kya aap koi negotiation options ho sakte hain? Kya aap ek piece ko directly purchase kar sakte hain ya kuch specific condition set kar sakte hain?
   - Kya aap ko koi discount ya special offer ho sakti hai?

Aise questions ask karenge main aur jaise hi aapka interest hone wala artist ya artwork milta hai, usse jaisa baat chalna shuru karenge."
"Jab Scott quadratic x^2 + 8x - 1 = 0 pe completing the square karta hai, toh use (x + a)^2 = b form ki equation milti hai. b ki value kya hogi?","0.3077","0.0","1.0","0.0508","0.3282","To solve the quadratic equation \(x^2 + 8x - 1 = 0\) by completing the square, we need to rewrite it in the form \((x + a)^2 = b\).

Let's go through the steps:

1. **Start with the given equation:**
   \[
   x^2 + 8x - 1 = 0
   \]

2. **Move the constant term to the other side:**
   \[
   x^2 + 8x = 1
   \]

3. **Complete the square on the left-hand side:**
   - To complete the square, we need to add and subtract \((\frac{8}{2})^2 = 4^2 = 16\) inside the equation.
   - This gives us:
     \[
     x^2 + 8x + 16 - 16 = 1
     \]
   - Simplify the equation:
     \[
     x^2 + 8x + 16 = 17
     \]
   - Now, the left-hand side is a perfect square:
     \[
     (x + 4)^2 = 17
     \]

4. **Identify the value of \(b\):**
   - In the form \((x + a)^2 = b\), the value of \(b\) is the number on the right-hand side of the equation.
   - Here, \(b = 17\).

So, the value of \(b\) is \(\boxed{17}\)."
"Fruits ki list ko do categories mein sort karo: jinme seeds hote hain aur jinme seeds nahi hote.","0.5556","0.0","0.0","0.0352","0.2257","Sure, yeh ek intersting sorting method hai! Aurato ko kuch fruits milenge jinme seeds hote hain aur kuch jinme seed nahi hote. Ab yeh list apko di jata hai:

**Seeds Milne Fruits:**
1. Grapes
2. Berries (Strawberries, Blueberries, Raspberries)
3. Kiwi
4. Mango
5. Pineapple
6. Papaya
7. Melons (Watermelon, Cantaloupe)
8. Avocado
9. Plums
10. Cherries

**Seeds Nahi Milne Fruits:**
1. Apples (Seeds are hidden deep inside)
2. Oranges
3. Lemons
4. Bananas
5. Pears
6. Grapes (also considered as having no seeds in some varieties)
7. Pineapple (the hard center does not contain seeds)
8. Citrus Fruits (Lemons, Limes, Oranges, etc.)
9. Berries (Blueberries, Raspberries, Blackberries, etc.)
10. Avocado (considered as having no seeds in some varieties)

Is list mein, ""Seeds Milne Fruits"" ke tarah kaam karenge jinme seeds hote hain, lekin unse ek taur se seed mein khilakta hain. ""Seeds Nahi Milne Fruits"" ke tarah kaam karenge jinme seeds nahi hote.

Iska tana naa karo kya kisi ki baat mein se mistake hoti hai."
"Imagine karo tum ek aisi website evaluate kar rahe ho jiska design bahut ghatiya hai. Ek short review likho.","0.6316","0.0","0.0","0.0371","0.2563","Kuchh baatein jisse aap ek bahut ghatiyan design ki website ko evaluate kar sakte hain:

""Is website ka design bahut sikhara hai aur user ki experience ko bhar mein zaroori roop mein kam karna chaiye. Navigation bar mein saari optionin se hara kaise, text ka size aur color, aur page ka layout kya hai - sabse pehle yeh check karein. Aur jab tak yeh design nahi padhna padega, website par koi aur kaam karne ke liye bhi baat nahi hai. Design ke upar kaam karke agar aap user ka experience samajhane aur improve karenge, toh website ki efficiency aur popularity badne mein madad milegi."""
"Aisi 5 cheezon ki list banao jo garage mein milne ke sabse zyada chances hain.","0.5","0.0","0.0","0.0273","0.2027","Koi cheez garage mein milne ke zyada chances hain, lekin aisi 5 cheezon ki list banane ke liye kuch common items chahate hain? Yeh items har ek ghar ka garage mein milne ke zyada chances hain. Ab, aisi 5 cheezon ki list banayein:

1. **Tool Box (कूल बॉक्स)**: बारेल में तर्कसंग्रह लगाने, बन्दर, सेटअप या बुलिंग के लिए तर्कों का उपयोग करने के लिए जाने जाते हैं।

2. **Carpets/Carpet Roll (कार्पेट/कार्पेट रोल)**: गरेज के बाहर या निचले क्षेत्र में बार रखने या आवश्यकता होने पर कार्पेट का उपयोग किया जाता है।

3. **Broom (स्वामित्व)**: गरेज का ब्रुम लाए जाते हैं जो जंक, खुब्राहिया और स्वच्छता के लिए बहुत उपयोगी होता है।

4. **Old Newspapers (वाकई साल के खातरों)**: कभी-कभी गरेज में बेचे जाने वाले खातरों के लिए जाने जाते हैं।

5. **Water Bottles (वाटर बॉटल्स)**:"
"Ek real estate agent aur potential buyer ke beech conversation likho, jisme agent price quote kare aur property ke fayde bataye.","0.381","0.0","0.0","0.041","0.1565","Agent: Good morning! Thank you for reaching out. My name is Qwen, and I am here to assist you with your real estate needs. How can I assist you today? I understand you're looking for a property, and I'd be happy to share some information on a property that might interest you.

Potential Buyer: Good morning, Qwen. Yes, I've been looking for a property in the [Neighborhood/Area] area. I'm particularly interested in something that can offer good value and meet my needs.

Agent: Great to hear from you! Let me walk you through a potential property that I think could meet your requirements. This is a 3-bedroom, 2-bathroom home located in [Neighborhood/Area], with a total area of 1,500 square feet. The property has been on the market for a few months and is currently quoted at $350,000.

Potential Buyer: That sounds interesting. Can you tell me more about the benefits of this property?

Agent: Absolutely. The home is situated in a quiet neighborhood, close to schools, parks, and local amenities like grocery stores and restaurants. The layout is very functional, with a spacious living room, a well-equipped kitchen, and a comfortable master bedroom with an ensuite bathroom. The property also offers plenty of storage space and a detached garage for your convenience. Additionally, the property has a nice garden with a patio area, perfect for relaxation and hosting small gatherings.

Potential Buyer: That does sound appealing. Can you provide more details on the maintenance and any upcoming development projects in the area?

Agent: Of course! The neighborhood is well-maintained, and the local authorities are committed to keeping the area clean and green. There are no major development projects planned at the moment, but the area is known for its steady growth and improvement. The school system is highly rated, and the community events are frequent and engaging.

Potential Buyer: That’s good to know. How does the price compare to similar properties in the area?

Agent: The quoted price of $350,000 is in line with the current market for similar homes in this neighborhood. Given the property's size, layout, and the added value of its location, I believe it offers excellent value for money. Would you like to set up a viewing, or do you have any other questions before we proceed?

Potential Buyer: Yes, I would like to schedule a viewing. When can we do that?

Agent: Perfect! How about we arrange a"
"Agar tum ek historian hote aur tumhe ancient civilizations ke sophisticated calendars ke evidence milte, toh uske kya implications hote? Kuch points batao.","0.5652","0.0","0.0","0.0449","0.2306","Ancient civilizations' sophisticated calendars can have several important implications, both historically and archaeologically. Here are some key points:

1. **Understanding Time and Seasonality**:
   - Sophisticated calendars allow for better understanding and prediction of seasonal changes, which is crucial for agriculture, religious ceremonies, and navigation.
   - They provide insights into the ancient peoples' knowledge of astronomy and their ability to correlate celestial events with terrestrial cycles.

2. **Social and Religious Significance**:
   - Calendars often reflect the religious beliefs and social structures of a civilization, as many ancient calendars were tied to deities and religious festivals.
   - They can reveal the importance of certain dates or periods in the lives of ancient peoples, indicating the significance of various celestial events.

3. **Astronomical Knowledge**:
   - The creation and refinement of complex calendars demonstrate the advanced astronomical knowledge of ancient civilizations, such as the Mayans, Egyptians, and Babylonians.
   - These calendars can provide valuable information about the accuracy of ancient astronomical observations and the development of mathematical and calendrical systems.

4. **Cultural Exchange and Influence**:
   - The adoption and modification of calendars across different cultures can indicate the extent of trade, migration, and cultural exchange in ancient times.
   - For instance, the spread of the Mesoamerican Long Count calendar to other cultures in the Americas.

5. **Administrative and Administrative Efficiency**:
   - Calendars can offer insights into the administrative capabilities of ancient societies, as they required meticulous organization and coordination to maintain and update.
   - They can also reflect the level of social and political organization, as the maintenance of a calendar often required centralized authority.

6. **Technological and Mathematical Advances**:
   - The development of complex calendars often involves advanced mathematical and technological knowledge, showcasing the intellectual achievements of ancient civilizations.
   - They can provide evidence of the use of sophisticated computational tools and methods.

7. **Historical and Archaeological Context**:
   - Calendars help in dating archaeological finds and understanding the temporal relationships between different cultural artifacts.
   - They can serve as a chronological framework for interpreting historical events and the development of civilizations.

8. **Synchronicity and Interconnectedness**:
   - The study of ancient calendars can reveal the interconnectedness of distant civilizations through shared calendrical systems, suggesting long-distance trade or cultural exchanges.
   - They can help in reconstructing the historical timeline and the spread of cultural practices and technologies.

9. **Cultural and Scientific Heritage**:
   - The preservation and"
"Wo sabse chhota positive base ten number kaunsa hai jiske binary representation ke liye six digits chahiye?","0.4118","0.0","0.0","0.0332","0.168","हमें गणना करना है कि कौन सी सबसे छोटी धनात्मक दसवां पाद नंबर के बाइनरी प्रतिनिधित्व में 6 अंकों की आवश्यकता होती है।

1. दसवां पाद में सबसे छोटा धनात्मक संख्या 1 है।
2. इस संख्या का बाइनरी प्रतिनिधित्व 000001 है, जो कि 5 अंकों से बनाया गया है, न कि 6 अंकों की लंबाई का है।
3. हमें तलाश करना है कि कौन सी दसवां पाद नंबर इस तरह का है जिसका बाइनरी प्रतिनिधित्व 6 अंकों की लंबाई का हो।

चूँकि बाइनरी संख्या के पहले अंक दर्शाते हैं कि यह धनात्मक या ऋणात्मक है, और दसवां पाद के सबसे छोटे धनात्मक संख्या 1 है जिसका बाइनरी प्रतिनिधित्व 000001 है। लेकिन यह 5 अंकों का"
"Predict karo ki agar koi pooche 'Ek accha leader kaun hota hai?', toh response kya hoga? Ek political science professor ki tarah roleplay karo.","0.6667","0.0","0.0","0.0469","0.2714","Achchha, aapki kripa thi. Iss question ko jaantey hain to ek accha leader ko define karne mein galat hota hai. Ek accha leader ko apne karyawane aur samaj mei samajhne, samman karne, aur samajh mein likhne ka shakti hoti hai. Par, achchhe se achchhe tak pahunchne ke liye, ek leader ko kuch aur bhi chahiye. Is tarah se, mein ek political science professor se roleplay kar rahi hoon aur aapki question ke jawab dena chata hoon.

Ek accha leader ek samaj mein samajh mein likhne, karyawane ko samman karna, aur upayogik karne ke liye shakti aur duniya darpan banne ka durrak hi nahi hota. Ek accha leader, samajh mein likhne aur karyawane ko samman karna ka shakti darpan hota hai, lakin ek aur durrak bhi hota hai — unke samajh mein likhne ke tareeka aur karyawane ko samman karna se kitne hi badi hain, unhein karyawane aur samajh mein likhne ke liye kuch aur duniya darpan banaane ki kaamyaab karyavat aur vision ke liye. Yeh durrak ek leader ki vision aur shakti ke samanya parivartan ke saath ke saath, aur yeh bhi shakti ke shakti se hota hai, jisme ek leader ne unke karyawane aur samajh mein likhne ke tareeka aur uski vision ko apne duniya darpan ki manzil se dekhne mein swadhyan kiya.

Iske saath saath, ek leader ne karyawane ko samman karna se kitne hi badi hain, unhein apne karyawane aur samajh mein likhne ke tareeka se kuch aur kaamyaab karyavat se duniya darpan banaane ke liye. Ek accha leader, unke karyawane aur samajh mein likhne ke tareeka aur"
"Imagine karo ek young adult apne parents ke ghar se nikal kar pehli baar apne apartment mein shift ho raha hai. Personal finances manage karne ke liye 3 tips do.","0.5172","0.0","0.0","0.0566","0.2126","Sure, moving out for the first time can be both exciting and a bit daunting, especially when it comes to managing personal finances. Here are three tips to help you get started on the right foot:

1. **Create a Budget:**
   - Before you move in, figure out your monthly income and list all your expenses. This includes rent, utilities, groceries, transportation, and any other recurring costs. Use budgeting tools or apps to track your spending and ensure you stay within your means. This will help you avoid debt and ensure you have enough money for unexpected expenses.

2. **Open a Separate Bank Account:**
   - Having a separate bank account for your living expenses can help you manage your finances more effectively. It's easy to mix personal and household expenses, but keeping them separate can help you better track your spending and save for future expenses or goals. Consider setting up automatic transfers to your savings account to ensure you save a portion of your income regularly.

3. **Build an Emergency Fund:**
   - It’s important to have an emergency fund to cover unexpected expenses such as medical bills, repairs, or sudden increases in utility costs. Aim to save at least three to six months' worth of living expenses. Even starting with a small amount each month can help you build this fund over time. This financial cushion will give you peace of mind and help you manage financial stress more effectively.

By following these tips, you can set a strong foundation for managing your finances independently in your new apartment."
"Is statement mein koi logical fallacy hai kya? Agar hai toh batao kyun, warna bas 'No logical fallacy detected' likh dena.","0.619","0.0","1.0","0.041","0.4517","Sure, please provide the statement you want me to check for logical fallacies."
"Is passage ka main theme kya hai? Short mein explain karo.","0.6364","0.0","0.0","0.0215","0.2567","I'm sorry, but you haven't provided a specific passage for me to analyze. Could you please share the passage or text you're referring to, so I can help you identify its main theme?"
"Jo info aur context diya hai, uske basis pe USA trip ka 7-day itinerary banao.","0.2667","0.0","1.0","0.0293","0.3096","Kurat, aise 7 din ke travel itinerary ko banane ke liye har kisi ke paskari tarike hi kaam karega, lekin main ne aapki kee paskari aur USA travel ke liye kuch sahi places aur activities ke baare me info deti hoon. Kisi bhi place ko add, remove ya change kar sakte hain, aapki travelexperience ko optimize karne ke liye.

Day 1: Arrival and Exploring New York City
- Morning: Arrive in New York City, take a taxi or Uber to your hotel.
- Afternoon: Explore the High Line and Bryant Park.
- Evening: Dinner at a local restaurant and Broadway show.

Day 2: New York City
- Morning: Visit the Statue of Liberty and Ellis Island.
- Afternoon: Walk through Central Park.
- Evening: Explore the Museum of Natural History.

Day 3: Boston, Massachusetts
- Travel to Boston via Amtrak or rental car.
- Visit the Freedom Trail, Paul Revere House, and Old North Church.
- Evening: Walk along the Boston Common and Faneuil Hall Marketplace.

Day 4: Washington D.C.
- Travel to Washington D.C. via Amtrak or rental car.
- Visit the White House, Capitol Building, and Washington Monument.
- Evening: Explore the National Mall and Smithsonian Museums.

Day 5: Philadelphia, Pennsylvania
- Travel to Philadelphia via Amtrak or rental car.
- Visit Independence Hall, Liberty Bell, and the National Constitution Center.
- Evening: Stroll around the Independence Mall.

Day 6: Niagara Falls, New York
- Travel to Niagara Falls.
- Visit Niagara Falls State Park and Goat Island.
- Evening: Watch the nightly illuminations at the Falls.

Day 7: Departure
- Morning: Visit the Seneca Niagara Casino for a quick round of luck.
- Afternoon: Final lunch and souvenir shopping.
- Departure from Niagara Falls.

This itinerary includes a mix of historical and natural attractions, allowing you to explore the rich history and scenic beauty of the northeastern United States. You can modify it according to your interests and travel preferences."
"Ek short story di hai, usko dystopian setting mein rewrite karo but original focus maintain rakhna.","0.25","0.0","0.0","0.0312","0.1031","Tera mutumflaka baat hai, meri tarah se dystopian setting mein uskam rewrite karne ka maana kya hai? Aur kya aap kisi bhi particuliar focus ko main maintain karunga? Aap koi example diye hue text ko de sakte hain jise main apna karyakram karna chata hoon?

Lekin haasib se, ek sample baat banate hain:

Original:
""Rani ka khayal thi ki meri baat apni gali mein kuch samajh jayegi. Lekin woh kuch bhi nahi samajh gayi. Rani ne apni baat kisi aur ko bhi dekhi, par koi nahi kiya. Rani ne yeh gali khatam ki aur aisa samajh liya ki yeh har gali, har baat, har ghar uski baat ko samajhne ki koshish nahi kar rahi.""

Dystopian Rewrite:
""Rani ka khayal thi ki meri baat, yeh ghat mein kuch samajh jayegi. Par yeh ghat nahi samajh gayi. Rani ne apni baat kisi aur ghat ko dekhi, lekin har ghat nahi kiya. Rani ne yeh ghat khatam ki aur aisa samajh liya ki yeh har ghat, har baat, har ghar uski baat ko samajhne ki koshish nahi kar rahi. Yeh ghat, yeh baat, yeh ghar, yeh sab kuch, jahaan mein aata hoon, wahaan nahi samajhnaa hota.""

Aap kuch baatein ke example ya kisi tarah se specific rewrite karna chate hain, kya?"
"2x+7=3 aur bx-10=-2 equations ka solution x same hai. b ki value kya hogi?","0.4286","0.0","1.0","0.0273","0.3742","To solve for the value of \( b \), let's first find the value of \( x \) from each equation and then equate them.

### Step 1: Solve the first equation \(2x + 7 = 3\)

\[ 2x + 7 = 3 \]
\[ 2x = 3 - 7 \]
\[ 2x = -4 \]
\[ x = \frac{-4}{2} \]
\[ x = -2 \]

### Step 2: Solve the second equation \(bx - 10 = -2\)

\[ bx - 10 = -2 \]
\[ bx = -2 + 10 \]
\[ bx = 8 \]
\[ x = \frac{8}{b} \]

### Step 3: Equate the values of \( x \)

Since \( x \) is the same in both equations, we set the expressions for \( x \) equal to each other:

\[ -2 = \frac{8}{b} \]

### Step 4: Solve for \( b \)

\[ -2b = 8 \]
\[ b = \frac{8}{-2} \]
\[ b = -4 \]

Thus, the value of \( b \) is \(-4\)."
"Kisi movie ya book ka aisa character choose karo jisse aap relate kar sako aur explain karo kyun.","0.5","0.0","0.0","0.0352","0.2035","Sure, let's choose the character of Harry Potter from J.K. Rowling's Harry Potter book series. This character is relatable for many people because of his journey of self-discovery, growth, and bravery, which are common experiences for many readers.

**Harry Potter: A Relatable Character**

Harry Potter is a young boy who, at the age of 11, discovers he is a wizard. He is whisked away from his ordinary life with his Aunt Petunia and Uncle Vernon to the wizarding world of Hogwarts School of Witchcraft and Wizardry. Throughout the series, Harry faces numerous challenges, from the threat of Lord Voldemort to the emotional and social complexities of school life.

**Why Harry Potter is Relatable:**

1. **Underdog Status**: Like many young readers, Harry starts his journey as an outsider, feeling unloved and neglected by his family. This is a common feeling among children who may be bullied or feel left out, making the character's journey to acceptance and self-worth deeply resonant.

2. **Bravery and Resilience**: Harry faces unimaginable dangers and losses, yet he never gives up. His bravery is not just in his magical abilities but also in his willingness to stand up for what is right, even when it’s not easy. This can inspire readers who may have faced their own trials and need encouragement to keep going.

3. **Friendship and Loyalty**: Harry's relationships with his friends, like Ron Weasley and Hermione Granger, show the importance of friendship and loyalty. The bonds he forms and the support he gives to his friends are often mirrored in real-life friendships, making the narrative of loyalty and support very relatable.

4. **Personal Growth**: Harry's character development is one of the most compelling aspects of the series. He learns about the value of love, courage, and sacrifice, which are universal themes that many readers can connect with as they grow.

5. **Overcoming Adversity**: The recurring theme of Harry's battle against Voldemort, despite the odds, can resonate with readers who have faced significant obstacles in their lives. It provides a sense of hope and resilience that can be very empowering.

Overall, Harry Potter's journey is a universal one, filled with relatable themes and experiences that can inspire and motivate readers. His character is a testament to the idea that no matter how difficult the circumstances, with courage, friendship, and determination, one can overcome adversity."
"Solar aur wind energy ke advantages aur disadvantages ko compare karke batao as renewable energy sources.","0.375","0.0","0.0","0.0312","0.1531","Solar and wind energy are both renewable energy sources, but they have distinct advantages and disadvantages. Here's a comparison to help you understand their benefits and drawbacks:

### Advantages of Solar Energy:
1. **Abundance and Sustainability**: Solar energy is abundant and sustainable, as the sun is a constant and inexhaustible source of energy.
2. **Reduction in Greenhouse Gas Emissions**: Solar energy produces no direct emissions during operation, contributing to a cleaner environment.
3. **Low Operating Costs**: Once the solar panel system is installed, the operating costs are minimal, with sunlight being free.
4. **Versatility**: Solar panels can be installed on rooftops, in open spaces, or even integrated into building designs, making it suitable for various applications.
5. **Energy Independence**: Solar energy can reduce dependency on imported fuels, enhancing energy security.
6. **Technological Advancements**: Continuous improvements in solar technology have led to increased efficiency and reduced costs.

### Disadvantages of Solar Energy:
1. **Intermittency**: Solar energy production is highly dependent on weather conditions and time of day, which can lead to variability in output.
2. **High Initial Costs**: The initial investment for solar panels and installation can be high.
3. **Space Requirements**: Large areas are needed for solar panel installations, which can be a limitation in densely populated urban areas.
4. **Environmental Impact**: The manufacturing process of solar panels can have environmental impacts, including the use of hazardous materials.
5. **Decay Over Time**: Solar panels degrade over time, reducing their efficiency.

### Advantages of Wind Energy:
1. **Abundance and Sustainability**: Wind energy is also a renewable and sustainable source, with the wind continuously blowing.
2. **Reduced Carbon Footprint**: Wind energy produces no direct emissions, making it a clean source of power.
3. **Low Operating Costs**: Like solar energy, wind energy has low operating costs after the initial setup.
4. **Energy Independence**: Wind energy can contribute to energy security by reducing dependency on imported fuels.
5. **Versatility**: Wind turbines can be installed on land or in offshore locations, providing flexibility in location choices.
6. **Positive Environmental Impact**: Wind energy does not produce air or water pollution and can help reduce the need for non-renewable resources.

### Disadvantages of Wind Energy:
1. **Intermittency**: Wind energy production is dependent on weather conditions, leading to variability in output.
2. **Aesthetic Concerns**: Wind turbines can be visually intrusive"
"Diye gaye text ke basis pe, company ki ek strength aur ek weakness highlight karo aur samjhao ki ye business ke liye kyun important factors hain.","0.6154","0.0","1.0","0.0508","0.4512","Kuch bhi text diya gaya hai, lakin is mein company ki ek strength aur ek weakness ko specific mention nahi kiya gaya hai. Par dono points ko samjho, iska matlab hai ki hum apne niche kuch sample text lakenge aur uske basis par company ki ek potential strength aur weakness ko highlight karenge, isse bhi hum apne business ke liye kyun important factors hain to samjhenge.

**Sample Text:**

""XYZ Company is a leading provider of software solutions. With a team of experienced developers, they have been successfully delivering high-quality software products for over 10 years. They have a strong focus on customer service and are known for their quick turnaround times and reliability. However, they have a limited presence in emerging markets, which could limit their growth potential.""

**Highlighting Strength and Weakness:**

1. **Strength:**
   - **Strength of the Company: XYZ Company's Focus on Customer Service and Quick Turnaround Times**
     - Highlight: XYZ Company's strong focus on customer service and their ability to deliver quick turnaround times is a significant strength. This focus has likely helped them build a strong reputation and customer loyalty.
     - **Importance for the Business:**
       - It enhances customer satisfaction and retention.
       - It can provide a competitive edge by offering superior service compared to competitors who might not match these standards.
       - It can lead to positive word-of-mouth marketing and referrals.

2. **Weakness:**
   - **Weakness of the Company: Limited Presence in Emerging Markets**
     - Highlight: While XYZ Company has a strong presence in their current markets, their limited presence in emerging markets is a significant weakness. This limitation could limit their growth potential and restrict access to new markets.
     - **Importance for the Business:**
       - It restricts the company's ability to diversify its customer base and revenue streams.
       - It may limit their access to new technological trends and customer needs in emerging markets.
       - It can create a competitive disadvantage if rivals are more active in these markets.

By identifying and understanding these strengths and weaknesses, XYZ Company can develop strategies to capitalize on their strengths and mitigate their weaknesses, thereby enhancing their overall business performance and growth potential."
"Passage padho aur answer karo: Passage se John ke life perspective ke baare mein kya pata chalta hai?","0.4444","0.0","0.0","0.0352","0.1813","I'm sorry, but I can't provide an answer as you haven't provided a passage or any context related to John's life perspective. Could you please provide the passage or more details so I can assist you better?"
"Is poem ka main theme identify karo: ""I'd climb a hill so high, That I could touch the stars in the sky, And I'd watch the birds fly by""","0.2414","0.0","0.0","0.0566","0.1022","The poem you've provided has a theme of aspiration and longing. The speaker expresses a desire to reach great heights, both literally by climbing a high hill and figuratively by touching the stars. The act of watching the birds fly by might also symbolize freedom and the beauty of nature, which the speaker might wish to experience more closely by reaching higher elevations. Overall, the theme centers around the human desire to explore, achieve, and connect with something greater or more distant than what is immediately within reach."
"Ye medical scenario padho aur ek hypothetical doctor ki tarah apna treatment plan ya advice explain karo.","0.4706","0.0","0.0","0.0332","0.1916","Sure, let's create a hypothetical medical scenario and I'll explain the treatment plan as a doctor would.

### Hypothetical Medical Scenario:
A 45-year-old male patient comes to the clinic complaining of a persistent cough, fever, and shortness of breath. He mentions that he has been feeling unusually tired and has lost some weight over the past few months. The patient works as a teacher and does not have any significant medical history. On examination, the patient appears pale, has a temperature of 38.5°C, and there are some crackles heard in his lungs. A chest X-ray reveals an irregular mass in the right lung.

### Treatment Plan:

1. **Initial Assessment and History:**
   - Conduct a thorough history to identify any risk factors, such as smoking or occupational hazards.
   - Perform a physical examination, noting the patient's appearance, vital signs, and any signs of respiratory distress.
   - Order further diagnostic tests such as a complete blood count (CBC), C-reactive protein (CRP), and a sputum culture to rule out infection.
   - Arrange for a biopsy if necessary to confirm the nature of the lung mass.

2. **Diagnostic Testing:**
   - **Chest X-ray:** Confirm the presence and characteristics of the lung mass.
   - **CT Scan:** To get a detailed image of the mass and assess its size and location.
   - **Bronchoscopy:** To obtain a sample for biopsy.
   - **Biopsy:** To determine the exact nature of the lung mass (benign or malignant).
   - **Lung Function Tests:** To assess the patient's lung function and respiratory status.

3. **Initial Treatment:**
   - **Antibiotics and Supportive Care:** If an infection is suspected, start broad-spectrum antibiotics. Ensure the patient stays well-hydrated and receives symptomatic treatment for fever and cough.
   - **Pulmonary Rehabilitation:** If the patient is experiencing shortness of breath, initiate a pulmonary rehabilitation program to improve his respiratory function.

4. **Further Management:**
   - **Follow-up Biopsy Results:** Once the biopsy results are available, decide on the next steps based on whether the mass is malignant or benign.
   - **Malignancy Treatment:** If the mass is malignant, a treatment plan would include:
     - **Surgery:** Depending on the size and location of the tumor, surgical removal might be recommended.
     - **Chemotherapy:** To destroy any cancer cells that might have spread."
"Ek aisa example sentence do jisse ye samajh aaye ki exact phrase dikhane ke liye quotation marks use karna kyun zaroori hai.","0.5","0.0","0.0","0.043","0.2043","Sure, let's consider a sentence to illustrate the importance of using quotation marks for exact phrases:

1. Without quotation marks:
   ""She said she likes to read books."" (This sentence is incorrect as it's not indicating an exact quote.)

2. With quotation marks:
   She said, ""She likes to read books.""

In this example, the quotation marks around ""She likes to read books"" show that these are the exact words spoken by the person. If we didn't use quotation marks, it might be unclear whether ""She likes to read books"" is a direct quote or just part of the sentence. Therefore, quotation marks are essential for clarity and precision in communication."
"SQL mein ek query likho jisse database ke saare authors ke names mil jayein. Author table ka naam AUTHORS hai. Ek WORKS table bhi hai jisme authors ke saare works hain aur wo AUTHOR_FK se connected hai. Work content varchar mein hai aur column ka naam WORK hai. Ek aisi query bhi banao jisse pata chale ki kis author ka total word count sabse zyada hai.","0.4478","0.0","0.0","0.1309","0.1922","Certainly! To retrieve all author names from the `AUTHORS` table, you can use a simple `SELECT` query. To find out which author has the highest total word count of their works, you can use a combination of `JOIN`, `GROUP BY`, and `ORDER BY` clauses.

Here are the two queries:

1. **Query to retrieve all author names:**

```sql
SELECT author_name
FROM AUTHORS;
```

2. **Query to find the author with the highest total word count:**

```sql
SELECT a.author_name, SUM(w.length) AS total_word_count
FROM AUTHORS a
JOIN WORKS w ON a.author_id = w.AUTHOR_FK
GROUP BY a.author_id, a.author_name
ORDER BY total_word_count DESC
LIMIT 1;
```

Explanation of the second query:
- `JOIN AUTHORS a ON a.author_id = w.AUTHOR_FK`: This joins the `AUTHORS` and `WORKS` tables using the `author_id` and `AUTHOR_FK` columns.
- `GROUP BY a.author_id, a.author_name`: This groups the results by author ID and author name to calculate the total word count for each author.
- `SUM(w.length) AS total_word_count`: This calculates the total word count for each author by summing up the `length` (assuming `length` is a column in the `WORKS` table that represents the word count of each work).
- `ORDER BY total_word_count DESC`: This orders the results in descending order based on the total word count.
- `LIMIT 1`: This limits the result to the author with the highest total word count.

If you need to calculate the word count based on the `WORK` column, you can modify the query as follows:

```sql
SELECT a.author_name, SUM(LENGTH(w.WORK) - LENGTH(REPLACE(w.WORK, ' ', '')) + 1) AS total_word_count
FROM AUTHORS a
JOIN WORKS w ON a.author_id = w.AUTHOR_FK
GROUP BY a.author_id, a.author_name
ORDER BY total_word_count DESC
LIMIT 1;
```

Explanation of this modified query:
- `LENGTH(w.WORK) - LENGTH(REPLACE(w.WORK, ' ', '')) + 1`: This calculates the word count by counting the number of spaces and adding one (since each space indicates the end of one word and the start of another)."
"Agar 5 balls ko 3 boxes mein daalna hai aur balls aur boxes dono indistinguishable hain, toh kitne ways honge?","0.6111","0.0","0.0","0.0352","0.248","यह समस्या एक गणितीय समस्या है जिसे पैरिसेड संकल्पना का उपयोग करके हल किया जा सकता है। यहाँ आपका सवाल की उत्तर निम्न पद्धति से दिया जा सकता है:

1. **सामान्यीकरण**: हमारी दिए गए परिस्थिति में, हमें 5 गेंदों (balls) को 3 बॉक्सों (boxes) में डालना है जिसमें गेंदें और बॉक्सें दोनों समान नहीं हैं। इस परिस्थिति को सरलीकृत करने के लिए, हम इसे एक समस्या के रूप में देख सकते हैं जिसमें हमें 5 साइन (|) के साथ 2 बार इन्टर्सेप्ट (काटकार) (|) को लगाना है।

2. **सम्बन्ध संस्करण**: यह अर्थात् हमें 7 स्थानों में से 2 बार इन्टर्सेप्ट (काटकार) को रखना है। यह समस्या आपको देती है कि कितने व"
"Ek party mein 23 log aaye hain. Har person maximum 22 logon se haath mila sakta hai. Agar koi bhi do log sirf ek baar haath milayein, toh maximum kitne handshakes ho sakte hain?","0.5625","0.0","1.0","0.0625","0.4313","दिए गए स्थिति को समझने के लिए, हम लगातार 23 लोगों के बीच हाथ मिलाने की सबसे अधिक संभावना गणना करेंगे।

यदि बाकी 21 लोग अन्य सभी के साथ हाथ मिलाते हैं, तो एक लोग को अधिकतम 21 बार हाथ मिलाने की संभावना होगी।

हालाँकि, 2 लोग दो बार हाथ मिलाते हैं, इसका अर्थ है कि इनके बीच का एक हाथ मिलाना अतिरिक्त है। इसके अलावा, ये दोनों अन्य सभी के साथ भी हाथ मिलाते हैं, जो कि अन्य लोगों के लिए अतिरिक्त हाथ मिलाने की 2 संभावना बनाते हैं।

इसलिए, सम्पूर्ण समस्या को समझते हुए:

1. अतिरिक्त हाथ मिलाने वाले दो लोगों के बीच एक हाथ मिलाना अतिरिक्त है (2 बार हाथ मिलाना बजाय एक ही बार हाथ म"
"1588 mein Spanish Armada ne England pe attack karne ki koshish ki thi, uske causes aur outcome samjhao ek history teacher ki tarah.","0.5","0.3333","0.0","0.043","0.3043","Aapki khabardari ke hisaab se, aapne 1588 mein Spanish Armada ne England pe attack karne ki koshish ki thi ka kuch bhi galat hai. Spanish Armada ki England ki tarah ki attack 1588 mein nahi ki thi, lakin 1588 mein usse 1589 tak attack karne ki koshish ki thi. Iss tarah se, mujhe 1588 mein Spanish Armada ne England pe attack karne ki koshish ki thi ke baare mein bahut zyada details dekhne wale hai. Isliye, mujhe 1588 mein attack ki tarah se Spanish Armada ne England ko attack karne ka kuch bhi galat samjha, toh aapko 1588 mein attack ki baare mein samajhne ke liye 1588 se 1589 tak ki koshish ki thi ki baat karna hoga.

Abhi toh, 1588 mein Spanish Armada ne England ko attack karne ki koshish ki thi ke baare mein samajhne ke liye, aaj main aapki roop se ek history teacher ke tarah kuch details dekhne wale hoon:

**Causes:**
1. **Religious Tensions:** England under Queen Elizabeth I was Protestant, while Spain was Catholic. This religious difference was a major cause of conflict.
2. **Political Rivalry:** England and Spain had been rivals for a long time. England had supported Protestant rebels in the Spanish Netherlands, which Spain wanted to suppress.
3. **Economic Rivalry:** Spain was rich and had vast colonies, while England was a smaller but growing maritime power. The English were interested in challenging Spanish trade and colonial dominance.
4. **Naval Superiority:** England had been improving its naval capabilities, which Spain feared and wanted to neutralize.

**Outcome:**
1. **Defeat of the Spanish Armada:** The Spanish Armada faced severe weather conditions and a determined English defense. The English navy, led by Sir Francis Drake, used guerrilla tactics and the element of surprise to inflict heavy losses.
2. **Shift in Power Dynamics:** The defeat of the Spanish Armada marked a significant shift in the balance of power in Europe. England emerged as a formidable naval power, while Spain"
"Imagine karo tum ek personal trainer ho. Apne client ko cardiovascular exercise ke benefits samjhao aur do examples bhi do.","0.6","0.0","0.0","0.0391","0.2439","Ji, aapko samajhain aur samvad karne ka baad, main aapki personal trainer ke roliyon main chalega. Cardiovascular exercises, jinhe bhi ""heart-healthy exercises"" ya ""cardio"" kehte hain, aapki jeevan ki sundar koshish mein bahut se profited daate hain. Aapko ye benefits samjho:

1. **Pehchan aur Samman**: Cardio exercises aapki pranayam se jeevan ki chalat thi, kriya ki kriyavanttaa aur dhaarvanta ko sundar karta hai. Isse aapki samman aur samhita ki dhaara bade hi sundar ho jaati hai.

2. **Kshudh aur Aamad**: Cardio exercises aapke aamad aur kshudh ke upasham ki koshish mein madad kar sakte hain. Aapko aamad aur kshudh ke samay pehchanane mein madad kar sakte hain aur aamad se samasya ho gayi toh aapko kriya ke prathama vaishya bhi bata sakte hain.

3. **Jeevan Ki Aavashyakta**: Cardio exercises aapki jeevan ki aavashyakta, jaise kriya, aamad aur samman se bharat bharat sundar hote hue sundar ho jaaye.

4. **Dhyan aur Smriti**: Cardio exercises aapke dhyan aur smriti ka kriya vikas kar sake. Aapko dhamak aur shram se pranayam se dhyan aur smriti ko vikasit karne mein madad karta hai.

5. **Vishwas aur Samhar**: Cardio exercises aapke vishwas aur samhar mein madad kar sakte hain. Aapko kriya ke sath vishwas aur samhar vikasit karne mein madad karte hain.

Ekare, cardiovascular exercises ke kuch example hain:

1. **Jogging aur Running**: Aapko aapki samman aur samhita sundar karne ke liye har kadam ka use karen aur dhamak se pran"
"Is sentence mein kaunsa figure of speech use hua hai, wo dhoond kar batao.","0.4286","0.0","0.0","0.0273","0.1742","Sure, please provide the sentence so I can help you identify the figure of speech used in it."
"Work from home aur office environment ke pros aur cons discuss karo.","0.3333","0.0","0.0","0.0234","0.1357","कार्यालय से घर पर काम के वादों और विरोधों को बताने पर, यहाँ आंकड़ों और तथ्यों की एक कुशल समीक्षा है:

### कार्यालय से घर पर काम के लाभ (Pros):
1. **समय और व्यय की बचत**: घर पर काम करने से कार्यालय से यात्रा की व्यय और समय का बचाव हो सकता है।
2. **सुरक्षा और नियमिती**: घर में काम करने से आपको यात्रा करने और रास्तों को सुरक्षा में भी लाभ मिल सकता है।
3. **स्वास्थ्य का लाभ**: कार्यालय से घर पर काम करने से आपको थोड़ी कम यात्रा करनी पड़ेगी, जिससे आपकी योग्यता बढ़ सकती है।
4. **स्वतंत्रता और अनुकूलता**: घर में काम करने का लाभ है कि आप अपनी कला और अनुसूची को अपनी व्यक्तिगत पसंदों के अनुसार रख"
"Kisi bhi ek topic pe 5 questions aur unke answers ki list banao.","0.4167","0.0","0.0","0.0234","0.169","किसी भी विषय पर 5 प्रश्न और उनके उत्तर की सूची बनाने के लिए आप इसे निर्धारित कर सकते हैं। उदाहरण के लिए, यदि आप चाहते हैं कि यह भारतीय इतिहास हो, तो इस विषय पर पाँच प्रश्न और उनके उत्तर की सूची निम्न में दी गई है:

1. प्रश्न: भारत की सबसे पुरानी राजधानी कौन सी है?
   उत्तर: प्रायांगन ग्राम (जिसे अब उज्जैन के रूप में जाना जाता है)।

2. प्रश्न: किस युग में चालुक्य राजवंश शक्तिशाली हो गया?
   उत्तर: चालुक्य राजवंश चालुक्य युग में शक्तिशाली हो गया।

3. प्रश्न: भारतीय राज्यों की आर्य समुदाय की पहली नियुक्ति किस वर्ष हुई?
   उत्तर: आर्य समुदाय की पहली नियुक्ति लगभग"
"In foods ko healthy ya unhealthy mein classify karo: Mashed potatoes, Caesar salad, Poached salmon","0.2667","0.0","0.0","0.0293","0.1096","Sure, I can help with that! Let's classify each of the items you mentioned as healthy or unhealthy based on common nutritional considerations:

1. **Mashed Potatoes**:
   - **Unhealthy**: Mashed potatoes, especially when made with butter, cream, or cheese, can be high in calories and fat, especially if they are served with unhealthy sides like gravy. However, plain mashed potatoes made with just boiled potatoes and a small amount of butter or a low-fat dairy product can be healthier. Adding vegetables or herbs can also improve the nutritional profile.

2. **Caesar Salad**:
   - **Unhealthy to Healthy, Depending on Preparation**: A traditional Caesar salad often includes croutons and a creamy dressing, which can be high in calories, sodium, and unhealthy fats. However, a healthier version of the Caesar salad can be made with a light dressing or a dressing made with olive oil, along with a variety of vegetables and a moderate amount of protein like grilled chicken or poached salmon. This makes it a more balanced and nutritious option.

3. **Poached Salmon**:
   - **Healthy**: Poached salmon is generally a healthy choice. It is a lean protein that is low in fat and high in omega-3 fatty acids, which are beneficial for heart health. Additionally, poaching is a gentle cooking method that preserves nutrients and does not add extra fat or calories. However, it's important to avoid adding high-fat dressings or toppings.

In summary:
- **Mashed Potatoes**: Can be unhealthy depending on how they are prepared, but can be made healthier.
- **Caesar Salad**: Can be unhealthy due to its traditional preparation, but can be improved for better nutrition.
- **Poached Salmon**: Generally a healthy choice."
"Niche diye gaye context ko use karke question ka answer do. Agar answer nahi pata toh seedha bol do, faltu ka guess mat karna.","0.5417","0.0","0.0","0.0469","0.2214","Comprehension received. Please provide the context and the question related to that context, so I can attempt to answer based on the given information."
"Agar kisi integer x ka square 1521 hai, toh (x+1)(x-1) ki value kya hogi?","0.5","0.3333","1.0","0.0273","0.5027","दिया गया है कि एक पूर्णांक \( x \) का वर्ग 1521 है, अर्थात् \( x^2 = 1521 \)। हमें (x+1)(x-1) का मान ज्ञात करना है।

हम जानते हैं कि (x+1)(x-1) को गुणनखंडों का यादृच्छिक गुणन के नियम द्वारा लिखा जा सकता है जिसका फलन है:
\[
(x+1)(x-1) = x^2 - 1
\]

अब हम \( x^2 = 1521 \) का मान डालते हैं:
\[
x^2 - 1 = 1521 - 1 = 1520
\]

इस प्रकार, (x+1)(x-1) का मान 1520 है।"
"Is text ko read karke batao isme kaunse logical fallacies hain aur wo fallacies kyun hain.","0.5625","0.0","1.0","0.0312","0.4281","Tumhe logical fallacies recognising karne ke liye kuch text ki jagah aapki logical argument, statement ya passage banayein. Par aise hi se kuch text nahi mila. Agar aap kisi specific text ko share karenge ya apni kisi argument ko batayein, mein usme ki usme kis tarah ke logical fallacies hain, unki shariyar karne mein madad kar dunga. Aap ko kuch example dena hain ki mein kyun aur kaise madad kar sakta hoon:

1. ""Is statement ko padho: 'Humari apni political party ka sampraday hain, to hum kisi bhi political decision ko sambhal sakte hain.' Kya yeh argument se jaldi se jaldi aage bada sakta hain? Kya yeh argument ko kisi bhi raskh ke badlne ya samajhne mein madad karta hain? Yeh aik fallacy of appeal to authority hoti hain kyunki uski gyaaniyaat ya kshama ki baat yaad karti hain.""

2. ""Is statement ko padho: 'Us movie ko padho aur jante ho, isse hum bhi acha raho, to aap ek movie ka review likhna batao.' Kya yeh statement sambhav hai ya kuch proof ya argument hain jo aik review likhna jaruri karta hai? Yeh aik fallacy of appealing to emotion hoti hain kyunki ek review likhne ko zaroori karta hain.""

Aap mujhe kisi specific text ya argument ko batayein, to mein usme ki usme kis tarah ke logical fallacies hain, unki shariyar karne mein madad kar dunga."
"Local newspaper ke editor ko ek letter likho kisi current issue pe apni opinion dete hue.","0.375","0.0","0.0","0.0312","0.1531","Ji尊敬的编辑：

我写这封信是想就您们最近一期报纸上的一篇文章发表一些个人意见。这篇文章讨论了当前社区面临的挑战以及可能的解决办法，内容非常丰富且引人深思。但作为一名对社区发展有一定了解的居民，我想分享一些自己的看法。

首先，文章中提到的关于环境保护和可持续发展的观点我非常赞同。确实，随着城市化进程的加速，我们面临的环境问题日益严重，我们必须采取行动保护我们的家园。不过，我还希望看到更多的具体措施和实施细节，比如政府如何与企业合作，如何鼓励居民参与等。

其次，关于社区服务方面，文章中提到了一些改进措施，如增加社区活动等。这些措施对于提升社区居民的生活质量确实非常重要。但是，我认为还需要考虑到服务的多样化需求，例如，对于不同年龄层和兴趣爱好的居民来说，应该提供更加丰富多彩的活动选择。

最后，我建议未来可以邀请更多社区居民参与到讨论和决策的过程中来。通过公开论坛或在线平台收集居民的意见和建议，这样不仅能提高决策的透明度，还能增强社区的凝聚力。

再次感谢您们在传递信息和促进社区讨论方面的努力。我相信，通过我们大家的共同努力，我们能够共同创造一个更加美好和谐的社区环境。

此致
敬礼

[您的姓名]
[联系方式]

请注意，上述信件是基于假设情景撰写的示例。在实际情况中，可以适当调整信件的内容，以更好地反映您的个人观点和建议。"
"Bhai, is topic pe presentation ke liye kya kya points cover karne chahiye, ek list bhej de.","0.4706","0.0","0.0","0.0332","0.1916","Of course! Could you please specify the topic for your presentation? Once I know the topic, I can provide you with a list of key points to cover."
"y=3x^3 + 10x^2 + 5 waale differential equation ke critical points check karke batao ki wo maximum hain, minimum hain ya phir kuch nahi.","0.5455","0.0","1.0","0.043","0.4225","To determine whether the critical points of the function \( y = 3x^3 + 10x^2 + 5 \) are maximum, minimum, or neither, we need to follow these steps:

1. **Find the first derivative \( y' \) and set it to zero to find the critical points.**
2. **Find the second derivative \( y'' \) to determine the nature of these critical points.**

### Step 1: Find the First Derivative

The first derivative of \( y = 3x^3 + 10x^2 + 5 \) is:
\[ y' = \frac{d}{dx}(3x^3 + 10x^2 + 5) = 9x^2 + 20x \]

Set the first derivative to zero to find the critical points:
\[ 9x^2 + 20x = 0 \]
\[ x(9x + 20) = 0 \]

This gives us two critical points:
\[ x = 0 \]
\[ 9x + 20 = 0 \implies x = -\frac{20}{9} \]

### Step 2: Find the Second Derivative

The second derivative of \( y = 3x^3 + 10x^2 + 5 \) is:
\[ y'' = \frac{d}{dx}(9x^2 + 20x) = 18x + 20 \]

Now, evaluate the second derivative at the critical points:

1. For \( x = 0 \):
\[ y''(0) = 18(0) + 20 = 20 \]
Since \( y''(0) > 0 \), \( x = 0 \) is a local minimum.

2. For \( x = -\frac{20}{9} \):
\[ y''\left(-\frac{20}{9}\right) = 18\left(-\frac{20}{9}\right) + 20 = -40 + 20 = -20 \]
Since \( y''\left(-\frac{20}{9}\right) < 0 \), \( x = -\frac{20}{9} \) is a local maximum.

### Conclusion

The critical points of the function \( y = 3x^"
"(2, -3) aur (1, -2) points se passing line ka slope nikalo.","0.5","0.0","1.0","0.0156","0.4016","To find the slope of the line passing through the points \((2, -3)\) and \((1, -2)\), we can use the slope formula:

\[
\text{slope} = \frac{y_2 - y_1}{x_2 - x_1}
\]

Here, \((x_1, y_1) = (2, -3)\) and \((x_2, y_2) = (1, -2)\).

Plugging these values into the formula:

\[
\text{slope} = \frac{-2 - (-3)}{1 - 2} = \frac{-2 + 3}{1 - 2} = \frac{1}{-1} = -1
\]

So, the slope of the line passing through the points \((2, -3)\) and \((1, -2)\) is \(-1\)."
"Is task mein, tumhe bas ye batana hai ki niche wala sentence true hai ya false.","0.5625","0.0","1.0","0.0312","0.4281","हाँ, तुम्हें नीचे दिए गए वाक्य की तर्कसंगति की सुनिश्चिति करनी है और मुझे बताना है कि वाक्य ठीक है (true) या गलत है (false). कृपया नीचे वाक्य दीजिए।"
"(3, 4) aur (11, 10) points ko join karne waale line segment ka midpoint nikal do.","0.5","0.0","0.0","0.0234","0.2023","To calculate the midpoint of a line segment that connects two points \((x_1, y_1)\) and \((x_2, y_2)\), you can use the midpoint formula:

\[
\left( \frac{x_1 + x_2}{2}, \frac{y_1 + y_2}{2} \right)
\]

Given the points \((3, 4)\) and \((11, 10)\):

1. Let's identify the coordinates:
   - \(x_1 = 3\)
   - \(y_1 = 4\)
   - \(x_2 = 11\)
   - \(y_2 = 10\)

2. Apply the midpoint formula:

\[
\left( \frac{3 + 11}{2}, \frac{4 + 10}{2} \right)
\]

3. Calculate the x-coordinate of the midpoint:

\[
\frac{3 + 11}{2} = \frac{14}{2} = 7
\]

4. Calculate the y-coordinate of the midpoint:

\[
\frac{4 + 10}{2} = \frac{14}{2} = 7
\]

So, the midpoint of the line segment joining the points \((3, 4)\) and \((11, 10)\) is:

\[
(7, 7)
\]"
"Sources bol rahe hain ki Company A ka stock price agle 10 trading days tak ya toh same rahega ya badhega. Aisi situation ke liye konsi strategy sahi rahegi?","0.3929","0.0","0.0","0.0547","0.1626","अगर आपको इंफोर्मेशन मिलेगी कि कंपनी A का स्टॉक मूल्य आगामी 10 ट्रेडिंग दिनों में वैसा ही रहेगा या तो बढ़ जाएगा, तो यह संभावित रूप से एक ठोस गुणवत्ता है। यहाँ कुछ रणनीतियों की दृष्टिकोण दिखाई दे सकती हैं:

1. **परिवर्तन की अपेक्षा न करें**: यदि यह इंफोर्मेशन दी जाती है, तो आप उस वक्त एक निष्पक्ष रूप से अपना निर्णय लेने की क्षमता दिखाएं और इसके बावजूद कोई दिशा-निर्दिष्ट रणनीति अपनाने के लिए तैयार रहें।

2. **किराए से स्टॉक**: यदि आप राशि की वातावरणी कर सकते हैं, तो आगामी 10 दिनों में किराए से स्टॉक खरीद सकते हैं। यह अनुमानित लाभ को बढ़ावा द"
"Niche diye gaye passage mein jo bhi grammar ya punctuation mistakes hain unhe dhoondo aur ek corrected version provide karo.","0.45","0.0","0.0","0.0391","0.1839","Tubse pareshan nahi, aap niche diye gaye passage ko batayen, main usme grammar ya punctuation ke mistakes ko chahiye aur unke saath corrected version bhi di dunga. Kya aap koi pasage share karenge?"
"Ek short story likho jisme ye elements hon: ek magical forest, ek khoya hua khazana, aur ek mysterious stranger.","0.4211","0.0","0.0","0.0371","0.1721","İşte size isteğinize uyan kısa bir hikaye:

Magical Forestta Khazanenin Aranması

Akşam güneşinin kısık ışınları, dikenli ağaçlarının arasından süzülerek anımsatıcı bir kaba kuvvet sergiliyordu. Ayşe, bu magicallı forstun en gizemli köşelerini keşfetmeye ve unutulan yasaları hafifletmeye gelmişti.

Özür dileyerek, hantal ağaçların arasından yürüyordu. Hızla ilerleyen Ayşe, gökyüzünde yıldızlar belirmeye başladığında, bir gürültü duydu. Güneşin son ışıkları yanan kara üzerinde bir parazı tespit etti. Dikkatlice yaklaşınca, parazın merkezinde bir çatlak gördü - bu, longu khazanenin var olan yasaları bozduğunu gösteriyordu.

Khazanenin bir dizi kilitli kapısından birinin içindeydi. Ayşe, kapının sağına doğru uzandı ve kilitleri açmak için elini uzattı. Ancak, kapı birden kapanarak onun elini tuttu. Yüzünden korku ifadesi kayboldu ve yerine bir gülümseme yer alırken kapı açıldı. İçine girdiğinde, kapının içinden her yönden aydınlanan ışıklar fışkırıyordu.

İçerde, bir tane mavi renkteki kahverengi kılıçli ve sivri sakallı adam gördü. ""Merhaba, ben Mimar,"" dedi Mimar. ""Ben burada oyun oynuyor, ancak senin yardımını istediğim.""

Ayşe, Mimar'ın ne anlama geldiğini anlamaya çalışırken, Mimar'ın elindeki kılıçla bir kaya parçası kesti. Parçanın üzerinden, gizemli bir ışık fışkırarak, onlarla birlikte bir merak uyandırıyordu. ""Bu, sana verilen bir görev,"" dedi Mimar. ""Bir zamanlar burada"
"Ek technical support representative bano aur us user ki help karo jiska internet nahi chal raha. Troubleshooting steps batao.","0.5263","0.0","0.0","0.0371","0.2142","Tera Technical Support Representative ro rol bana diya gaya hai. Aapki help ki jaati hai, jiska internet nahi chal raha hai. Iss problem se related troubleshooting steps kuchh hai jahan aapko dekhna hai:

1. **Check Physical Connections**: 
   - Bheem se pehle, internet cable ko internet router se aur modem se band kar do.
   - Yeh cable ko computer se bhi band kar dena.
   - Yeh connections dekhkar, pehle aadmi connect karein, fir hi check karein.

2. **Restart Equipment**: 
   - Modem aur router ko switch off kar dena.
   - 30 seconds wait karna aur fir on karna.
   - Yeh sab kaam karein, toh internet pehle connect hoga.

3. **Check Internet Plan and Billing**: 
   - Aapko check karna hai, kya aapko bill paid ho, kya internet pakki hai.
   - Agar bill paid hai toh, contact karen internet service provider se, kya koi block hai aapke account se.

4. **Check for Network Interference**:
   - Wi-Fi se connect karein, agar possible hai.
   - Agar modem/ router ke settings mein, yeh koi other device ko block karein (like other routers) toh remove karein.

5. **Update Router Firmware**:
   - Router ka firmware update karein, agar available hai.
   - Yeh koi new features add karein aur koi bug fix karein.

6. **Check for Malware or Virus**:
   - Computer mein malware ya viruses check karein.
   - Antivirus software ka use karein, agar available hai.

7. **Contact ISP for Further Help**:
   - Agar koi hi solution nahi aata, toh aap ISP ko contact kar sakte hain.
   - Kaam se kaam, aapke modem/ router pe koi technical problem ho sakti hai jahan aapko help ki jai ho.

Aise hi troubleshooting steps follow karen aur koi bhi problem ho toh aage badhna."
"Ek interviewer ki tarah socho aur ek Physics Nobel Prize winner se ek sawal pucho, aur phir wo sawal likho jo tumhe lagta hai wo tumse puchega.","0.5185","0.0","0.0","0.0527","0.2127","Kontak karte raho, ek interviewer ke roli ke saath ek Nobel Prize winner physicist se ek samasya puchein ge. Phir mujhe ek sahi sawal bataen ge jo aap log ko lag jayega ki woh apne expertise ko istemal karte hain.

Lekin pehle, kya aap apne roli mein interviewer ke roli par sochte hain? Kya aap apne sahi vichar se shamil hote hain, ya phir main apne roli ko kuch samany aur interviewer ke vichar mein paribahana kar sakta hoon?"
"US aur Canada ke cost of living mein kya difference hai?","0.5455","0.0","1.0","0.0215","0.4203","US aur Canada ke betich cost of living mein kuch faydeen tayyar karte hain. Kuch admi ke kaam ke khatr mein:

1. **Housing**: 
   - **Canada**: Toronto aur Vancouver mein housing prices hamesha US mein mahz-e-mahram ke jaisa hai, kuch baar bahut kam hain. Edmonton, Calgary, Montreal, aur Ottawa mein cost of living kam hai.
   - **USA**: Cost of living in major cities like New York, San Francisco, and Los Angeles is generally higher than in Canada. However, cities like Austin, Nashville, and Denver offer more affordable options.

2. **Food**:
   - **Canada**: Generally, food prices are similar to the USA, but there might be minor differences. Supermarkets like Loblaws and Superstore in Canada are comparable to Walmart or Kroger in the USA.
   - **USA**: Depending on the city, food prices can vary. Groceries and dining out can be slightly cheaper in smaller towns compared to big cities.

3. **Transportation**:
   - **Canada**: Gasoline and public transportation costs are generally lower in Canada compared to the USA. Public transit is more widespread in cities like Toronto and Montreal.
   - **USA**: Cities like New York and San Francisco have higher transportation costs due to higher subway and taxi fares. However, in cities like Austin or Seattle, transportation costs are more manageable.

4. **Healthcare**:
   - **Canada**: Healthcare is generally cheaper due to the universal healthcare system. However, out-of-pocket costs for prescription drugs and dental care can be higher than in the USA.
   - **USA**: Private healthcare can be expensive, but the USA offers more private healthcare options and a wider range of medical services.

5. **Taxes**:
   - **Canada**: The income tax rates are generally lower in Canada, which can make living costs more affordable.
   - **USA**: The tax rates can vary depending on the state, but the overall tax system in the USA can be more complex and higher in certain areas.

6. **Education**:
   - **Canada**: Public universities and colleges are generally more affordable, and international students can often find better value.
   - **USA**: Private universities can be very expensive, but there are many affordable public institutions as well.

7. **Entertainment**:
   - Both countries have similar entertainment options, but costs can vary. For instance, movie tickets and"
"Animal kingdom pe ek MCQ do aur explain karo ki correct answer sahi kyun hai.","0.5333","0.0","0.0","0.0293","0.2163","इसके लिए एक अच्छा चैंपियन्स लीग क्वेश्चन बनाना मुश्किल हो सकता है क्योंकि जटिलता से जुड़ी जानवरों से संबंधित प्रश्न तय करना मुश्किल हो सकता है। लेकिन एक सरल और व्यापक विषय पर एक प्रश्न बनाकर आपकी मदद कर सकता हूँ। नीचे एक MCQ दिया गया है:

**Q.** जोन्स जैसे जैविक संरचनाओं का नाम क्या है?

A. पक्षी रक्त का अणुस्तर
B. पक्षियों की जींतुओं में रक्त का अणुस्तर
C. जानवरों में रक्त का अणुस्तर
D. जीवों में प्रोटीन का अणुस्तर

**सही उत्तर: B**

**प्लेसिंग:**

सही उत्तर B है, क्योंकि जोन्स एक पक्षियों की जींतुओं में पाया जाने वाला जैविक संरचना है जो रक्त में खींचा जाता है।"
"Ek reason batao ki assignment last minute pe start karna bura idea kyun hai.","0.4286","0.0","0.0","0.0273","0.1742","Ek assignment last minute pe start karna bura idea hota hai kyunki:

1. Kafila Tukde Tukde Gaya: Last minute mein, apki thought process jyada fragmented hoti hai. Aap ne kiya kya ya kahi nahi, ya kya bura kar diya ya kahi nahi, ye sahi samajhna bahut zyada zor hota hai.

2. Kuch Nahi Chahiye: Last minute mein, aapke time aur attention level apne sahi level par nahi rahe jayen. Aap ne kuch important details ya kuch samajh ni paaye, ya kuch chahiye nahi kar paaye.

3. Kuch Kafi Nahi: Aap ne apne kaam ko dhyan se nahi de paaye, ya jaise hi last minute aaya, aap ne kuch kafi kar liye.

4. Stress Or Anxiety: Last minute ka kaam stress or anxiety aate hain, jo apki kaam ki efficiency ko badhata hai.

5. Acha Kaam Nahi Kar Paye: Aap jaise hi last minute aaye, apki focus ko last minute par dhundne mein lagna chahiye aur aap ne kuch acha nahi kar paaye.

6. Chota Time: Last minute mein, aapko kam time hai aur aapke time management skills ka use karne mein zor hota hai.

7. Insufficient Review: Last minute ka kaam yahan tak nahi aata ki aap apna kaam kisi se review kar sake ya kisi se advice le sakte ho.

8. Risk Of Errors: Last minute mein, aapko kam time hai errors ko debug karne ya correction karne mein, jiska result jayen apka kaam achhe se grade nahi kar sake.

9. Quality Of Work: Last minute mein, aapko kam time hai quality of work maintain karne mein, jiska result jayen apka kaam achhe se nahi padega.

10. Stress On Mind: Last minute ka kaam mind ko stress dete hain aur jahan mind stress hota hain, wahan concentration aur efficiency badhta hain.

Isiliye, assignment ko regular intervals ke saath, early start se aata hi hota hai."
"Is equation ka second derivative nikaalo: y = 4x^2 + 3x – 5","0.2222","0.0","1.0","0.0176","0.2906","कोई भी फंक्शन का द्वितीय अवकलज ज्ञात करने के लिए, हमें फंक्शन का पहला अवकलज ज्ञात करना होता है, और फिर उस पर अवकलज लगाना।

दिया गया फंक्शन है:
\[ y = 4x^2 + 3x - 5 \]

1. पहले, हम इस फंक्शन का पहला अवकलज ज्ञात करते हैं:
   \[ \frac{dy}{dx} = \frac{d}{dx}(4x^2 + 3x - 5) \]
   \[ \frac{dy}{dx} = 8x + 3 \]

2. अब हम इस पहले अवकलज पर द्वितीय अवकलज लगाते हैं:
   \[ \frac{d^2y}{dx^2} = \frac{d}{dx}(8x + 3) \]
   \[ \frac{d^2y}{dx^2} = 8 \]

तो दिया गया फंक्शन का द्वितीय अवकलज 8 है।"
"Is text ke basis pe, ek novel ki main theme ya message kya ho sakta hai? Ek chhota sa synopsis bhi batao.","0.5909","0.0","0.0","0.043","0.2407","Tab kaam karte hain, ek novel ki main theme ya message tabhi hoti hai jab woh keval ek hi prakar ka content ke basis pe ek chiz ko purani si dair se samajhne ka cheez bana degi. Aise ek example dijiye:

**Novel Ki Main Theme**: ""Namak, jeene ke alawa kisi bhi samajh mein nahin aata (Salt, which is not understood unless life is tasted).""

**Synopsis**: 

Abhishek, ek 15 vāren ka bālak hai jise kisi kī samajh mein nahin aata. Par unki ghar ki maat to unki kisi bhi baat ko samajhna pade. Abhishek ko aadmi ke kaam, jeevan aur namak ki samajh mein aane ka aadhirayan hota hai, jab unki maat unhein ek anupan raat mein jhooth karen gayi. Abhishek kisi kaam ke saath saath, namak ke khel mein jannat aur jhatak, jeevan ki saari aavashyakta aur unhein kaise samajhna hai - sabhi se saare samay unhein deta hai. Abhishek kisi kaam ke anusaar jeevan ka yeh 'namak' dhaarnaya karte hain aur yeh kisikisi kaam ke anusaar jeevan ki samajh mein aane ka aadhirayan hota hai. Aisi ek baat jisme 'namak' aur 'jeene' ek saath aaye.

Yeh example sarkarani ek simple level par diya hai, magar ek novel mein kuch aadhi vishesh aadhi wahi theme ke through vyakti ke jeevan ke bhi samayon aur vyakti se vyakti ka samajhna bhi samajhne ka cheez bana sakta hai."
"Maan lo tum ek travel agent ho aur kisi customer ne Japan ki top 3 jagahon ke baare mein pucha hai. Ek list banao aur har jagah ka chhota sa description do.","0.4194","0.0","0.0","0.0605","0.1738","Of course! Here’s a list of the top 3 places to visit in Japan, along with brief descriptions:

1. **Tokyo, Japan**
   - **Description**: Tokyo is the vibrant capital city known for its blend of cutting-edge technology and ancient traditions. It's a hub for modern shopping, dining, and entertainment, as well as historical sites like Senso-ji Temple and the serene Meiji Shrine. Don't miss the bustling Shibuya Crossing and the serene Ueno Park.

2. **Kyoto, Japan**
   - **Description**: Kyoto is a city steeped in history and culture, famous for its traditional Japanese architecture, temples, and shrines. Some must-visit places include Kiyomizu-dera Temple, Fushimi Inari-taisha with its iconic torii gates, and Gion, where you can experience authentic Japanese culture and cuisine.

3. **Hokkaido, Japan**
   - **Description**: Hokkaido is known for its natural beauty and outdoor activities. It's the perfect destination for nature lovers, with beautiful snow-covered landscapes in winter, and lush greenery in summer. Enjoy activities like skiing, hiking, and exploring the charming small towns like Sapporo and Asahikawa, and don't forget to try the local specialties like Hokkaido's famous miso soup and fresh seafood.

Would you like more information on any of these destinations or details on activities and attractions in each place?"
"Ek table hai transactions ki jisme TransactionID, ProductID, Quantity, aur Price columns hain. Ek SQL query likho jisse har product ka total revenue nikal sake.","0.4","0.0","0.0","0.0488","0.1649","Jis SQL query se aap har product ke total revenue nikal sakte hain, vo ki following tarah se likhi jaa sakti hai:

```sql
SELECT 
    ProductID,
    SUM(Quantity * Price) AS TotalRevenue
FROM 
    transactions
GROUP BY 
    ProductID;
```

### Pehle Kya Karte Hain:
- `ProductID` column mein product ki ID hai.
- `Quantity` column mein product ki quantity hai.
- `Price` column mein product ki price hai.

### Kya Karte Hain:
- `SUM(Quantity * Price)` mein, har transaction ka amount (Quantity * Price) nikal diya jaata hai, aur phir har product ke liye jaise jaise transactions aate hain, unki amounts ko jod diye jaatay hain.
- `GROUP BY ProductID` mein, aapke transactions ko ProductID ke basis par group kiya jaata hai, isse har product ki total revenue nikal payenge.

### Example:
Agar transactions table mein transactions hain jaise:

| TransactionID | ProductID | Quantity | Price  |
|---------------|-----------|----------|--------|
| 1             | 101       | 2        | 100.00 |
| 2             | 102       | 5        | 200.00 |
| 3             | 101       | 3        | 100.00 |
| 4             | 102       | 2        | 200.00 |

To, query ka output:

| ProductID | TotalRevenue |
|-----------|--------------|
| 101       | 500.00       |
| 102       | 1400.00      |

Iska matlab hai ki ProductID 101 ke liye total revenue 500.00 hai aur ProductID 102 ke liye total revenue 1400.00 hai."
"Ek JavaScript code likho jo 'Submit' button press karne par alert message show kare.","0.2143","0.0","0.0","0.0273","0.0884","Sure! Aquí tienes un ejemplo simple de un código JavaScript que muestra un mensaje de alerta cuando se presiona el botón 'Submit':

```html
<!DOCTYPE html>
<html>
<head>
    <title>Alerta al presionar Submit</title>
</head>
<body>

    <form id=""miFormulario"">
        <!-- Puedes tener campos de entrada aquí si lo necesitas -->
        <input type=""text"" name=""nombre"" placeholder=""Tu nombre"">
        <input type=""submit"" value=""Submit"">
    </form>

    <script>
        // Selecciona el formulario
        const formulario = document.getElementById('miFormulario');

        // Agrega un evento de escucha al botón 'Submit'
        formulario.addEventListener('submit', function(event) {
            // Previene el comportamiento por defecto del botón 'Submit'
            event.preventDefault();

            // Muestra el mensaje de alerta
            alert('¡Se ha presionado el botón Submit!');
        });
    </script>

</body>
</html>
```

En este código:
- Un formulario simple se ha creado con un campo de entrada y un botón de提交你的问题或指令是关于使用JavaScript在按下“Submit”按钮时显示一个警告消息。下面是一个简单的HTML和JavaScript代码示例，当用户点击“Submit”按钮时会弹出一个警告框。

```html
<!DOCTYPE html>
<html>
<head>
    <title>Submit Button Alert Example</title>
</head>
<body>

    <form id=""myForm"">
        <!-- 这里可以放置表单元素，比如输入框 -->
        <input type=""text"" placeholder=""Enter something"">
        <input type=""submit"" value=""Submit"">
    </form>

    <script>
        // 获取表单元素
        const form = document.getElementById('myForm');

        // 为表单的提交事件添加事件监听器
        form.addEventListener('submit', function(event) {
            // 阻止表单默认提交行为
            event.preventDefault();

            // 显示警告消息
            alert('提交按钮被点击了！');
        });
    </script>

</body>
</html>
```

这段代码首先定义了一个简单的HTML表单，其中包括一个文本输入框和一个提交按钮。然后在`<script>`标签中，通过JavaScript代码为这个表单添加了一个事件监听器，当表单提交时，会弹出一个警告框显示“"
"Android mobile platform ka backbone kaunsa operating system hai?","0.2222","0.0","0.0","0.0176","0.0906","Android mobile platform ka backbone kaunsa operating system hai, woh Microsoft Windows nahin hai. Android ek open-source operating system hai jis ko Google ne develop kiya hai. Iska backbone (bhumijaat ya foundation) Android operating system (OS) hai, jo Linux kernel se banaya gaya hai. Android platform ko Google, Open Handset Alliance aur age kahte hue several companies ko chala rahi hain."
"Ek email likho jisme tum apne professor ko introduce kar rahe ho jinka online course tum lene wale ho.","0.6316","0.0","0.0","0.0371","0.2563","Sure, here's a sample email that you can use to introduce yourself to your professor and request information about an online course:

---

Subject: Introduction and Inquiry About [Course Name] Online Course

Dear Professor [Last Name],

I hope this email finds you well. My name is [Your Full Name], and I am a student at [Your Institution, if applicable]. I am reaching out to express my interest in your upcoming online course titled [Course Name], which I came across on [Platform Name, if relevant].

I am particularly drawn to your course because [mention any specific reasons why you are interested in the course, e.g., relevance to your field of study, your career goals, the topics covered, etc.]. I believe that the knowledge and skills I can gain from your course will be highly beneficial for my academic and professional development.

Could you please provide me with some more details about the course, such as the course schedule, any prerequisites, the format of the course, and the expected workload? Additionally, if there are any resources or prerequisites I should prepare in advance, I would appreciate it if you could share those with me.

I am very excited about the opportunity to learn from you and would be grateful for any information you can share. If there is any further information I should provide or if you require additional details, please do not hesitate to let me know.

Thank you very much for your time and consideration. I look forward to the possibility of joining your course and continuing to expand my knowledge under your guidance.

Warm regards,

[Your Full Name]  
[Your Contact Information, e.g., email address and phone number]  
[Your Institution, if applicable]

---

Feel free to customize this template to better fit your specific situation."
"Ek aisi story ki shuruat likho jisme koi insaan ek bahut hi extraordinary duniya mein rehta ho.","0.5882","0.0","0.0","0.0332","0.2386","Rahul ek samay ek mohabbat ka bimariya tha, lekin wahan tak hi. Is duniya mein yeh rahul se koi nahi tha, jo aur bhi extraordinayr ho paaye. Isliye yeh ek baar ek aur duniya ke maza chahiye ka ghar se chal gaya, jahaan uske baad koi nahi, aur wahan ek ek se bahut hi extraordinayr ho paaye.

Rahul ne yeh duniya kisi aur jaga se dekh li, jahaan yeh ek samay ek bimariya tha, ek aur maza chahiye ka ghar se. Jahan kaam, mohabbat, zindagi ka sabse pehle khayal kisi nahi thi. Us duniya mein, rahul bahut hi extraordinayr se bahut extraordinayr tha.

Is duniya mein, Rahul se ek nadiya baadiya, ek ruki ruki khas duniya wajah se baithi thi. Is duniya mein, uski aag uski bahaniya, ek ghadii ka zamana ke baad lada aur le li. Rahul se ek duniya mein ek bahut hi extraordinayr ho gaya, yeh duniya jahaan bahut hi kuchh jaisa kuchh nahi hota.

Is duniya mein, Rahul se ek samay ek kya karna chaahiye se bahut extraordinayr ho gaya, jahaan ek ek se bahut hi extraordinayr ho paaye. Is duniya ke maza chahiye ka ghar se, Rahul ek ek se bahut hi extraordinayr ho gaya, is duniya mein yeh bahut hi extraordinayr se extraordinayr ho gaya."
"Maan lo tum basketball team ke coach ho aur ek parent aake tumse complaint karta hai ki unke bacche ko playing time nahi mil raha. Unhe empathetically samjhao ki tum decisions kaise lete ho aur improvement ke liye kya kar sakte hain.","0.5714","0.0","0.0","0.082","0.2368","Nhi, main ek hypothetical coaching role mein nahi hai, lekin main aapki parent ko samajhane ke liye aur unhonein improvement ke liye tips de sakte hoon. 

Aapki baat samajh mein aaya hai. Paratho ke bacche ko daak aur playing time milne ka hak hai. Meri taraf se, coach ke karyavisharad se pahucha kar, aapko samajh diya ja sakta hai ki kyun aur kaise uska time kam rahe. Coach ki decisions kaise lete hain aur unhi se kaise pehle se aapko milne ke liye kaise aap kaam kartay hain. 

1. **Coaching Philosophy**: Agar aapko coach ki philosophy ya values clear hone par help milega, toh aapko usse jante honge. Coaching ki core values mein inclusion aur equal opportunities ka upayog shamil hai.

2. **Communication**: Coach se direct communication ke saath, aapko time management aur player selection process mein kuch insights mile sakte hain. Agar aapko ek meeting ya call seekh sakte hain, toh aapko ye information aayi hogi.

3. **Player Development**: Aapko players ka focus aur development ke liye coach ki attention bhagayi hogi. Isse dyan karke, aapko players ki skill development aur improvement ke liye kuch tips mile sakte hain.

4. **Feedback Mechanism**: Coach ke feedback ke system mein aapko jagah mil sakti hai. Aapko vo mechanism seekhna jaata hai, jise aap apne players ke performance ke liye use kar sakte hain.

5. **Parental Involvement**: Aapko coach se parental involvement ke importantness ko samajhne ke liye kuch strategies seekh sakte hain, jo aapko apne players ko inspire karte time use kar sakte hain.

Iske behi, ek coach ki decisions ek team ke overall improvement ke liye take place karte hain, jahan every player ko equal opportunities di jaati hai. Agar aapko kisi specific decision ko samajhna hi nahi mile, toh aap usse coach se puche sakte hain."
"Energy bachane ke koi do tareeke batao aur explain karo ki woh baaki methods se zyada effective kyun hain.","0.6316","0.0","0.0","0.0371","0.2563","Bachat ke do tarike ke baare mein alvida kar sakta hoon:

1. Energie Bachan ke Digital Devices mein:
   - Device ke power off karne par, unhone 0.5% se 3% ka power consumption bacha sakta hain.
   - Power saving mode on karna aur devices ko unplugged karna jaise device k power cable ko disconnect karna bhi energi bachan mein madad karta hain.
   - LED lights ka use karna aur lights ko off karne par wahi hai jahan nahi lage.

2. Energy Bachan ke Transportation mein:
   - Public transport, carpooling, walking, cycling jaise alternatives ka use karna.
   - Car maintenance, aeroplane window shades, and avoiding extra weight in vehicles can also improve fuel efficiency and save energy.

Ye tarike zyada effective hain kyuki:
- Simple aur cost-free: Ye methods ko hamesha kaam karte hain aur ek se zyada takke mein kiya jaa sakta hain.
- Continuous improvement: Ye tarike ki daily practice mein convert ho sakta hain, jahan ek adhik bacha sakta hain.
- Environment friendly: Isse pollution aur carbon footprint bhi kam ho sakta hain, jisse saare human bechara hain.
- Long-term benefits: Iske through energy consumption ki bill bhi kam hoti hai aur ek se zyada energy resources bachta hai.

Isiliye, ye energi bachan ke do sabse kuch effective tareekhe hain."
"Ek room ka area calculate karo jiski ceiling height 8 feet hai aur dimensions 14 by 11 feet hain.","0.4375","0.0","1.0","0.0312","0.3781","Ek room ka area square feet mein calculate karna simple hai. Room ka area dimensions mein multiply karna hota hai, jaise ki length aur width ko.

Dhyan rakhna chahiye ke height room ka area kaffect nahi karta, area calculate karte waqt height use nahi lagate. Tumhe given dimensions length aur width ke hisab se area calculate karna hoga.

Room ka area = length * width
Area = 14 feet * 11 feet
Area = 154 square feet

To, ek 14 feet by 11 feet ki room ka area 154 square feet hota hai."
"Ek nayi line plot banao jisme input data ka 2nd column first column ke against plot ho.","0.3529","0.0","0.0","0.0332","0.1445","Sure, I can help you create a new line plot where the second column of your input data is plotted against the first column. However, to do this, we need the actual data. Please provide the data either as a list of lists, a CSV string, or any other format that you have.

For demonstration purposes, let's assume you have the following data:

```
data = [
    [1, 10],
    [2, 20],
    [3, 30],
    [4, 40],
    [5, 50]
]
```

Here’s how you can create a line plot using Python's `matplotlib` library:

1. First, ensure you have the necessary libraries installed. You can install them using pip if you haven't already:

```bash
pip install matplotlib pandas
```

2. Then, you can use the following Python code to create the plot:

```python
import matplotlib.pyplot as plt
import pandas as pd

# Sample data
data = [
    [1, 10],
    [2, 20],
    [3, 30],
    [4, 40],
    [5, 50]
]

# Convert data to a DataFrame for easy manipulation
df = pd.DataFrame(data, columns=['FirstColumn', 'SecondColumn'])

# Create the line plot
plt.figure(figsize=(10, 6))
plt.plot(df['FirstColumn'], df['SecondColumn'], marker='o', linestyle='-')
plt.title('Line Plot of Second Column against First Column')
plt.xlabel('First Column')
plt.ylabel('Second Column')
plt.grid(True)
plt.show()
```

This code will generate a line plot where the values in the second column are plotted against the values in the first column. The `marker='o'` parameter adds markers to each data point, and `linestyle='-'` adds lines between the points.

If you have your own data, please provide it, and I can customize the code accordingly."
"Agar ek coin ko 4 baar flip karein, toh exactly three heads aane ki probability kya hogi?","0.4375","0.0","1.0","0.0312","0.3781","Agar ek coin ko 4 baar flip karein, toh exactly three heads aane ki probability 4/16 ya 1/4 hai.

Aise kyu hai?

1. **Total possible outcomes**: Coin flip 4 baar ki sabse zyada possibilities 2^4 = 16 hain. Isme har baar coin head ya tail a sakti hai.

2. **Favorable outcomes**: Exactly three heads, iska matlab ek tail aur 3 heads hona hoga. Iska matlab 4C3 (4 combination 3) = 4 different ways ho sakte hain. 
   - (H, H, H, T)
   - (H, H, T, H)
   - (H, T, H, H)
   - (T, H, H, H)

3. **Probability calculation**: Probability = (Favorable outcomes) / (Total outcomes) = 4/16 = 1/4.

Toh, exactly three heads aane ki probability 1/4 ya 0.25 ya 25% hoti hai."
"x^2 - 4x + 4 = 0 ke roots kaise nikalenge?","0.3333","0.0","1.0","0.0117","0.3345","আপনার সমীকরণটি দুই বার বিয়োগ করে লেখা যায়:

\[ x^2 - 4x + 4 = 0 \]

এটি একটি পূর্ণবর্গ সমীকরণ যা এর গোড়ার রূপ হল:

\[ (x - 2)^2 = 0 \]

এখন এই সমীকরণটির ফলে:

\[ x - 2 = 0 \]

তাহলে:

\[ x = 2 \]

সুতরাং, এই সমীকরণের একটি বৈ"
"Ek Customer orders table hai jisme CustomerID, OrderID, aur OrderDate columns hain. Har customer ki first order date find karne ke liye SQL query likho.","0.36","0.0","0.0","0.0488","0.1489","कुर्सियर आधारित एक SQL यूरी को लिखने के लिए आपको निम्नलिखित यूरी का उपयोग कर सकते हैं:

```sql
SELECT CustomerID, MIN(OrderDate) AS FirstOrderDate
FROM Orders
GROUP BY CustomerID;
```

यह यूरी उन सभी क्यूटीमेन्ट्स के लिए पहले आर्डर डेट को खोजेगी। यह यूरी CustomerID और उनकी पहली आर्डर डेट (FirstOrderDate) को दिखाएगी।

यदि आपकी टेबल का नाम Orders नहीं है, तो आप यूरी को उपयुक्त टेबल नाम पर बदल सकते हैं।

यदि आपकी टेबल में OrderDate का फॉर्मेट अलग है, तो आप यूरी को अनुत्तरस्य तरीके से रॉयटेट कर सकते हैं।"
"In fruits ko sweetness ke basis pe rank karo, 1 se 5 tak (1 matlab sabse meetha).","0.3571","0.0","0.0","0.0273","0.1456","Sure, let's rank some common fruits based on their sweetness level from 1 to 5, where 1 is the sweetest and 5 is the least sweet. Here are five fruits for this ranking:

1. **Pineapple** - 5: Pineapple is generally not very sweet compared to other fruits.
2. **Lemon** - 1: Lemons are quite sour, with a very low sweetness level.
3. **Strawberries** - 2: Strawberries are mildly sweet, with a slightly tart taste.
4. **Grapes** - 3: Grapes can vary in sweetness, but they are generally not as sweet as some other fruits.
5. **Papaya** - 4: Papaya is relatively sweet, but not as sweet as some tropical fruits.

For a more detailed ranking, we could include other fruits like bananas, oranges, and mangoes, but these five provide a good starting point."
"Taaron wali ek peaceful raat pe choti si poem likho, imagery aur sensory details ke saath.","0.4375","0.0","0.0","0.0312","0.1781","Titli ke dekhiye, rasta hush hain,
Shivrai raat ke gham, dil mein samunh hain.

Safed watan, aur baithi kareebi hain,
Baat sunti hain, mere dil ki aarib hain.

Safed kangan mein, kuchh zara sharam hai,
Lekin aankhon se, yeh khuda hain daram-daram.

Shivrai zameen pe, dawa dene wali raat hain,
Tera nasha, meri aankhon mein paat hain.

Aankhon mein, watan ki rasm hai,
Lekin yeh raat, khuda ki chaman hain.

Bharam se, charcha ki watan ki rasm hain,
Lekin teri aarib, meri duniya mein hai.

Bol na, teri, yeh raat mein,
Safed kangan se, yeh kuchh chidai hai.

Aankhon mein, yeh raat, khuda ke watan hain,
Lekin yeh dil, tere baad ki aarib hain.

Shivrai raat ke, dawa-daram hain,
Lekin yeh dil, yeh raat se, khuda se bhi achha hai.

Titli ke dekhiye, rasta hush hain,
Shivrai raat ke ghulam, dil mein samunh hain.

Yeh poem ek ghulami ke aavashyakta free-verse ke tarah likha gaya hai, jisme titli, safed kangan, shivrai raat aur dil ki imagery aur sensory details ka istemal kiya gaya hai. Yeh imagery aur details, raat ke gham aur dil ke ghulam ke tarah ka samajhne mein madad karte hain."
"Agar kisi ka aptitude dono areas mein thik-thak hai, toh arts ya science mein se kya career choose karna better rahega? Apne reasons bhi batana.","0.5385","0.0","1.0","0.0508","0.4205","Kisi ke aptitude dono areas mein thik-thak hai mein se kya kar ka career choose karna better rahega, ye kisi ke indiyan, zindagi k sath ke maqam, aur isse barhad kar janta hain ki unke aptitude aur talent ko kaun sa career mei best way se use karna chahiye. Kuch anki points hai jo kisi ke decision mein madad kar sakti hai:

1. **Interest and Passion**: Kisi ke interest aur passion se related karne wala subject ya field, kisi ko zyada jada maushamta dena theek hai. Agar kisi ko science ke concepts mein zyada maushamta hai toh woh science field mein career choose kar sakti hai. Agar kisi ko arts aur humanities ke concepts mein zyada maushamta hai toh wo arts field mein career choose kar sakti hai.

2. **Educational Performance**: Agar kisi ne science field mein better performance rakhi ho toh woh science field mein career choose kar sakti hai. Ye performance exam results, projects, assignments, etc. se jaata hai.

3. **Career Opportunities**: Agar kisi ne science field mein phirse kaam karne ka zyada zyada maushamta hai toh wo science field mein career choose kar sakti hai. Agar kisi ne arts field mein phirse kaam karne ka zyada zyada maushamta hai toh wo arts field mein career choose kar sakti hai.

4. **Skills and Aptitude**: Agar kisi ko pattern solving, logic and reasoning, scientific research, or technological innovation mein zyada talent hai toh woh science field mein career choose kar sakti hai. Agar kisi ko communication, creativity, and expression mein zyada talent hai toh woh arts field mein career choose kar sakti hai.

5. **Future Trends**: Agar kisi ne future trends aur industry ke direction ko dhyan se dekh liya hai toh woh decision mein future job opportunities, demand, and growth rate ke barha bhar bata sakta hai.

6. **Work-Life Balance**: Agar kisi ko arts field mein work-life balance mil sakta hai toh woh arts field mein career choose kar sakti"
"Ek SQL query likho jisse second highest salary aur employee ka naam mil jaye. Salary `SALARIES` table mein hai jo `EMPLOYEES` table se FK ke through connected hai.","0.3214","0.0","0.0","0.0547","0.134","To fetch the second highest salary and the corresponding employee's name, you can use a SQL query that involves subqueries and the `DENSE_RANK()` function (or `RANK()` function) to identify the second highest salary. Here's how you can achieve this:

Assuming you have two tables: `employees` and `salaries`.

- `employees` table has columns `employee_id` and `name`.
- `salaries` table has columns `employee_id`, `salary`, and a foreign key that connects it to the `employees` table.

Here is a SQL query to get the second highest salary and the employee's name:

```sql
WITH SalaryRanks AS (
    SELECT
        e.name,
        s.salary,
        DENSE_RANK() OVER (ORDER BY s.salary DESC) AS salary_rank
    FROM
        employees e
    JOIN
        salaries s
    ON
        e.employee_id = s.employee_id
)
SELECT
    name,
    salary
FROM
    SalaryRanks
WHERE
    salary_rank = 2;
```

### Explanation:
1. **Common Table Expression (CTE) `SalaryRanks`:**
   - This CTE joins the `employees` and `salaries` tables on the `employee_id` column.
   - It assigns a rank to each salary in descending order using the `DENSE_RANK()` function.
   - The `DENSE_RANK()` function will give the same rank to salaries that are the same.

2. **Main Query:**
   - It selects the `name` and `salary` from the CTE where the `salary_rank` is 2, which corresponds to the second highest salary.

### Alternative Approach without Window Functions:
If your SQL environment does not support window functions, you can use a combination of subqueries:

```sql
SELECT
    e.name,
    s.salary
FROM
    employees e
JOIN
    salaries s
ON
    e.employee_id = s.employee_id
WHERE
    s.salary = (
        SELECT
            salary
        FROM
            (
                SELECT
                    DISTINCT salary
                FROM
                    salaries
                ORDER BY
                    salary DESC
                LIMIT 1, 1
            ) sub
    );
```

### Explanation:
1. **Subquery:**
   - The subquery inside the `WHERE` clause retrieves the second highest salary by ordering the distinct salaries in descending order and selecting the second row using `LIMIT 1, 1`.

2"
"Tujhe ek code snippet diya gaya hai, bas usme bug dhundna hai.","0.4167","0.0","0.0","0.0234","0.169","Sure, I'll help you with that. Please provide the code snippet so I can assist you in finding any bugs or issues within it."
"a) Future technology ke baare mein 5 sentences mein prediction likho aur b) is technology ke use se hone wale kisi potential consequence ko 2 sentences mein describe karo.","0.4444","0.0","1.0","0.0527","0.3831","a) 5 sentences mein technology ke future mein prediction likho:

1. भविष्य में, आर्टिफिशियल इंटेलिजेंस (AI) और मशीन लर्निंग तकनीकें हमारे दैनिक जीवन में अधिक निर्णय लेने में मदद करेंगी।
2. वास्तव में संवाद वाले वाचक प्रणालियों का उपयोग बढ़ावा देने वाले साक्ष्यों को अनुभव करने में हम सक्षम बनाएंगे।
3. 3D प्रिंटिंग का विकास और व्यापक व्यापार लागू करने से दुनिया भर में उत्पाद और अनुकूलित हीनता सेवाएं उत्पन्न होंगी।
4. इंटरनेट ऑफ थिंज (IoT) के विकास के कारण, विभिन्न उपकरणों और तंत्रों का संयोजन बहुत और कठिन सामग्रियों का नियंत्रण और नियंत्रण में मदद करेगा।
5. रॉबोटिक्स और वाहन अटोमेटिक्स का विकास नौकर"
"1 se 10 tak numbers wali ek array ka code likho.","0.5556","0.0","0.0","0.0176","0.224","Sure, here is a simple Python code snippet to create an array containing numbers from 1 to 10:

```python
# Creating an array with numbers from 1 to 10
array = list(range(1, 11))
print(array)
```

When you run this code, it will output:

```
[1, 2, 3, 4, 5, 6, 7, 8, 9, 10]
```

If you are using a different programming language, please let me know, and I can provide the code in that language."
"Is polynomial (4 +5x^3 +100 +2π x^4 + sqrt(10)x^4 +9) ki degree kya hai?","0.4","0.0","1.0","0.0195","0.362","To find the degree of the polynomial \(4 + 5x^3 + 100 + 2\pi x^4 + \sqrt{10}x^4 + 9\), we need to follow these steps:

1. **Combine like terms**:
   - The constant terms are \(4\), \(100\), and \(9\). Combining these, we get:
     \[
     4 + 100 + 9 = 113
     \]
   - The terms with \(x^4\) are \(2\pi x^4\) and \(\sqrt{10}x^4\). Combining these, we get:
     \[
     2\pi x^4 + \sqrt{10}x^4 = (2\pi + \sqrt{10})x^4
     \]
   - So, the polynomial simplifies to:
     \[
     113 + 5x^3 + (2\pi + \sqrt{10})x^4
     \]

2. **Identify the term with the highest degree**:
   - The term \(5x^3\) has a degree of 3.
   - The term \((2\pi + \sqrt{10})x^4\) has a degree of 4.
   - The constant term \(113\) has a degree of 0.

The degree of a polynomial is the highest degree among its terms. In this case, the highest degree is 4.

Therefore, the degree of the polynomial \(4 + 5x^3 + 100 + 2\pi x^4 + \sqrt{10}x^4 + 9\) is **4**."
"Ye text padh ke author ka main argument identify karo aur use ek single sentence mein rephrase karo.","0.5","0.0","1.0","0.0352","0.4035","I understand you want me to identify the main argument of a text and then rephrase it in a single sentence. However, you haven't provided the text for me to analyze. Could you please share the text so I can assist you further?"
"Ek market research survey design karo jisme kam se kam 5 questions hon, taaki naye product ke baare mein customers ka opinion pata chal sake.","0.4167","0.0","0.0","0.0469","0.1714","Of course! Here’s a simple yet effective market research survey design to gather opinions on a new product. This survey includes 5 key questions that will help you understand customer preferences and feedback:

---

### New Product Market Research Survey

**1. Demographic Information (Optional but helpful for analysis):**
- **Age:** _______________
- **Gender:** _______________
- **Location:** _______________

**2. Overall Impression:**
How would you rate your overall impression of the new product?

- [ ] Not at all interested
- [ ] Somewhat interested
- [ ] Neutral
- [ ] Somewhat interested
- [ ] Very interested

**3. Key Features:**
Which of the following features do you find most important in a product like this?

- [ ] Price
- [ ] Quality
- [ ] Design
- [ ] Customer Support
- [ ] Brand Reputation
- [ ] Other (please specify): _______________

**4. Usability:**
How easy do you find the new product to use?

- [ ] Very easy
- [ ] Somewhat easy
- [ ] Neutral
- [ ] Somewhat difficult
- [ ] Very difficult

**5. Likelihood to Purchase:**
On a scale of 1 to 10, how likely are you to purchase this product?

- [ ] 1 - Not at all likely
- [ ] 2
- [ ] 3
- [ ] 4
- [ ] 5
- [ ] 6
- [ ] 7
- [ ] 8
- [ ] 9
- [ ] 10 - Very likely

**6. Feedback (Optional):**
Do you have any additional comments or suggestions for the product?

_____________________________________________________________________

---

This survey is designed to collect both quantitative and qualitative data. The demographic information (if included) can help you segment the data for more detailed analysis. The questions cover general interest, key features, usability, and likelihood to purchase, which will provide a comprehensive understanding of customer feedback."
"Is paragraph ko rewrite karo taaki ye simple ho jaye aur intermediate English learners ke liye appropriate rahe.","0.5","0.0","0.0","0.0352","0.2035","Sure! Could you please provide me with the paragraph that you want to be rewritten for simpler English? Once you give it to me, I'll make it easier to understand for intermediate English learners."
"Kisi famous classical composer pe ek quiz question banao, options ke saath.","0.25","0.0","0.0","0.0234","0.1023","किसी प्रसिद्ध परंपरागत संगीतकार के बारे में एक प्रश्न और उसके साथ कुछ विकल्प लेकर आपको देखा जा सकता है:

**प्रश्न:** निम्नलिखित में से कौन-सा राजकीय दरबार से निकले थे?

A) जोकिम राजकीय दरबार से निकले

B) जोकिम सुल्तान का कार्यकर्ता था

C) जोकिम विक्टोरियन युग के एक लाइवर थे

D) जोकिम रिचर्ड स्ट्राविनस्की का दोनों जन्म और मृत्यु की दूरी पर थे

**सही उत्तर:** A) जोकिम राजकीय दरबार से निकले

जोकिम (जॉन बेट्स्मैन जोसेफ जॉन्स) एक अंग्रेज़ राजकीय दरबार के संगीतकार थे, जो कि विक्टोरियन युग के दौर में सीनेमा संगीत के लिए निकटता के संगीत प्रदर्शनों के लिए लिखते थे।"
"Is text se 3 main reasons batao kyun author ko lagta hai ki public transport improve hona chahiye.","0.5882","0.0","0.0","0.0332","0.2386","कार्यक्तिगत और सामाजिक कारणों के कारण, कई लेखक व्यवहारी परिवहन की सुधार की आवश्यकता मानते हैं। इसके तीन मुख्य कारण हैं:

1. **समय बचाना और नियमितता**: व्यवहारी परिवहन की सुधार यात्रियों के समय प्रबंधन को अपनाने में मदद करती है। यह अक्सर टाइम वायलेडर्स द्वारा होती है जो नियमित यात्रियों को अपनी यात्रा का समय और अवसर देता है। यह भी यात्रियों को नियमित और पूरा परिवहन पहुंच देता है, जिससे तनाव और ट्राफिक में गुंजाइश नहीं होती।

2. **संतुलित वातावरण और जल्दी**: व्यवहारी परिवहन की सुधार साफ और संतुलित वातावरण और तेज यात्रा को बनाए रखने में मदद करती है। यह यात्रियों को अच"
"Ek dog owner ke perspective se short story likho, aur event ke waqt uske thoughts bhi include karna.","0.5","0.0","0.0","0.0352","0.2035","**Baad Mein**

Ek chhoti chhoti hawaon mein raste pe, Rani woh dog hain jo shadiyaan karte hain aur baad mein baith gaye. Woh apni chote huzoor mein dhoondhaa, apna dwaar dhoondhaa, aur isse baad mein baad mein baith gayaa. Aaj woh dog bahut zyada jahan se aayaa, woh chote huzoor aur dwaar na miltay hain. Woh chota, chota aur mohabbat mein khatka hai, uski apna baad mein baith gayaa hai.

**Rani** - 3 वर्ष की एक गुप्ताकार गोर्गीया

**Story:**

Rani ek dog hoon jo ek chhoti chhoti hawaon mein raste pe dhoondhaa rehte hoon. Ek din, kuchh baad, mere dil mein ek zindagi ki khirki toh rahti thi. Mere doston ne ek chota chota huzoor ki aadat se roshni do, aur woh ek chota chota aur mohabbat mein khatka hua dog hain. Isse baad mein, aapne woh chote huzoor ke saath baad mein baith gayaa, aur bahut zyada baad mein, woh dwaar dhoondhaa aur aaya.

**Aur woh dwaar dhoondhaa, aur aaya.**

Rani bahut jaldi dwaar dhoondh rahe hain, uska dil jyoti thi, uska koi dwaar na miltaa. Ek din, aapne kuchh baad mein ek dwaar dhoondh liya, woh dwaar chota chota aur jaisa woh chote huzoor tha. Rani dwaar dhoondhna mein jaldi jaldi raste ke saath baith gayaa. Uske dwaar dhoondhne mein zyada baad mein, woh dwaar dhoondhne ka maza laga aur woh dwa"
"6 inches base aur 4 inches height wale triangle ka area calculate karo.","0.3636","0.0","1.0","0.0215","0.3476","Triangle ka formula area ko ye hain:

\[ \text{Area} = \frac{1}{2} \times \text{base} \times \text{height} \]

Dene ke liye, aapne diye huye values ko formula mein put karein:

\[ \text{Area} = \frac{1}{2} \times 6 \, \text{inches} \times 4 \, \text{inches} \]

\[ \text{Area} = \frac{1}{2} \times 24 \, \text{square inches} \]

\[ \text{Area} = 12 \, \text{square inches} \]

Tak conclude karein, 6 inches base aur 4 inches height wale triangle ka area 12 square inches hoga."
"Ek table hai student grades ki jisme StudentID, CourseID, aur Grade columns hain. Ek SQL query likho jisse har course ka average grade mile, aur result nearest integer tak rounded ho.","0.3548","0.0","1.0","0.0605","0.348","Aise ek SQL query likhna hai jisse har course ke average grade mile aur result nearest integer tak rounded ho. Aapki jagah tab me ek example SQL query diya jata hai:

```sql
SELECT 
    CourseID,
    ROUND(AVG(Grade)) AS RoundedAverageGrade
FROM 
    student_grades
GROUP BY 
    CourseID;
```

### Explanation:
- `AVG(Grade)`: This function calculates the average grade for each course.
- `ROUND(AVG(Grade))`: This function rounds the average grade to the nearest integer.
- `GROUP BY CourseID`: This clause groups the results by `CourseID`, so that you get the average grade for each course.

### Assumptions:
- `student_grades` is the name of your table.
- `StudentID`, `CourseID`, and `Grade` are the column names in your table.
- `ROUND()` function is used to round the average grade to the nearest integer. If your SQL dialect doesn't support `ROUND()`, you might need to use a different function like `FLOOR() + 0.5` or similar.

Make sure to adjust the table and column names according to your actual database schema."
"Imagine karo tum ek detective ho jo crime ke peeche ka motive dhoond raha hai. Is statement ko analyze karo aur ek possible motive batao.","0.56","0.0","0.0","0.0488","0.2289","Kyonki aap detective ho, aap ne pehle se hi crime ke peeche ka motive dhoondna ki koshish ki hai. Ab, yeh statement apne detective karan ho sakti hai:

**Statement**: ""Isliye unko kisi ko murder karne ki koshish ki thi, kyunki uski saari nazar se yeh haseen jhoomda aur uski baat karta huaa ek aur zindagi ka aasaani se mili thi.""

**Possible Motive**: 
1. **Jeetna Haseen Jhoomda**: Murder ke baad, usko ek haseen jhoomda ya aur kisi aur kintum zindagi ke aasaani se mila. Yeh ek ektaa aur rukhsat se gharbh ka rupa ho sakti hai, jo detective ko dhoondna ki koshish karta hai.
2. **Khilaaf Koi Aasani Se Zindagi**: Murder se pehle, uska jeevan ek khubsoorat aur asman se baqi thi, lekin koi muktadira ya aasani se zindagi ko dobara milne ki koshish mein haseen jhoomda ke form mein zindagi se koi aasaani aayi thi.

Is statement ke anusaar detective ko ek motive dekhna hota hai - pehle wahaan ek haseen jhoomda tha, lekin uski nazar mein uski baat karta huaa ek aur aasani se zindagi ka aasaani se mila, jisme kisi ko murder karne ke liye koshish ki thi."
"Ek nutritionist ban ke diet improve karne ki advice de, neeche diye gaye meal schedule ke basis pe.","0.3333","0.0","0.0","0.0352","0.1368","Of course! Please provide the meal schedule you've mentioned so I can give you specific advice on how to improve your diet based on it."
"Ek movie critic ki tarah kisi film ka review de. Plot bata aur characters aur quality pe apna opinion de.","0.4","0.0","0.0","0.0391","0.1639","Of course! Let's take a look at the film ""The Shawshank Redemption,"" a widely acclaimed drama that has stood the test of time. I'll provide a review from the perspective of a movie critic, focusing on the plot, characters, and overall quality.

**Title: Redemption in the Shadows of Shawshank**

**Plot:**
""The Shawshank Redemption"" is a film that delves into the life of Andy Dufresne, a banker wrongfully convicted of murdering his wife and her lover. Sentenced to life in Shawshank State Penitentiary, Andy forms a bond with fellow inmate Red, and together they navigate the harsh realities of prison life. The plot is both a tale of survival and a poignant exploration of hope, friendship, and the pursuit of justice. The narrative is meticulously crafted, offering a nuanced view of human resilience and the enduring spirit of freedom.

**Characters:**
1. **Andy Dufresne (Morgan Freeman):** As the protagonist, Andy is a character of great depth and complexity. Morgan Freeman's portrayal is nothing short of exceptional, bringing a quiet strength and wisdom to the role. Andy's dedication to his principles, his strategic mind, and his unwavering hope are the pillars of the film's narrative.
2. **Red (Tim Robbins):** Red serves as the emotional core of the story, offering a contrast to Andy's quiet resolve. Tim Robbins delivers a performance that is both endearing and melancholic, embodying the character's journey from cynicism to acceptance. The relationship between Andy and Red is the heart of the film, highlighting themes of friendship and the human capacity for connection.
3. **Brooks (Bob Gunton):** Brooks, the librarian, is a tragic figure whose story underscores the film's themes of hope and the struggle to adapt to life outside of prison. His character is a stark reminder of the film's exploration of the fragility of the human spirit.
4. **Captain Hadley (Clancy Brown):** Hadley, the corrupt and sadistic prison warden, serves as a foil to Andy's moral integrity. His character adds layers of tension and complexity to the plot, driving the narrative forward and highlighting the corruption within the system.

**Quality:**
The quality of ""The Shawshank Redemption"" is nothing short of exemplary. The direction by Frank Darabont, based on the novella by Stephen King, is masterful. The screenplay is tightly constructed, maintaining a balance between the bleakness of prison"
